"issue_key","severity","status","rule","file","line","message","created_at","clean_code_category","clean_code_attribute"
"AaDp-GwhgRgWWbZFM2Pn","MAJOR","OPEN","go:S107","services/dsh/backend/internal/storage/postgres/catalog.go","977","This function has 8 parameters, which is greater than the 7 authorized.","2026-09-28T17:06:29+0000","ADAPTABLE","FOCUSED"
"AaDp-GSWgRgWWbZFM2Pm","MAJOR","OPEN","go:S107","services/dsh/backend/internal/storage/postgres/catalog_proposals.go","297","This function has 8 parameters, which is greater than the 7 authorized.","2026-09-28T16:12:03+0000","ADAPTABLE","FOCUSED"
"AaDp-JaugRgWWbZFM2Pp","MINOR","OPEN","javascript:S7780","tools/dev/runtime-proof/trusted-executables.mjs","7","`String.raw` should be used to avoid escaping `\`.","2026-09-28T16:12:03+0000","INTENTIONAL","CLEAR"
"AaDp-JaugRgWWbZFM2Pq","MINOR","OPEN","javascript:S7780","tools/dev/runtime-proof/trusted-executables.mjs","8","`String.raw` should be used to avoid escaping `\`.","2026-09-28T16:12:03+0000","INTENTIONAL","CLEAR"
"AaDp-JaugRgWWbZFM2Pr","MINOR","OPEN","javascript:S7780","tools/dev/runtime-proof/trusted-executables.mjs","11","`String.raw` should be used to avoid escaping `\`.","2026-09-28T16:12:03+0000","INTENTIONAL","CLEAR"
"AaDp-JaugRgWWbZFM2Ps","MINOR","OPEN","javascript:S7780","tools/dev/runtime-proof/trusted-executables.mjs","12","`String.raw` should be used to avoid escaping `\`.","2026-09-28T16:12:03+0000","INTENTIONAL","CLEAR"
"AaDp-JbhgRgWWbZFM2Pt","MAJOR","OPEN","javascript:S4043","tools/dev/runtime-proof/resolve.mjs","102","Move this array ""sort"" operation to a separate statement or replace it with ""toSorted"".","2026-09-28T15:05:25+0000","INTENTIONAL","CLEAR"
"AaDobw_3XR70GwIMNYI3","MAJOR","OPEN","typescript:S2681","apps/control-panel/src/features/access/operator-profile-panel.tsx","46","This statement will not be executed conditionally; only the first statement will be. The rest will execute unconditionally.","2026-09-28T11:40:21+0000","CONSISTENT","FORMATTED"
"AaDobxdmXR70GwIMNYJ-","CRITICAL","OPEN","typescript:S3776","apps/control-panel/src/features/captain/captain-candidate-panel.tsx","75","Refactor this function to reduce its Cognitive Complexity from 17 to the 15 allowed.","2026-09-28T11:40:21+0000","ADAPTABLE","FOCUSED"
"AaDobxdmXR70GwIMNYJ_","MAJOR","OPEN","typescript:S3358","apps/control-panel/src/features/captain/captain-candidate-panel.tsx","88","Extract this nested ternary operation into an independent statement.","2026-09-28T11:40:21+0000","INTENTIONAL","CLEAR"
"AaDobxfQXR70GwIMNYKL","MAJOR","OPEN","typescript:S3358","apps/control-panel/src/features/field/field-admission-panel.tsx","162","Extract this nested ternary operation into an independent statement.","2026-09-28T11:40:21+0000","INTENTIONAL","CLEAR"
"AaDobxfpXR70GwIMNYKO","CRITICAL","OPEN","typescript:S3776","apps/control-panel/src/features/field/field-candidate-panel.tsx","75","Refactor this function to reduce its Cognitive Complexity from 17 to the 15 allowed.","2026-09-28T11:40:21+0000","ADAPTABLE","FOCUSED"
"AaDobxfpXR70GwIMNYKP","MAJOR","OPEN","typescript:S3358","apps/control-panel/src/features/field/field-candidate-panel.tsx","88","Extract this nested ternary operation into an independent statement.","2026-09-28T11:40:21+0000","INTENTIONAL","CLEAR"
"AaDobvPqXR70GwIMNYHm","MAJOR","OPEN","go:S107","services/dsh/backend/internal/storage/postgres/captain.go","292","This function has 8 parameters, which is greater than the 7 authorized.","2026-09-28T11:40:21+0000","ADAPTABLE","FOCUSED"
"AaDobvLAXR70GwIMNYHf","MAJOR","OPEN","go:S107","services/dsh/backend/internal/storage/postgres/field.go","154","This function has 8 parameters, which is greater than the 7 authorized.","2026-09-28T11:40:21+0000","ADAPTABLE","FOCUSED"
"AaDobu72XR70GwIMNYHO","CRITICAL","OPEN","go:S3776","services/dsh/backend/internal/storage/postgres/order_conversation_integration_test.go","17","Refactor this method to reduce its Cognitive Complexity from 29 to the 15 allowed.","2026-09-28T11:40:21+0000","ADAPTABLE","FOCUSED"
"AaDobyUxXR70GwIMNYLx","CRITICAL","OPEN","javascript:S3776","tools/dev/runtime-proof/resolve.mjs","65","Refactor this function to reduce its Cognitive Complexity from 23 to the 15 allowed.","2026-09-28T11:40:21+0000","ADAPTABLE","FOCUSED"
"AaDobyHRXR70GwIMNYLd","CRITICAL","OPEN","typescript:S3776","apps/app-captain/src/features/captain-operations/order-conversation.tsx","38","Refactor this function to reduce its Cognitive Complexity from 20 to the 15 allowed.","2026-09-28T11:21:22+0000","ADAPTABLE","FOCUSED"
"AaDobyHRXR70GwIMNYLe","MINOR","OPEN","typescript:S7718","apps/app-captain/src/features/captain-operations/order-conversation.tsx","40","The catch parameter `cleanupCause` should be named `error_`.","2026-09-28T11:21:22+0000","CONSISTENT","CONVENTIONAL"
"AaDobxufXR70GwIMNYKk","CRITICAL","OPEN","typescript:S3776","apps/app-client/src/features/orders/order-conversation.tsx","58","Refactor this function to reduce its Cognitive Complexity from 20 to the 15 allowed.","2026-09-28T11:21:22+0000","ADAPTABLE","FOCUSED"
"AaDobxufXR70GwIMNYKl","MINOR","OPEN","typescript:S7718","apps/app-client/src/features/orders/order-conversation.tsx","68","The catch parameter `cleanupCause` should be named `error_`.","2026-09-28T11:21:22+0000","CONSISTENT","CONVENTIONAL"
"AaDobxqmXR70GwIMNYKb","MAJOR","OPEN","typescript:S3358","apps/app-client/src/features/store-discovery/store-discovery.tsx","191","Extract this nested ternary operation into an independent statement.","2026-09-28T11:21:22+0000","INTENTIONAL","CLEAR"
"AaDobx9XXR70GwIMNYLA","CRITICAL","OPEN","typescript:S3776","apps/app-partner/src/features/order-management/order-conversation.tsx","38","Refactor this function to reduce its Cognitive Complexity from 20 to the 15 allowed.","2026-09-28T11:21:22+0000","ADAPTABLE","FOCUSED"
"AaDobx9XXR70GwIMNYLB","MINOR","OPEN","typescript:S7718","apps/app-partner/src/features/order-management/order-conversation.tsx","40","The catch parameter `cleanupCause` should be named `error_`.","2026-09-28T11:21:22+0000","CONSISTENT","CONVENTIONAL"
"AaDobxdmXR70GwIMNYJ8","MAJOR","OPEN","typescript:S2681","apps/control-panel/src/features/captain/captain-candidate-panel.tsx","36","This statement will not be executed conditionally; only the first statement will be. The rest will execute unconditionally.","2026-09-28T11:21:22+0000","CONSISTENT","FORMATTED"
"AaDobxfpXR70GwIMNYKM","MAJOR","OPEN","typescript:S2681","apps/control-panel/src/features/field/field-candidate-panel.tsx","36","This statement will not be executed conditionally; only the first statement will be. The rest will execute unconditionally.","2026-09-28T11:21:22+0000","CONSISTENT","FORMATTED"
"AaDobvmFXR70GwIMNYH1","CRITICAL","OPEN","go:S3776","services/dsh/backend/internal/joiningcase/store_profile_media.go","21","Refactor this method to reduce its Cognitive Complexity from 28 to the 15 allowed.","2026-09-28T11:21:22+0000","ADAPTABLE","FOCUSED"
"AaDobyh0XR70GwIMNYMu","MAJOR","OPEN","javascript:S4165","tools/dev/run-ci-runtime-proof.mjs","134","Review this redundant assignment: ""checkerFixtureCleanupFailed"" already holds the assigned value along all execution paths.","2026-09-28T01:58:52+0000","INTENTIONAL","CLEAR"
"AaDobyh0XR70GwIMNYMv","MAJOR","OPEN","javascript:S4165","tools/dev/run-ci-runtime-proof.mjs","134","Review this redundant assignment: ""checkerFixtureCleanupFailed"" already holds the assigned value along all execution paths.","2026-09-28T01:58:52+0000","INTENTIONAL","CLEAR"
"AaDobySwXR70GwIMNYLp","CRITICAL","OPEN","javascript:S3776","tools/dev/ci-failure-diagnostics.mjs","80","Refactor this function to reduce its Cognitive Complexity from 25 to the 15 allowed.","2026-09-28T01:23:06+0000","ADAPTABLE","FOCUSED"
"AaDobySwXR70GwIMNYLq","MINOR","OPEN","javascript:S6594","tools/dev/ci-failure-diagnostics.mjs","90","Use the ""RegExp.exec()"" method instead.","2026-09-28T01:23:06+0000","INTENTIONAL","EFFICIENT"
"AaDobySwXR70GwIMNYLv","MAJOR","OPEN","javascript:S3358","tools/dev/ci-failure-diagnostics.mjs","250","Extract this nested ternary operation into an independent statement.","2026-09-28T01:23:06+0000","INTENTIONAL","CLEAR"
"AaDobySwXR70GwIMNYLn","MAJOR","OPEN","javascript:S3358","tools/dev/ci-failure-diagnostics.mjs","59","Extract this nested ternary operation into an independent statement.","2026-09-28T01:11:49+0000","INTENTIONAL","CLEAR"
"AaDobySwXR70GwIMNYLo","MAJOR","OPEN","javascript:S4624","tools/dev/ci-failure-diagnostics.mjs","59","Refactor this code to not use nested template literals.","2026-09-28T01:11:49+0000","INTENTIONAL","CLEAR"
"AaDobySwXR70GwIMNYLu","MAJOR","OPEN","javascript:S4624","tools/dev/ci-failure-diagnostics.mjs","167","Refactor this code to not use nested template literals.","2026-09-28T01:11:49+0000","INTENTIONAL","CLEAR"
"AaDobySwXR70GwIMNYLl","MINOR","OPEN","javascript:S7780","tools/dev/ci-failure-diagnostics.mjs","5","`String.raw` should be used to avoid escaping `\`.","2026-09-28T00:45:14+0000","INTENTIONAL","CLEAR"
"AaDobySwXR70GwIMNYLr","MINOR","OPEN","javascript:S6594","tools/dev/ci-failure-diagnostics.mjs","96","Use the ""RegExp.exec()"" method instead.","2026-09-28T00:45:14+0000","INTENTIONAL","EFFICIENT"
"AaDobySwXR70GwIMNYLs","MINOR","OPEN","javascript:S6594","tools/dev/ci-failure-diagnostics.mjs","102","Use the ""RegExp.exec()"" method instead.","2026-09-28T00:45:14+0000","INTENTIONAL","EFFICIENT"
"AaDobySwXR70GwIMNYLt","MINOR","OPEN","javascript:S6594","tools/dev/ci-failure-diagnostics.mjs","115","Use the ""RegExp.exec()"" method instead.","2026-09-28T00:45:14+0000","INTENTIONAL","EFFICIENT"
"AaDobyjvXR70GwIMNYMx","MINOR","OPEN","javascript:S6353","tools/dev/enforce-ci-batch.mjs","2","Use concise character class syntax '\W' instead of '[^A-Za-z0-9_]'.","2026-09-28T00:45:14+0000","INTENTIONAL","CLEAR"
"AaDobvhfXR70GwIMNYHx","MINOR","OPEN","godre:S8193","services/dsh/backend/internal/transport/http/catalog_update_boundary_test.go","23","Remove this unnecessary variable declaration and use the expression directly in the condition.","2026-09-28T00:20:55+0000","INTENTIONAL","CLEAR"
"AaDobvhfXR70GwIMNYHy","MINOR","OPEN","godre:S8193","services/dsh/backend/internal/transport/http/catalog_update_boundary_test.go","26","Remove this unnecessary variable declaration and use the expression directly in the condition.","2026-09-28T00:20:55+0000","INTENTIONAL","CLEAR"
"AaDobySSXR70GwIMNYLj","MAJOR","OPEN","powershelldre:S8677","tools/dev/verify-local-candidate.ps1","34","Either prefix Resolve-VerificationBase with 'Show-' or replace 'Write-Host' with a pipeline-compatible cmdlet such as 'Write-Output'.","2026-09-27T23:17:49+0000","CONSISTENT","CONVENTIONAL"
"AaDobySSXR70GwIMNYLk","MAJOR","OPEN","powershelldre:S8677","tools/dev/verify-local-candidate.ps1","42","Either prefix Resolve-VerificationBase with 'Show-' or replace 'Write-Host' with a pipeline-compatible cmdlet such as 'Write-Output'.","2026-09-27T23:17:49+0000","CONSISTENT","CONVENTIONAL"
"AaDobyUxXR70GwIMNYLw","MINOR","OPEN","javascript:S7765","tools/dev/runtime-proof/resolve.mjs","57","Use `.includes()` instead of `.some()` when checking value existence.","2026-09-27T20:00:05+0000","INTENTIONAL","CLEAR"
"AaDobyUxXR70GwIMNYL1","MAJOR","OPEN","javascript:S3358","tools/dev/runtime-proof/resolve.mjs","168","Extract this nested ternary operation into an independent statement.","2026-09-27T20:00:05+0000","INTENTIONAL","CLEAR"
"AaDobyXiXR70GwIMNYL4","MAJOR","OPEN","javascript:S3782","tools/dev/execution-proof-system.mjs","19","Verify that argument is of correct type: expected 'string' instead of 'string | undefined'.","2026-09-27T19:57:33+0000","INTENTIONAL","LOGICAL"
"AaDobxWxXR70GwIMNYJc","CRITICAL","OPEN","typescript:S3776","apps/control-panel/src/features/central-catalog/catalog-category-registry.tsx","26","Refactor this function to reduce its Cognitive Complexity from 91 to the 15 allowed.","2026-09-27T19:38:56+0000","ADAPTABLE","FOCUSED"
"AaDobxWxXR70GwIMNYJl","MAJOR","OPEN","typescript:S6819","apps/control-panel/src/features/central-catalog/catalog-category-registry.tsx","348","Use <output> instead of the ""status"" role to ensure accessibility across all devices.","2026-09-27T19:38:56+0000","CONSISTENT","CONVENTIONAL"
"AaDobxwJXR70GwIMNYKn","CRITICAL","OPEN","typescript:S3776","apps/app-client/src/features/wallet/cash-in-panel.tsx","56","Refactor this function to reduce its Cognitive Complexity from 43 to the 15 allowed.","2026-09-27T18:26:24+0000","ADAPTABLE","FOCUSED"
"AaDobxwJXR70GwIMNYKp","MAJOR","OPEN","typescript:S3358","apps/app-client/src/features/wallet/cash-in-panel.tsx","186","Extract this nested ternary operation into an independent statement.","2026-09-27T18:26:24+0000","INTENTIONAL","CLEAR"
"AaDobu5BXR70GwIMNYHJ","CRITICAL","OPEN","go:S3776","services/dsh/backend/internal/storage/postgres/multi_store_checkout_integration_test.go","16","Refactor this method to reduce its Cognitive Complexity from 36 to the 15 allowed.","2026-09-27T17:35:43+0000","ADAPTABLE","FOCUSED"
"AaDobxcJXR70GwIMNYJt","CRITICAL","OPEN","typescript:S3776","apps/control-panel/src/features/marketing/marketing-workspace.tsx","322","Refactor this function to reduce its Cognitive Complexity from 25 to the 15 allowed.","2026-09-27T17:18:38+0000","ADAPTABLE","FOCUSED"
"AaDobxcJXR70GwIMNYJu","MAJOR","OPEN","typescript:S6819","apps/control-panel/src/features/marketing/marketing-workspace.tsx","403","Use <output> instead of the ""status"" role to ensure accessibility across all devices.","2026-09-27T17:18:38+0000","CONSISTENT","CONVENTIONAL"
"AaDobxcJXR70GwIMNYJv","MAJOR","OPEN","typescript:S6819","apps/control-panel/src/features/marketing/marketing-workspace.tsx","753","Use <output> instead of the ""status"" role to ensure accessibility across all devices.","2026-09-27T17:18:38+0000","CONSISTENT","CONVENTIONAL"
"AaDobxcJXR70GwIMNYJw","MAJOR","OPEN","typescript:S3358","apps/control-panel/src/features/marketing/marketing-workspace.tsx","753","Extract this nested ternary operation into an independent statement.","2026-09-27T17:18:38+0000","INTENTIONAL","CLEAR"
"AaDobxcJXR70GwIMNYJx","MAJOR","OPEN","typescript:S3358","apps/control-panel/src/features/marketing/marketing-workspace.tsx","766","Extract this nested ternary operation into an independent statement.","2026-09-27T17:18:38+0000","INTENTIONAL","CLEAR"
"AaDobxcJXR70GwIMNYJy","MAJOR","OPEN","typescript:S3358","apps/control-panel/src/features/marketing/marketing-workspace.tsx","766","Extract this nested ternary operation into an independent statement.","2026-09-27T17:18:38+0000","INTENTIONAL","CLEAR"
"AaDobygsXR70GwIMNYMq","MAJOR","OPEN","javascript:S3358","tools/dev/report-ci-performance.mjs","34","Extract this nested ternary operation into an independent statement.","2026-09-27T17:03:12+0000","INTENTIONAL","CLEAR"
"AaDobygsXR70GwIMNYMr","MAJOR","OPEN","javascript:S3358","tools/dev/report-ci-performance.mjs","35","Extract this nested ternary operation into an independent statement.","2026-09-27T17:03:12+0000","INTENTIONAL","CLEAR"
"AaDobygsXR70GwIMNYMs","MINOR","OPEN","javascript:S7778","tools/dev/report-ci-performance.mjs","50","Do not call `Array#push()` multiple times.","2026-09-27T17:03:12+0000","INTENTIONAL","CLEAR"
"AaDobyYoXR70GwIMNYL8","MAJOR","OPEN","javascript:S3358","tools/dev/verify-workspace-dependencies.mjs","116","Extract this nested ternary operation into an independent statement.","2026-09-27T16:15:02+0000","INTENTIONAL","CLEAR"
"AaDobyYoXR70GwIMNYL9","MAJOR","OPEN","javascript:S3358","tools/dev/verify-workspace-dependencies.mjs","117","Extract this nested ternary operation into an independent statement.","2026-09-27T16:15:02+0000","INTENTIONAL","CLEAR"
"AaDobyYoXR70GwIMNYL-","CRITICAL","OPEN","javascript:S3776","tools/dev/verify-workspace-dependencies.mjs","169","Refactor this function to reduce its Cognitive Complexity from 18 to the 15 allowed.","2026-09-27T16:15:02+0000","ADAPTABLE","FOCUSED"
"AaDobu4oXR70GwIMNYHH","CRITICAL","OPEN","go:S3776","services/dsh/backend/internal/storage/postgres/marketing_integration_test.go","161","Refactor this method to reduce its Cognitive Complexity from 40 to the 15 allowed.","2026-09-27T16:02:13+0000","ADAPTABLE","FOCUSED"
"AaDobxppXR70GwIMNYKa","MINOR","OPEN","typescript:S6759","apps/app-client/src/features/store-discovery/promotion-card.tsx","7","Mark the props of the component as read-only.","2026-09-27T16:02:12+0000","CONSISTENT","CONVENTIONAL"
"AaDobxqmXR70GwIMNYKi","MINOR","OPEN","typescript:S6759","apps/app-client/src/features/store-discovery/store-discovery.tsx","635","Mark the props of the component as read-only.","2026-09-27T16:02:12+0000","CONSISTENT","CONVENTIONAL"
"AaDobu4oXR70GwIMNYHF","CRITICAL","OPEN","go:S3776","services/dsh/backend/internal/storage/postgres/marketing_integration_test.go","16","Refactor this method to reduce its Cognitive Complexity from 20 to the 15 allowed.","2026-09-27T16:02:12+0000","ADAPTABLE","FOCUSED"
"AaDobu4oXR70GwIMNYHG","MAJOR","OPEN","go:S107","services/dsh/backend/internal/storage/postgres/marketing_integration_test.go","146","This function has 8 parameters, which is greater than the 7 authorized.","2026-09-27T16:02:12+0000","ADAPTABLE","FOCUSED"
"AaDobyHRXR70GwIMNYLc","CRITICAL","OPEN","typescript:S3776","apps/app-captain/src/features/captain-operations/order-conversation.tsx","13","Refactor this function to reduce its Cognitive Complexity from 17 to the 15 allowed.","2026-09-27T16:02:11+0000","ADAPTABLE","FOCUSED"
"AaDobyHRXR70GwIMNYLf","MAJOR","OPEN","typescript:S3358","apps/app-captain/src/features/captain-operations/order-conversation.tsx","86","Extract this nested ternary operation into an independent statement.","2026-09-27T16:02:11+0000","INTENTIONAL","CLEAR"
"AaDobxufXR70GwIMNYKj","CRITICAL","OPEN","typescript:S3776","apps/app-client/src/features/orders/order-conversation.tsx","22","Refactor this function to reduce its Cognitive Complexity from 17 to the 15 allowed.","2026-09-27T16:02:11+0000","ADAPTABLE","FOCUSED"
"AaDobxufXR70GwIMNYKm","MAJOR","OPEN","typescript:S3358","apps/app-client/src/features/orders/order-conversation.tsx","153","Extract this nested ternary operation into an independent statement.","2026-09-27T16:02:11+0000","INTENTIONAL","CLEAR"
"AaDobx9XXR70GwIMNYK_","CRITICAL","OPEN","typescript:S3776","apps/app-partner/src/features/order-management/order-conversation.tsx","13","Refactor this function to reduce its Cognitive Complexity from 17 to the 15 allowed.","2026-09-27T16:02:11+0000","ADAPTABLE","FOCUSED"
"AaDobx9XXR70GwIMNYLC","MAJOR","OPEN","typescript:S3358","apps/app-partner/src/features/order-management/order-conversation.tsx","86","Extract this nested ternary operation into an independent statement.","2026-09-27T16:02:11+0000","INTENTIONAL","CLEAR"
"AaDobwXvXR70GwIMNYIW","CRITICAL","OPEN","go:S1192","services/wlt/backend/internal/storage/postgres/captain_wallet.go","83","Define a constant instead of duplicating this literal ""SELECT pg_advisory_xact_lock(hashtextextended($1,0))"" 3 times.","2026-09-27T16:02:09+0000","ADAPTABLE","DISTINCT"
"AaDobwWLXR70GwIMNYIV","CRITICAL","OPEN","go:S3776","services/wlt/backend/internal/storage/postgres/cash_in_funding.go","162","Refactor this method to reduce its Cognitive Complexity from 17 to the 15 allowed.","2026-09-27T16:02:09+0000","ADAPTABLE","FOCUSED"
"AaDobwSbXR70GwIMNYIS","CRITICAL","OPEN","go:S3776","services/wlt/backend/internal/storage/postgres/payout_settlement.go","874","Refactor this method to reduce its Cognitive Complexity from 18 to the 15 allowed.","2026-09-27T16:02:09+0000","ADAPTABLE","FOCUSED"
"AaDobyGZXR70GwIMNYLX","MINOR","OPEN","typescript:S6353","apps/app-captain/src/features/captain-operations/captain-deliveries.tsx","38","Use concise character class syntax '\d' instead of '[0-9]'.","2026-09-27T16:02:08+0000","INTENTIONAL","CLEAR"
"AaDobyGZXR70GwIMNYLY","CRITICAL","OPEN","typescript:S3776","apps/app-captain/src/features/captain-operations/captain-deliveries.tsx","50","Refactor this function to reduce its Cognitive Complexity from 21 to the 15 allowed.","2026-09-27T16:02:08+0000","ADAPTABLE","FOCUSED"
"AaDobyGZXR70GwIMNYLZ","MINOR","OPEN","typescript:S6582","apps/app-captain/src/features/captain-operations/captain-deliveries.tsx","253","Prefer using an optional chain expression instead, as it's more concise and easier to read.","2026-09-27T16:02:08+0000","INTENTIONAL","CLEAR"
"AaDobyGZXR70GwIMNYLa","MAJOR","OPEN","typescript:S3358","apps/app-captain/src/features/captain-operations/captain-deliveries.tsx","363","Extract this nested ternary operation into an independent statement.","2026-09-27T16:02:08+0000","INTENTIONAL","CLEAR"
"AaDobyGZXR70GwIMNYLb","MAJOR","OPEN","typescript:S3358","apps/app-captain/src/features/captain-operations/captain-deliveries.tsx","363","Extract this nested ternary operation into an independent statement.","2026-09-27T16:02:08+0000","INTENTIONAL","CLEAR"
"AaDobx8iXR70GwIMNYK-","MAJOR","OPEN","typescript:S3358","apps/app-partner/src/features/order-management/order-management.tsx","208","Extract this nested ternary operation into an independent statement.","2026-09-27T16:02:08+0000","INTENTIONAL","CLEAR"
"AaDobx8iXR70GwIMNYK9","MAJOR","OPEN","typescript:S3358","apps/app-partner/src/features/order-management/order-management.tsx","208","Extract this nested ternary operation into an independent statement.","2026-09-27T16:02:08+0000","INTENTIONAL","CLEAR"
"AaDobvrTXR70GwIMNYH4","CRITICAL","OPEN","go:S3776","services/dsh/backend/internal/cart/service.go","231","Refactor this method to reduce its Cognitive Complexity from 22 to the 15 allowed.","2026-09-27T16:02:08+0000","ADAPTABLE","FOCUSED"
"AaDobvrTXR70GwIMNYH5","MAJOR","OPEN","go:S107","services/dsh/backend/internal/cart/service.go","231","This function has 11 parameters, which is greater than the 7 authorized.","2026-09-27T16:02:08+0000","ADAPTABLE","FOCUSED"
"AaDobvu0XR70GwIMNYH7","CRITICAL","OPEN","go:S3776","services/dsh/backend/internal/financialhandoff/service.go","45","Refactor this method to reduce its Cognitive Complexity from 29 to the 15 allowed.","2026-09-27T16:02:08+0000","ADAPTABLE","FOCUSED"
"AaDobvtsXR70GwIMNYH6","CRITICAL","OPEN","go:S3776","services/dsh/backend/internal/integrations/wlt/client.go","915","Refactor this method to reduce its Cognitive Complexity from 19 to the 15 allowed.","2026-09-27T16:02:08+0000","ADAPTABLE","FOCUSED"
"AaDobu1wXR70GwIMNYHB","CRITICAL","OPEN","go:S3776","services/dsh/backend/internal/storage/postgres/captain_completion_replay_test.go","16","Refactor this method to reduce its Cognitive Complexity from 18 to the 15 allowed.","2026-09-27T16:02:08+0000","ADAPTABLE","FOCUSED"
"AaDobu3ZXR70GwIMNYHD","CRITICAL","OPEN","go:S3776","services/dsh/backend/internal/storage/postgres/migrate_test.go","42","Refactor this method to reduce its Cognitive Complexity from 48 to the 15 allowed.","2026-09-27T16:02:08+0000","ADAPTABLE","FOCUSED"
"AaDobvMnXR70GwIMNYHi","MINOR","OPEN","godre:S8193","services/dsh/backend/internal/storage/postgres/order_recovery_test.go","104","Remove this unnecessary variable declaration and use the expression directly in the condition.","2026-09-27T16:02:08+0000","INTENTIONAL","CLEAR"
"AaDobvMnXR70GwIMNYHj","MINOR","OPEN","godre:S8193","services/dsh/backend/internal/storage/postgres/order_recovery_test.go","108","Remove this unnecessary variable declaration and use the expression directly in the condition.","2026-09-27T16:02:08+0000","INTENTIONAL","CLEAR"
"AaDobwWLXR70GwIMNYIU","CRITICAL","OPEN","go:S1192","services/wlt/backend/internal/storage/postgres/cash_in_funding.go","113","Define a constant instead of duplicating this literal ""SELECT pg_advisory_xact_lock(hashtextextended($1,0))"" 3 times.","2026-09-27T16:02:08+0000","ADAPTABLE","DISTINCT"
"AaDobwZSXR70GwIMNYIX","CRITICAL","OPEN","go:S3776","services/wlt/backend/internal/storage/postgres/partner_store_cash_commission.go","79","Refactor this method to reduce its Cognitive Complexity from 21 to the 15 allowed.","2026-09-27T16:02:08+0000","ADAPTABLE","FOCUSED"
"AaDobwUvXR70GwIMNYIT","CRITICAL","OPEN","go:S3776","services/wlt/backend/internal/storage/postgres/payment.go","250","Refactor this method to reduce its Cognitive Complexity from 19 to the 15 allowed.","2026-09-27T16:02:08+0000","ADAPTABLE","FOCUSED"
"AaDobyBSXR70GwIMNYLF","CRITICAL","OPEN","typescript:S3776","apps/app-field/src/features/field-operations/field-new-case.tsx","90","Refactor this function to reduce its Cognitive Complexity from 25 to the 15 allowed.","2026-09-27T16:02:00+0000","ADAPTABLE","FOCUSED"
"AaDobyBSXR70GwIMNYLG","MAJOR","OPEN","typescript:S3358","apps/app-field/src/features/field-operations/field-new-case.tsx","140","Extract this nested ternary operation into an independent statement.","2026-09-27T16:01:58+0000","INTENTIONAL","CLEAR"
"AaDobyBSXR70GwIMNYLH","MAJOR","OPEN","typescript:S3358","apps/app-field/src/features/field-operations/field-new-case.tsx","142","Extract this nested ternary operation into an independent statement.","2026-09-27T16:01:58+0000","INTENTIONAL","CLEAR"
"AaDobxCzXR70GwIMNYJC","MAJOR","OPEN","typescript:S6819","apps/control-panel/src/features/partner-onboarding/joining-case-create.tsx","207","Use <output> instead of the ""status"" role to ensure accessibility across all devices.","2026-09-27T16:01:53+0000","CONSISTENT","CONVENTIONAL"
"AaDobxCzXR70GwIMNYJD","MAJOR","OPEN","typescript:S6819","apps/control-panel/src/features/partner-onboarding/joining-case-create.tsx","208","Use <output> instead of the ""status"" role to ensure accessibility across all devices.","2026-09-27T16:01:53+0000","CONSISTENT","CONVENTIONAL"
"AaDobxCzXR70GwIMNYJE","MAJOR","OPEN","typescript:S3358","apps/control-panel/src/features/partner-onboarding/joining-case-create.tsx","224","Extract this nested ternary operation into an independent statement.","2026-09-27T16:01:53+0000","INTENTIONAL","CLEAR"
"AaDobx6SXR70GwIMNYKz","MINOR","OPEN","typescript:S6759","apps/app-partner/src/features/store-offer/store-offer.tsx","22","Mark the props of the component as read-only.","2026-09-27T16:01:50+0000","CONSISTENT","CONVENTIONAL"
"AaDobx6SXR70GwIMNYK4","MINOR","OPEN","typescript:S6582","apps/app-partner/src/features/store-offer/store-offer.tsx","447","Prefer using an optional chain expression instead, as it's more concise and easier to read.","2026-09-27T16:01:50+0000","INTENTIONAL","CLEAR"
"AaDobxWxXR70GwIMNYJm","MAJOR","OPEN","typescript:S3358","apps/control-panel/src/features/central-catalog/catalog-category-registry.tsx","351","Extract this nested ternary operation into an independent statement.","2026-09-27T16:01:50+0000","INTENTIONAL","CLEAR"
"AaDobxX0XR70GwIMNYJo","MINOR","OPEN","typescript:S6759","apps/control-panel/src/features/central-catalog/catalog-media-provenance-fields.tsx","14","Mark the props of the component as read-only.","2026-09-27T16:01:50+0000","CONSISTENT","CONVENTIONAL"
"AaDobxUcXR70GwIMNYJQ","MINOR","OPEN","typescript:S1128","apps/control-panel/src/features/central-catalog/central-catalog.tsx","3","Remove this unused import of 'CatalogAttributeValue'.","2026-09-27T16:01:50+0000","INTENTIONAL","CLEAR"
"AaDobu9oXR70GwIMNYHQ","MAJOR","OPEN","go:S107","services/dsh/backend/internal/storage/postgres/catalog_category_media.go","30","This function has 8 parameters, which is greater than the 7 authorized.","2026-09-27T16:01:50+0000","ADAPTABLE","FOCUSED"
"AaDobvGXXR70GwIMNYHZ","CRITICAL","OPEN","go:S3776","services/dsh/backend/internal/storage/postgres/marketing.go","422","Refactor this method to reduce its Cognitive Complexity from 16 to the 15 allowed.","2026-09-27T16:01:50+0000","ADAPTABLE","FOCUSED"
"AaDobvGXXR70GwIMNYHY","CRITICAL","OPEN","go:S1192","services/dsh/backend/internal/storage/postgres/marketing.go","452","Define a constant instead of duplicating this literal "" FROM dsh.discovery_content content WHERE id=$1"" 5 times.","2026-09-27T16:01:50+0000","ADAPTABLE","DISTINCT"
"AaDobwFYXR70GwIMNYIQ","MAJOR","OPEN","typescript:S107","services/dsh/clients/mobile.ts","299","Async method 'uploadStoreProductMedia' has too many parameters (8). Maximum allowed is 7.","2026-09-27T16:01:50+0000","ADAPTABLE","FOCUSED"
"AaDobwuGXR70GwIMNYIi","MINOR","OPEN","typescript:S1128","apps/control-panel/app/api/catalog/products/[productId]/route.ts","4","Remove this unused import of 'ReplaceCatalogProductMediaRequest'.","2026-09-27T16:01:38+0000","INTENTIONAL","CLEAR"
"AaDobyCNXR70GwIMNYLL","CRITICAL","OPEN","typescript:S3776","apps/app-field/src/features/field-operations/field-cases.tsx","239","Refactor this function to reduce its Cognitive Complexity from 38 to the 15 allowed.","2026-09-27T16:01:31+0000","ADAPTABLE","FOCUSED"
"AaDobx32XR70GwIMNYKx","MINOR","OPEN","typescript:S6759","apps/app-partner/src/features/partner-onboarding/store-profile-image-editor.tsx","13","Mark the props of the component as read-only.","2026-09-27T16:01:31+0000","CONSISTENT","CONVENTIONAL"
"AaDobx32XR70GwIMNYKy","MINOR","OPEN","typescript:S1874","apps/app-partner/src/features/partner-onboarding/store-profile-image-editor.tsx","27","'MediaTypeOptions' is deprecated.","2026-09-27T16:01:31+0000","CONSISTENT","CONVENTIONAL"
"AaDobvmFXR70GwIMNYH2","MAJOR","OPEN","go:S107","services/dsh/backend/internal/joiningcase/store_profile_media.go","21","This function has 9 parameters, which is greater than the 7 authorized.","2026-09-27T16:01:31+0000","ADAPTABLE","FOCUSED"
"AaDobvDmXR70GwIMNYHV","CRITICAL","OPEN","go:S3776","services/dsh/backend/internal/storage/postgres/public_store_discovery.go","55","Refactor this method to reduce its Cognitive Complexity from 45 to the 15 allowed.","2026-09-27T16:01:31+0000","ADAPTABLE","FOCUSED"
"AaDobvIoXR70GwIMNYHa","MINOR","OPEN","godre:S8193","services/dsh/backend/internal/storage/postgres/store_profile_media_rules_test.go","36","Remove this unnecessary variable declaration and use the expression directly in the condition.","2026-09-27T16:01:31+0000","INTENTIONAL","CLEAR"
"AaDobvIoXR70GwIMNYHb","MINOR","OPEN","godre:S8193","services/dsh/backend/internal/storage/postgres/store_profile_media_rules_test.go","41","Remove this unnecessary variable declaration and use the expression directly in the condition.","2026-09-27T16:01:31+0000","INTENTIONAL","CLEAR"
"AaDobvB8XR70GwIMNYHT","CRITICAL","OPEN","go:S3776","services/dsh/backend/internal/storage/postgres/store_profile_media_test.go","15","Refactor this method to reduce its Cognitive Complexity from 87 to the 15 allowed.","2026-09-27T16:01:31+0000","ADAPTABLE","FOCUSED"
"AaDobwFYXR70GwIMNYIN","MINOR","OPEN","typescript:S3863","services/dsh/clients/mobile.ts","2","'./generated/dsh-types' imported multiple times.","2026-09-27T16:01:31+0000","CONSISTENT","CONVENTIONAL"
"AaDobwsWXR70GwIMNYIZ","MAJOR","OPEN","typescript:S3358","apps/control-panel/app/api/captains/route.ts","46","Extract this nested ternary operation into an independent statement.","2026-09-27T16:01:20+0000","INTENTIONAL","CLEAR"
"AaDobwsWXR70GwIMNYIa","MINOR","OPEN","typescript:S7773","apps/control-panel/app/api/captains/route.ts","46","Prefer `Number.NaN` over `NaN`.","2026-09-27T16:01:20+0000","CONSISTENT","CONVENTIONAL"
"AaDobwsWXR70GwIMNYIb","MAJOR","OPEN","typescript:S3358","apps/control-panel/app/api/captains/route.ts","47","Extract this nested ternary operation into an independent statement.","2026-09-27T16:01:20+0000","INTENTIONAL","CLEAR"
"AaDobwsWXR70GwIMNYIc","MINOR","OPEN","typescript:S7773","apps/control-panel/app/api/captains/route.ts","47","Prefer `Number.NaN` over `NaN`.","2026-09-27T16:01:20+0000","CONSISTENT","CONVENTIONAL"
"AaDobwsWXR70GwIMNYId","MAJOR","OPEN","typescript:S3358","apps/control-panel/app/api/captains/route.ts","48","Extract this nested ternary operation into an independent statement.","2026-09-27T16:01:20+0000","INTENTIONAL","CLEAR"
"AaDobwsWXR70GwIMNYIe","MINOR","OPEN","typescript:S7773","apps/control-panel/app/api/captains/route.ts","48","Prefer `Number.NaN` over `NaN`.","2026-09-27T16:01:20+0000","CONSISTENT","CONVENTIONAL"
"AaDobw1OXR70GwIMNYIk","CRITICAL","OPEN","typescript:S3776","apps/control-panel/app/api/partners/roster/route.ts","38","Refactor this function to reduce its Cognitive Complexity from 32 to the 15 allowed.","2026-09-27T16:01:20+0000","ADAPTABLE","FOCUSED"
"AaDobw1OXR70GwIMNYIl","MAJOR","OPEN","typescript:S3358","apps/control-panel/app/api/partners/roster/route.ts","51","Extract this nested ternary operation into an independent statement.","2026-09-27T16:01:20+0000","INTENTIONAL","CLEAR"
"AaDobw1OXR70GwIMNYIm","MINOR","OPEN","typescript:S7773","apps/control-panel/app/api/partners/roster/route.ts","51","Prefer `Number.NaN` over `NaN`.","2026-09-27T16:01:20+0000","CONSISTENT","CONVENTIONAL"
"AaDobw1OXR70GwIMNYIn","MAJOR","OPEN","typescript:S3358","apps/control-panel/app/api/partners/roster/route.ts","52","Extract this nested ternary operation into an independent statement.","2026-09-27T16:01:20+0000","INTENTIONAL","CLEAR"
"AaDobw1OXR70GwIMNYIo","MINOR","OPEN","typescript:S7773","apps/control-panel/app/api/partners/roster/route.ts","52","Prefer `Number.NaN` over `NaN`.","2026-09-27T16:01:20+0000","CONSISTENT","CONVENTIONAL"
"AaDobw1OXR70GwIMNYIp","MAJOR","OPEN","typescript:S3358","apps/control-panel/app/api/partners/roster/route.ts","53","Extract this nested ternary operation into an independent statement.","2026-09-27T16:01:20+0000","INTENTIONAL","CLEAR"
"AaDobw1OXR70GwIMNYIq","MINOR","OPEN","typescript:S7773","apps/control-panel/app/api/partners/roster/route.ts","53","Prefer `Number.NaN` over `NaN`.","2026-09-27T16:01:20+0000","CONSISTENT","CONVENTIONAL"
"AaDobw1OXR70GwIMNYIr","MINOR","OPEN","typescript:S7776","apps/control-panel/app/api/partners/roster/route.ts","54","`allowedKeys` should be a `Set`, and use `allowedKeys.has()` to check existence or non-existence.","2026-09-27T16:01:20+0000","INTENTIONAL","EFFICIENT"
"AaDobxdLXR70GwIMNYJ0","CRITICAL","OPEN","typescript:S3776","apps/control-panel/src/features/captain/captain-admission-panel.tsx","102","Refactor this function to reduce its Cognitive Complexity from 25 to the 15 allowed.","2026-09-27T16:01:20+0000","ADAPTABLE","FOCUSED"
"AaDobxdLXR70GwIMNYJ1","MAJOR","OPEN","typescript:S3358","apps/control-panel/src/features/captain/captain-admission-panel.tsx","133","Extract this nested ternary operation into an independent statement.","2026-09-27T16:01:20+0000","INTENTIONAL","CLEAR"
"AaDobxdLXR70GwIMNYJ2","MAJOR","OPEN","typescript:S3358","apps/control-panel/src/features/captain/captain-admission-panel.tsx","158","Extract this nested ternary operation into an independent statement.","2026-09-27T16:01:20+0000","INTENTIONAL","CLEAR"
"AaDobxIDXR70GwIMNYJH","CRITICAL","OPEN","typescript:S3776","apps/control-panel/src/features/partner-onboarding/partner-detail-workspace.tsx","144","Refactor this function to reduce its Cognitive Complexity from 26 to the 15 allowed.","2026-09-27T16:01:20+0000","ADAPTABLE","FOCUSED"
"AaDobxIDXR70GwIMNYJI","MINOR","OPEN","typescript:S7776","apps/control-panel/src/features/partner-onboarding/partner-detail-workspace.tsx","147","`eligibleStates` should be a `Set`, and use `eligibleStates.has()` to check existence or non-existence.","2026-09-27T16:01:20+0000","INTENTIONAL","EFFICIENT"
"AaDobxIDXR70GwIMNYJJ","MAJOR","OPEN","typescript:S3358","apps/control-panel/src/features/partner-onboarding/partner-detail-workspace.tsx","177","Extract this nested ternary operation into an independent statement.","2026-09-27T16:01:20+0000","INTENTIONAL","CLEAR"
"AaDobxIDXR70GwIMNYJK","MAJOR","OPEN","typescript:S3358","apps/control-panel/src/features/partner-onboarding/partner-detail-workspace.tsx","200","Extract this nested ternary operation into an independent statement.","2026-09-27T16:01:20+0000","INTENTIONAL","CLEAR"
"AaDobvpzXR70GwIMNYH3","MAJOR","OPEN","go:S107","services/dsh/backend/internal/captain/service.go","516","This function has 9 parameters, which is greater than the 7 authorized.","2026-09-27T16:01:20+0000","ADAPTABLE","FOCUSED"
"AaDobybMXR70GwIMNYMB","MAJOR","OPEN","javascript:S8786","tools/dev/verify-wlt-contract-conformance.mjs","15","Simplify this regular expression to reduce its runtime, as it has super-linear performance due to backtracking.","2026-09-27T15:43:14+0000","INTENTIONAL","EFFICIENT"
"AaDobybMXR70GwIMNYMC","MAJOR","OPEN","javascript:S8786","tools/dev/verify-wlt-contract-conformance.mjs","17","Simplify this regular expression to reduce its runtime, as it has super-linear performance due to backtracking.","2026-09-27T15:43:14+0000","INTENTIONAL","EFFICIENT"
"AaDobybMXR70GwIMNYMD","MINOR","OPEN","javascript:S6594","tools/dev/verify-wlt-contract-conformance.mjs","22","Use the ""RegExp.exec()"" method instead.","2026-09-27T15:43:14+0000","INTENTIONAL","EFFICIENT"
"AaDobybMXR70GwIMNYME","MAJOR","OPEN","javascript:S6326","tools/dev/verify-wlt-contract-conformance.mjs","22","If multiple spaces are required here, use number quantifier ({2}).","2026-09-27T15:43:14+0000","INTENTIONAL","CLEAR"
"AaDobybMXR70GwIMNYMF","MINOR","OPEN","javascript:S7780","tools/dev/verify-wlt-contract-conformance.mjs","29","`String.raw` should be used to avoid escaping `\`.","2026-09-27T15:43:14+0000","INTENTIONAL","CLEAR"
"AaDobybMXR70GwIMNYMH","MAJOR","OPEN","javascript:S8786","tools/dev/verify-wlt-contract-conformance.mjs","50","Simplify this regular expression to reduce its runtime, as it has super-linear performance due to backtracking.","2026-09-27T15:43:14+0000","INTENTIONAL","EFFICIENT"
"AaDobybMXR70GwIMNYMI","MAJOR","OPEN","javascript:S6326","tools/dev/verify-wlt-contract-conformance.mjs","57","If multiple spaces are required here, use number quantifier ({2}).","2026-09-27T15:43:14+0000","INTENTIONAL","CLEAR"
"AaDobybMXR70GwIMNYMJ","MINOR","OPEN","javascript:S6594","tools/dev/verify-wlt-contract-conformance.mjs","60","Use the ""RegExp.exec()"" method instead.","2026-09-27T15:43:14+0000","INTENTIONAL","EFFICIENT"
"AaDobybMXR70GwIMNYMK","MAJOR","OPEN","javascript:S6326","tools/dev/verify-wlt-contract-conformance.mjs","60","If multiple spaces are required here, use number quantifier ({4}).","2026-09-27T15:43:14+0000","INTENTIONAL","CLEAR"
"AaDobybMXR70GwIMNYML","MINOR","OPEN","javascript:S6353","tools/dev/verify-wlt-contract-conformance.mjs","60","Use concise character class syntax '\w' instead of '[A-Za-z0-9_]'.","2026-09-27T15:43:14+0000","INTENTIONAL","CLEAR"
"AaDobybMXR70GwIMNYMM","MAJOR","OPEN","javascript:S6326","tools/dev/verify-wlt-contract-conformance.mjs","69","If multiple spaces are required here, use number quantifier ({6}).","2026-09-27T15:43:14+0000","INTENTIONAL","CLEAR"
"AaDobybMXR70GwIMNYMN","MINOR","OPEN","javascript:S6594","tools/dev/verify-wlt-contract-conformance.mjs","70","Use the ""RegExp.exec()"" method instead.","2026-09-27T15:43:14+0000","INTENTIONAL","EFFICIENT"
"AaDobybMXR70GwIMNYMO","MAJOR","OPEN","javascript:S6326","tools/dev/verify-wlt-contract-conformance.mjs","70","If multiple spaces are required here, use number quantifier ({6}).","2026-09-27T15:43:14+0000","INTENTIONAL","CLEAR"
"AaDobybMXR70GwIMNYMP","MAJOR","OPEN","javascript:S6326","tools/dev/verify-wlt-contract-conformance.mjs","76","If multiple spaces are required here, use number quantifier ({6}).","2026-09-27T15:43:14+0000","INTENTIONAL","CLEAR"
"AaDobybMXR70GwIMNYMQ","MINOR","OPEN","javascript:S6594","tools/dev/verify-wlt-contract-conformance.mjs","82","Use the ""RegExp.exec()"" method instead.","2026-09-27T15:43:14+0000","INTENTIONAL","EFFICIENT"
"AaDobybMXR70GwIMNYMR","MAJOR","OPEN","javascript:S6326","tools/dev/verify-wlt-contract-conformance.mjs","82","If multiple spaces are required here, use number quantifier ({8}).","2026-09-27T15:43:14+0000","INTENTIONAL","CLEAR"
"AaDobybMXR70GwIMNYMS","MAJOR","OPEN","javascript:S6557","tools/dev/verify-wlt-contract-conformance.mjs","87","Use 'String#startsWith' method instead.","2026-09-27T15:43:14+0000","INTENTIONAL","CLEAR"
"AaDobybMXR70GwIMNYMT","MAJOR","OPEN","javascript:S6326","tools/dev/verify-wlt-contract-conformance.mjs","87","If multiple spaces are required here, use number quantifier ({8}).","2026-09-27T15:43:14+0000","INTENTIONAL","CLEAR"
"AaDobybMXR70GwIMNYMU","MAJOR","OPEN","javascript:S6326","tools/dev/verify-wlt-contract-conformance.mjs","89","If multiple spaces are required here, use number quantifier ({6}).","2026-09-27T15:43:14+0000","INTENTIONAL","CLEAR"
"AaDobybMXR70GwIMNYMV","MINOR","OPEN","javascript:S6594","tools/dev/verify-wlt-contract-conformance.mjs","95","Use the ""RegExp.exec()"" method instead.","2026-09-27T15:43:14+0000","INTENTIONAL","EFFICIENT"
"AaDobybMXR70GwIMNYMW","MAJOR","OPEN","javascript:S6326","tools/dev/verify-wlt-contract-conformance.mjs","95","If multiple spaces are required here, use number quantifier ({8}).","2026-09-27T15:43:14+0000","INTENTIONAL","CLEAR"
"AaDobybMXR70GwIMNYMX","MINOR","OPEN","javascript:S6353","tools/dev/verify-wlt-contract-conformance.mjs","95","Use concise character class syntax '\w' instead of '[A-Za-z0-9_]'.","2026-09-27T15:43:14+0000","INTENTIONAL","CLEAR"
"AaDobybMXR70GwIMNYMY","MAJOR","OPEN","javascript:S6557","tools/dev/verify-wlt-contract-conformance.mjs","100","Use 'String#startsWith' method instead.","2026-09-27T15:43:14+0000","INTENTIONAL","CLEAR"
"AaDobybMXR70GwIMNYMZ","MAJOR","OPEN","javascript:S6326","tools/dev/verify-wlt-contract-conformance.mjs","100","If multiple spaces are required here, use number quantifier ({8}).","2026-09-27T15:43:14+0000","INTENTIONAL","CLEAR"
"AaDobybMXR70GwIMNYMa","MINOR","OPEN","javascript:S6353","tools/dev/verify-wlt-contract-conformance.mjs","106","Use concise character class syntax '\w' instead of '[A-Za-z0-9_]'.","2026-09-27T15:43:14+0000","INTENTIONAL","CLEAR"
"AaDobyYoXR70GwIMNYL7","MINOR","OPEN","javascript:S6353","tools/dev/verify-workspace-dependencies.mjs","104","Use concise character class syntax '\w' instead of '[A-Za-z0-9_]'.","2026-09-27T15:32:34+0000","INTENTIONAL","CLEAR"
"AaDobw-XXR70GwIMNYI2","MAJOR","OPEN","typescript:S3358","apps/control-panel/app/(workspace)/access/page.tsx","16","Extract this nested ternary operation into an independent statement.","2026-09-26T23:06:46+0000","INTENTIONAL","CLEAR"
"AaDobw1qXR70GwIMNYIs","CRITICAL","OPEN","typescript:S3776","apps/control-panel/app/api/access/operator-profiles/[profileId]/route.ts","13","Refactor this function to reduce its Cognitive Complexity from 25 to the 15 allowed.","2026-09-26T23:06:46+0000","ADAPTABLE","FOCUSED"
"AaDobw1qXR70GwIMNYIt","MINOR","OPEN","typescript:S7773","apps/control-panel/app/api/access/operator-profiles/[profileId]/route.ts","26","Prefer `Number.NaN` over `NaN`.","2026-09-26T23:06:46+0000","CONSISTENT","CONVENTIONAL"
"AaDobw1qXR70GwIMNYIu","MINOR","OPEN","typescript:S6353","apps/control-panel/app/api/access/operator-profiles/[profileId]/route.ts","27","Use concise character class syntax '\d' instead of '[0-9]'.","2026-09-26T23:06:46+0000","INTENTIONAL","CLEAR"
"AaDobw1qXR70GwIMNYIv","MINOR","OPEN","typescript:S7773","apps/control-panel/app/api/access/operator-profiles/[profileId]/route.ts","32","Prefer `Number.NaN` over `NaN`.","2026-09-26T23:06:46+0000","CONSISTENT","CONVENTIONAL"
"AaDobw1-XR70GwIMNYIw","MINOR","OPEN","typescript:S7773","apps/control-panel/app/api/access/operator-profiles/route.ts","25","Prefer `Number.NaN` over `NaN`.","2026-09-26T23:06:46+0000","CONSISTENT","CONVENTIONAL"
"AaDobw1-XR70GwIMNYIx","MINOR","OPEN","typescript:S6353","apps/control-panel/app/api/access/operator-profiles/route.ts","47","Use concise character class syntax '\d' instead of '[0-9]'.","2026-09-26T23:06:46+0000","INTENTIONAL","CLEAR"
"AaDobwsWXR70GwIMNYIf","MINOR","OPEN","typescript:S6353","apps/control-panel/app/api/captains/route.ts","84","Use concise character class syntax '\d' instead of '[0-9]'.","2026-09-26T23:06:46+0000","INTENTIONAL","CLEAR"
"AaDobwsWXR70GwIMNYIg","MAJOR","OPEN","typescript:S2681","apps/control-panel/app/api/captains/route.ts","84","This statement will not be executed conditionally; only the first statement will be. The rest will execute unconditionally.","2026-09-26T23:06:46+0000","CONSISTENT","FORMATTED"
"AaDobw_3XR70GwIMNYI4","MINOR","OPEN","typescript:S6353","apps/control-panel/src/features/access/operator-profile-panel.tsx","63","Use concise character class syntax '\d' instead of '[0-9]'.","2026-09-26T23:06:46+0000","INTENTIONAL","CLEAR"
"AaDobw_3XR70GwIMNYI5","MINOR","OPEN","typescript:S6353","apps/control-panel/src/features/access/operator-profile-panel.tsx","93","Use concise character class syntax '\d' instead of '[0-9]'.","2026-09-26T23:06:46+0000","INTENTIONAL","CLEAR"
"AaDobw_3XR70GwIMNYI6","MAJOR","OPEN","typescript:S3358","apps/control-panel/src/features/access/operator-profile-panel.tsx","119","Extract this nested ternary operation into an independent statement.","2026-09-26T23:06:46+0000","INTENTIONAL","CLEAR"
"AaDobw_3XR70GwIMNYI7","MAJOR","OPEN","typescript:S6819","apps/control-panel/src/features/access/operator-profile-panel.tsx","147","Use <output> instead of the ""status"" role to ensure accessibility across all devices.","2026-09-26T23:06:46+0000","CONSISTENT","CONVENTIONAL"
"AaDobw_3XR70GwIMNYI8","MAJOR","OPEN","typescript:S6819","apps/control-panel/src/features/access/operator-profile-panel.tsx","149","Use <output> instead of the ""status"" role to ensure accessibility across all devices.","2026-09-26T23:06:46+0000","CONSISTENT","CONVENTIONAL"
"AaDobw_3XR70GwIMNYI9","CRITICAL","OPEN","typescript:S3776","apps/control-panel/src/features/access/operator-profile-panel.tsx","152","Refactor this function to reduce its Cognitive Complexity from 25 to the 15 allowed.","2026-09-26T23:06:46+0000","ADAPTABLE","FOCUSED"
"AaDobw_3XR70GwIMNYI-","MAJOR","OPEN","typescript:S3358","apps/control-panel/src/features/access/operator-profile-panel.tsx","159","Extract this nested ternary operation into an independent statement.","2026-09-26T23:06:46+0000","INTENTIONAL","CLEAR"
"AaDobw_3XR70GwIMNYI_","MAJOR","OPEN","typescript:S3358","apps/control-panel/src/features/access/operator-profile-panel.tsx","159","Extract this nested ternary operation into an independent statement.","2026-09-26T23:06:46+0000","INTENTIONAL","CLEAR"
"AaDobw_3XR70GwIMNYJA","MAJOR","OPEN","typescript:S3358","apps/control-panel/src/features/access/operator-profile-panel.tsx","159","Extract this nested ternary operation into an independent statement.","2026-09-26T23:06:46+0000","INTENTIONAL","CLEAR"
"AaDobw_3XR70GwIMNYJB","MAJOR","OPEN","typescript:S6819","apps/control-panel/src/features/access/operator-profile-panel.tsx","172","Use <output> instead of the ""status"" role to ensure accessibility across all devices.","2026-09-26T23:06:46+0000","CONSISTENT","CONVENTIONAL"
"AaDobxdLXR70GwIMNYJz","CRITICAL","OPEN","typescript:S3776","apps/control-panel/src/features/captain/captain-admission-panel.tsx","53","Refactor this function to reduce its Cognitive Complexity from 16 to the 15 allowed.","2026-09-26T23:06:46+0000","ADAPTABLE","FOCUSED"
"AaDobxdLXR70GwIMNYJ3","MAJOR","OPEN","typescript:S3358","apps/control-panel/src/features/captain/captain-admission-panel.tsx","234","Extract this nested ternary operation into an independent statement.","2026-09-26T23:06:46+0000","INTENTIONAL","CLEAR"
"AaDobxdLXR70GwIMNYJ4","MAJOR","OPEN","typescript:S3358","apps/control-panel/src/features/captain/captain-admission-panel.tsx","234","Extract this nested ternary operation into an independent statement.","2026-09-26T23:06:46+0000","INTENTIONAL","CLEAR"
"AaDobxdLXR70GwIMNYJ5","MAJOR","OPEN","typescript:S3358","apps/control-panel/src/features/captain/captain-admission-panel.tsx","234","Extract this nested ternary operation into an independent statement.","2026-09-26T23:06:46+0000","INTENTIONAL","CLEAR"
"AaDobxdLXR70GwIMNYJ6","MAJOR","OPEN","typescript:S3358","apps/control-panel/src/features/captain/captain-admission-panel.tsx","234","Extract this nested ternary operation into an independent statement.","2026-09-26T23:06:46+0000","INTENTIONAL","CLEAR"
"AaDobxdLXR70GwIMNYJ7","MAJOR","OPEN","typescript:S3358","apps/control-panel/src/features/captain/captain-admission-panel.tsx","239","Extract this nested ternary operation into an independent statement.","2026-09-26T23:06:46+0000","INTENTIONAL","CLEAR"
"AaDobxdmXR70GwIMNYJ9","MINOR","OPEN","typescript:S6353","apps/control-panel/src/features/captain/captain-candidate-panel.tsx","53","Use concise character class syntax '\d' instead of '[0-9]'.","2026-09-26T23:06:46+0000","INTENTIONAL","CLEAR"
"AaDobxdmXR70GwIMNYKA","MAJOR","OPEN","typescript:S3358","apps/control-panel/src/features/captain/captain-candidate-panel.tsx","97","Extract this nested ternary operation into an independent statement.","2026-09-26T23:06:46+0000","INTENTIONAL","CLEAR"
"AaDobxdmXR70GwIMNYKB","MAJOR","OPEN","typescript:S3358","apps/control-panel/src/features/captain/captain-candidate-panel.tsx","97","Extract this nested ternary operation into an independent statement.","2026-09-26T23:06:46+0000","INTENTIONAL","CLEAR"
"AaDobxdmXR70GwIMNYKC","MAJOR","OPEN","typescript:S6819","apps/control-panel/src/features/captain/captain-candidate-panel.tsx","125","Use <output> instead of the ""status"" role to ensure accessibility across all devices.","2026-09-26T23:06:46+0000","CONSISTENT","CONVENTIONAL"
"AaDobxdmXR70GwIMNYKD","MAJOR","OPEN","typescript:S6819","apps/control-panel/src/features/captain/captain-candidate-panel.tsx","127","Use <output> instead of the ""status"" role to ensure accessibility across all devices.","2026-09-26T23:06:46+0000","CONSISTENT","CONVENTIONAL"
"AaDobxdmXR70GwIMNYKE","CRITICAL","OPEN","typescript:S3776","apps/control-panel/src/features/captain/captain-candidate-panel.tsx","130","Refactor this function to reduce its Cognitive Complexity from 23 to the 15 allowed.","2026-09-26T23:06:46+0000","ADAPTABLE","FOCUSED"
"AaDobxfQXR70GwIMNYKF","CRITICAL","OPEN","typescript:S3776","apps/control-panel/src/features/field/field-admission-panel.tsx","49","Refactor this function to reduce its Cognitive Complexity from 17 to the 15 allowed.","2026-09-26T23:06:46+0000","ADAPTABLE","FOCUSED"
"AaDobxfQXR70GwIMNYKG","MAJOR","OPEN","typescript:S3358","apps/control-panel/src/features/field/field-admission-panel.tsx","157","Extract this nested ternary operation into an independent statement.","2026-09-26T23:06:46+0000","INTENTIONAL","CLEAR"
"AaDobxfQXR70GwIMNYKH","MAJOR","OPEN","typescript:S3358","apps/control-panel/src/features/field/field-admission-panel.tsx","157","Extract this nested ternary operation into an independent statement.","2026-09-26T23:06:46+0000","INTENTIONAL","CLEAR"
"AaDobxfQXR70GwIMNYKI","MAJOR","OPEN","typescript:S3358","apps/control-panel/src/features/field/field-admission-panel.tsx","157","Extract this nested ternary operation into an independent statement.","2026-09-26T23:06:46+0000","INTENTIONAL","CLEAR"
"AaDobxfQXR70GwIMNYKJ","MAJOR","OPEN","typescript:S3358","apps/control-panel/src/features/field/field-admission-panel.tsx","157","Extract this nested ternary operation into an independent statement.","2026-09-26T23:06:46+0000","INTENTIONAL","CLEAR"
"AaDobxfQXR70GwIMNYKK","MAJOR","OPEN","typescript:S3358","apps/control-panel/src/features/field/field-admission-panel.tsx","158","Extract this nested ternary operation into an independent statement.","2026-09-26T23:06:46+0000","INTENTIONAL","CLEAR"
"AaDobxfpXR70GwIMNYKN","MINOR","OPEN","typescript:S6353","apps/control-panel/src/features/field/field-candidate-panel.tsx","53","Use concise character class syntax '\d' instead of '[0-9]'.","2026-09-26T23:06:46+0000","INTENTIONAL","CLEAR"
"AaDobxfpXR70GwIMNYKQ","MAJOR","OPEN","typescript:S3358","apps/control-panel/src/features/field/field-candidate-panel.tsx","97","Extract this nested ternary operation into an independent statement.","2026-09-26T23:06:46+0000","INTENTIONAL","CLEAR"
"AaDobxfpXR70GwIMNYKR","MAJOR","OPEN","typescript:S3358","apps/control-panel/src/features/field/field-candidate-panel.tsx","97","Extract this nested ternary operation into an independent statement.","2026-09-26T23:06:46+0000","INTENTIONAL","CLEAR"
"AaDobxfpXR70GwIMNYKS","MAJOR","OPEN","typescript:S6819","apps/control-panel/src/features/field/field-candidate-panel.tsx","125","Use <output> instead of the ""status"" role to ensure accessibility across all devices.","2026-09-26T23:06:46+0000","CONSISTENT","CONVENTIONAL"
"AaDobxfpXR70GwIMNYKT","MAJOR","OPEN","typescript:S6819","apps/control-panel/src/features/field/field-candidate-panel.tsx","127","Use <output> instead of the ""status"" role to ensure accessibility across all devices.","2026-09-26T23:06:46+0000","CONSISTENT","CONVENTIONAL"
"AaDobxfpXR70GwIMNYKU","CRITICAL","OPEN","typescript:S3776","apps/control-panel/src/features/field/field-candidate-panel.tsx","130","Refactor this function to reduce its Cognitive Complexity from 23 to the 15 allowed.","2026-09-26T23:06:46+0000","ADAPTABLE","FOCUSED"
"AaDobvPqXR70GwIMNYHo","MAJOR","OPEN","go:S107","services/dsh/backend/internal/storage/postgres/captain.go","410","This function has 8 parameters, which is greater than the 7 authorized.","2026-09-26T23:06:46+0000","ADAPTABLE","FOCUSED"
"AaDobvLAXR70GwIMNYHd","CRITICAL","OPEN","go:S1192","services/dsh/backend/internal/storage/postgres/field.go","181","Define a constant instead of duplicating this literal ""id=$1 FOR UPDATE"" 4 times.","2026-09-26T23:06:46+0000","ADAPTABLE","DISTINCT"
"AaDobvLAXR70GwIMNYHh","MAJOR","OPEN","go:S107","services/dsh/backend/internal/storage/postgres/field.go","260","This function has 8 parameters, which is greater than the 7 authorized.","2026-09-26T23:06:46+0000","ADAPTABLE","FOCUSED"
"AaDobufqXR70GwIMNYG3","CRITICAL","OPEN","go:S1192","services/identity/backend/internal/actor/operator_profiles.go","37","Define a constant instead of duplicating this literal ""control-panel"" 7 times.","2026-09-26T23:06:46+0000","ADAPTABLE","DISTINCT"
"AaDobufqXR70GwIMNYG2","CRITICAL","OPEN","go:S1192","services/identity/backend/internal/actor/operator_profiles.go","67","Define a constant instead of duplicating this literal ""identity:phone:"" 3 times.","2026-09-26T23:06:46+0000","ADAPTABLE","DISTINCT"
"AaDobufqXR70GwIMNYG4","CRITICAL","OPEN","go:S1192","services/identity/backend/internal/actor/operator_profiles.go","67","Define a constant instead of duplicating this literal ""SELECT pg_advisory_xact_lock(hashtextextended($1,0))"" 4 times.","2026-09-26T23:06:46+0000","ADAPTABLE","DISTINCT"
"AaDobufqXR70GwIMNYG1","CRITICAL","OPEN","go:S1192","services/identity/backend/internal/actor/operator_profiles.go","135","Define a constant instead of duplicating this literal "" FOR UPDATE"" 5 times.","2026-09-26T23:06:46+0000","ADAPTABLE","DISTINCT"
"AaDobufqXR70GwIMNYG6","MAJOR","OPEN","go:S107","services/identity/backend/internal/actor/operator_profiles.go","168","This function has 8 parameters, which is greater than the 7 authorized.","2026-09-26T23:06:46+0000","ADAPTABLE","FOCUSED"
"AaDobufqXR70GwIMNYG7","MAJOR","OPEN","go:S107","services/identity/backend/internal/actor/operator_profiles.go","460","This function has 8 parameters, which is greater than the 7 authorized.","2026-09-26T23:06:46+0000","ADAPTABLE","FOCUSED"
"AaDobuVNXR70GwIMNYGu","CRITICAL","OPEN","go:S1192","services/identity/backend/internal/storage/postgres/schema.go","89","Define a constant instead of duplicating this literal ""FOREIGN KEY (actor_id) REFERENCES identity_actors(id) ON DELETE RESTRICT"" 3 times.","2026-09-26T23:06:46+0000","ADAPTABLE","DISTINCT"
"AaDobuZ9XR70GwIMNYGz","CRITICAL","OPEN","go:S1192","services/identity/backend/internal/transport/http/operator_profiles.go","21","Define a constant instead of duplicating this literal ""X-Acting-Actor-ID"" 6 times.","2026-09-26T23:06:46+0000","ADAPTABLE","DISTINCT"
"AaDobuZ9XR70GwIMNYGx","CRITICAL","OPEN","go:S1192","services/identity/backend/internal/transport/http/operator_profiles.go","34","Define a constant instead of duplicating this literal ""X-Correlation-ID"" 5 times.","2026-09-26T23:06:46+0000","ADAPTABLE","DISTINCT"
"AaDobuZ9XR70GwIMNYGy","CRITICAL","OPEN","go:S1192","services/identity/backend/internal/transport/http/operator_profiles.go","34","Define a constant instead of duplicating this literal ""Idempotency-Key"" 4 times.","2026-09-26T23:06:46+0000","ADAPTABLE","DISTINCT"
"AaDobuZcXR70GwIMNYGw","CRITICAL","OPEN","go:S1192","services/identity/backend/internal/transport/http/server.go","381","Define a constant instead of duplicating this literal ""control-panel"" 8 times.","2026-09-26T23:06:46+0000","ADAPTABLE","DISTINCT"
"AaDobuZcXR70GwIMNYGv","CRITICAL","OPEN","go:S1192","services/identity/backend/internal/transport/http/server.go","422","Define a constant instead of duplicating this literal ""X-Correlation-ID"" 7 times.","2026-09-26T23:06:46+0000","ADAPTABLE","DISTINCT"
"AaDobxqmXR70GwIMNYKd","MAJOR","OPEN","typescript:S3358","apps/app-client/src/features/store-discovery/store-discovery.tsx","409","Extract this nested ternary operation into an independent statement.","2026-09-26T21:19:29+0000","INTENTIONAL","CLEAR"
"AaDobyI9XR70GwIMNYLg","MAJOR","OPEN","typescript:S3358","apps/app-captain/src/features/account/account.tsx","72","Extract this nested ternary operation into an independent statement.","2026-09-26T21:19:12+0000","INTENTIONAL","CLEAR"
"AaDobyCpXR70GwIMNYLW","MAJOR","OPEN","typescript:S3358","apps/app-field/src/features/account/account.tsx","71","Extract this nested ternary operation into an independent statement.","2026-09-26T21:19:12+0000","INTENTIONAL","CLEAR"
"AaDobwsWXR70GwIMNYIh","CRITICAL","OPEN","typescript:S3776","apps/control-panel/app/api/captains/route.ts","99","Refactor this function to reduce its Cognitive Complexity from 16 to the 15 allowed.","2026-09-26T21:19:12+0000","ADAPTABLE","FOCUSED"
"AaDobw6tXR70GwIMNYIy","MINOR","OPEN","typescript:S6353","apps/control-panel/app/api/fields/route.ts","82","Use concise character class syntax '\d' instead of '[0-9]'.","2026-09-26T21:19:12+0000","INTENTIONAL","CLEAR"
"AaDobw6tXR70GwIMNYIz","CRITICAL","OPEN","typescript:S3776","apps/control-panel/app/api/fields/route.ts","92","Refactor this function to reduce its Cognitive Complexity from 16 to the 15 allowed.","2026-09-26T21:19:12+0000","ADAPTABLE","FOCUSED"
"AaDobvPqXR70GwIMNYHl","MAJOR","OPEN","go:S107","services/dsh/backend/internal/storage/postgres/captain.go","235","This function has 8 parameters, which is greater than the 7 authorized.","2026-09-26T21:19:12+0000","ADAPTABLE","FOCUSED"
"AaDobvPqXR70GwIMNYHn","MAJOR","OPEN","go:S107","services/dsh/backend/internal/storage/postgres/captain.go","356","This function has 9 parameters, which is greater than the 7 authorized.","2026-09-26T21:19:12+0000","ADAPTABLE","FOCUSED"
"AaDobvLAXR70GwIMNYHe","MAJOR","OPEN","go:S107","services/dsh/backend/internal/storage/postgres/field.go","79","This function has 8 parameters, which is greater than the 7 authorized.","2026-09-26T21:19:12+0000","ADAPTABLE","FOCUSED"
"AaDobvLAXR70GwIMNYHg","MAJOR","OPEN","go:S107","services/dsh/backend/internal/storage/postgres/field.go","206","This function has 9 parameters, which is greater than the 7 authorized.","2026-09-26T21:19:12+0000","ADAPTABLE","FOCUSED"
"AaDobvjNXR70GwIMNYHz","CRITICAL","OPEN","go:S1192","services/dsh/backend/internal/transport/http/captain.go","107","Define a constant instead of duplicating this literal ""X-Acting-Actor-ID is required"" 3 times.","2026-09-26T21:19:12+0000","ADAPTABLE","DISTINCT"
"AaDobvghXR70GwIMNYHw","CRITICAL","OPEN","go:S1192","services/dsh/backend/internal/transport/http/field.go","85","Define a constant instead of duplicating this literal ""X-Acting-Actor-ID is required"" 3 times.","2026-09-26T21:19:12+0000","ADAPTABLE","DISTINCT"
"AaDobxqmXR70GwIMNYKe","MAJOR","OPEN","typescript:S3358","apps/app-client/src/features/store-discovery/store-discovery.tsx","434","Extract this nested ternary operation into an independent statement.","2026-09-26T17:31:18+0000","INTENTIONAL","CLEAR"
"AaDobxqmXR70GwIMNYKf","CRITICAL","OPEN","typescript:S3776","apps/app-client/src/features/store-discovery/store-discovery.tsx","447","Refactor this function to reduce its Cognitive Complexity from 34 to the 15 allowed.","2026-09-26T17:31:18+0000","ADAPTABLE","FOCUSED"
"AaDobxqmXR70GwIMNYKg","MINOR","OPEN","typescript:S6759","apps/app-client/src/features/store-discovery/store-discovery.tsx","447","Mark the props of the component as read-only.","2026-09-26T17:31:18+0000","CONSISTENT","CONVENTIONAL"
"AaDobxqmXR70GwIMNYKh","MAJOR","OPEN","typescript:S4624","apps/app-client/src/features/store-discovery/store-discovery.tsx","524","Refactor this code to not use nested template literals.","2026-09-26T17:31:18+0000","INTENTIONAL","CLEAR"
"AaDobvDmXR70GwIMNYHW","CRITICAL","OPEN","go:S3776","services/dsh/backend/internal/storage/postgres/public_store_discovery.go","274","Refactor this method to reduce its Cognitive Complexity from 16 to the 15 allowed.","2026-09-26T17:31:18+0000","ADAPTABLE","FOCUSED"
"AaDobvZaXR70GwIMNYHv","CRITICAL","OPEN","go:S3776","services/dsh/backend/internal/transport/http/storepublication.go","162","Refactor this method to reduce its Cognitive Complexity from 25 to the 15 allowed.","2026-09-26T17:31:18+0000","ADAPTABLE","FOCUSED"
"AaDobyCNXR70GwIMNYLJ","CRITICAL","OPEN","typescript:S3776","apps/app-field/src/features/field-operations/field-cases.tsx","36","Refactor this function to reduce its Cognitive Complexity from 24 to the 15 allowed.","2026-09-26T16:40:31+0000","ADAPTABLE","FOCUSED"
"AaDobyCNXR70GwIMNYLO","MAJOR","OPEN","typescript:S3358","apps/app-field/src/features/field-operations/field-cases.tsx","243","Extract this nested ternary operation into an independent statement.","2026-09-26T16:40:31+0000","INTENTIONAL","CLEAR"
"AaDobyCNXR70GwIMNYLP","MAJOR","OPEN","typescript:S3358","apps/app-field/src/features/field-operations/field-cases.tsx","243","Extract this nested ternary operation into an independent statement.","2026-09-26T16:40:31+0000","INTENTIONAL","CLEAR"
"AaDobyCNXR70GwIMNYLQ","MAJOR","OPEN","typescript:S3358","apps/app-field/src/features/field-operations/field-cases.tsx","243","Extract this nested ternary operation into an independent statement.","2026-09-26T16:40:31+0000","INTENTIONAL","CLEAR"
"AaDobyCNXR70GwIMNYLS","MAJOR","OPEN","typescript:S3358","apps/app-field/src/features/field-operations/field-cases.tsx","268","Extract this nested ternary operation into an independent statement.","2026-09-26T16:40:31+0000","INTENTIONAL","CLEAR"
"AaDobyCNXR70GwIMNYLT","MAJOR","OPEN","typescript:S3358","apps/app-field/src/features/field-operations/field-cases.tsx","283","Extract this nested ternary operation into an independent statement.","2026-09-26T16:40:31+0000","INTENTIONAL","CLEAR"
"AaDobyCNXR70GwIMNYLU","MAJOR","OPEN","typescript:S3358","apps/app-field/src/features/field-operations/field-cases.tsx","285","Extract this nested ternary operation into an independent statement.","2026-09-26T16:40:31+0000","INTENTIONAL","CLEAR"
"AaDobyCNXR70GwIMNYLV","MAJOR","OPEN","typescript:S3358","apps/app-field/src/features/field-operations/field-cases.tsx","287","Extract this nested ternary operation into an independent statement.","2026-09-26T16:40:31+0000","INTENTIONAL","CLEAR"
"AaDobxEWXR70GwIMNYJF","CRITICAL","OPEN","typescript:S3776","apps/control-panel/src/features/partner-onboarding/joining-case-queue.tsx","24","Refactor this function to reduce its Cognitive Complexity from 16 to the 15 allowed.","2026-09-26T16:40:31+0000","ADAPTABLE","FOCUSED"
"AaDobxEWXR70GwIMNYJG","MAJOR","OPEN","typescript:S6819","apps/control-panel/src/features/partner-onboarding/joining-case-queue.tsx","143","Use <output> instead of the ""status"" role to ensure accessibility across all devices.","2026-09-26T16:40:31+0000","CONSISTENT","CONVENTIONAL"
"AaDobu6xXR70GwIMNYHN","CRITICAL","OPEN","go:S3776","services/dsh/backend/internal/storage/postgres/joining_case.go","844","Refactor this method to reduce its Cognitive Complexity from 20 to the 15 allowed.","2026-09-26T16:40:31+0000","ADAPTABLE","FOCUSED"
"AaDobx6SXR70GwIMNYK0","MINOR","OPEN","typescript:S6594","apps/app-partner/src/features/store-offer/store-offer.tsx","44","Use the ""RegExp.exec()"" method instead.","2026-09-26T16:16:52+0000","INTENTIONAL","EFFICIENT"
"AaDobx6SXR70GwIMNYK1","MAJOR","OPEN","typescript:S3358","apps/app-partner/src/features/store-offer/store-offer.tsx","48","Extract this nested ternary operation into an independent statement.","2026-09-26T16:16:52+0000","INTENTIONAL","CLEAR"
"AaDobx6SXR70GwIMNYK5","MAJOR","OPEN","typescript:S2681","apps/app-partner/src/features/store-offer/store-offer.tsx","521","This statement will not be executed conditionally; only the first statement will be. The rest will execute unconditionally.","2026-09-26T16:16:52+0000","CONSISTENT","FORMATTED"
"AaDobx6SXR70GwIMNYK6","MINOR","OPEN","typescript:S6749","apps/app-partner/src/features/store-offer/store-offer.tsx","548","A fragment with only one child is redundant.","2026-09-26T15:49:15+0000","ADAPTABLE","DISTINCT"
"AaDobx6SXR70GwIMNYK7","MAJOR","OPEN","typescript:S3358","apps/app-partner/src/features/store-offer/store-offer.tsx","548","Extract this nested ternary operation into an independent statement.","2026-09-26T15:49:15+0000","INTENTIONAL","CLEAR"
"AaDobx6SXR70GwIMNYK8","MAJOR","OPEN","typescript:S3358","apps/app-partner/src/features/store-offer/store-offer.tsx","548","Extract this nested ternary operation into an independent statement.","2026-09-26T15:49:15+0000","INTENTIONAL","CLEAR"
"AaDobxWxXR70GwIMNYJd","MINOR","OPEN","typescript:S6759","apps/control-panel/src/features/central-catalog/catalog-category-registry.tsx","26","Mark the props of the component as read-only.","2026-09-26T15:49:15+0000","CONSISTENT","CONVENTIONAL"
"AaDobxWxXR70GwIMNYJj","MAJOR","OPEN","typescript:S6819","apps/control-panel/src/features/central-catalog/catalog-category-registry.tsx","319","Use <output> instead of the ""status"" role to ensure accessibility across all devices.","2026-09-26T15:49:15+0000","CONSISTENT","CONVENTIONAL"
"AaDobxWxXR70GwIMNYJk","MAJOR","OPEN","typescript:S3358","apps/control-panel/src/features/central-catalog/catalog-category-registry.tsx","319","Extract this nested ternary operation into an independent statement.","2026-09-26T15:49:15+0000","INTENTIONAL","CLEAR"
"AaDobxUcXR70GwIMNYJX","MAJOR","OPEN","typescript:S6819","apps/control-panel/src/features/central-catalog/central-catalog.tsx","465","Use <output> instead of the ""status"" role to ensure accessibility across all devices.","2026-09-26T15:49:15+0000","CONSISTENT","CONVENTIONAL"
"AaDobxUcXR70GwIMNYJY","MAJOR","OPEN","typescript:S3358","apps/control-panel/src/features/central-catalog/central-catalog.tsx","466","Extract this nested ternary operation into an independent statement.","2026-09-26T15:49:15+0000","INTENTIONAL","CLEAR"
"AaDobvViXR70GwIMNYHt","MAJOR","OPEN","go:S107","services/dsh/backend/internal/catalog/catalog_product.go","150","This function has 8 parameters, which is greater than the 7 authorized.","2026-09-26T15:49:15+0000","ADAPTABLE","FOCUSED"
"AaDobvSNXR70GwIMNYHq","CRITICAL","OPEN","go:S3776","services/dsh/backend/internal/storage/postgres/catalog.go","739","Refactor this method to reduce its Cognitive Complexity from 16 to the 15 allowed.","2026-09-26T15:49:15+0000","ADAPTABLE","FOCUSED"
"AaDobvSNXR70GwIMNYHr","MAJOR","OPEN","go:S107","services/dsh/backend/internal/storage/postgres/catalog.go","739","This function has 8 parameters, which is greater than the 7 authorized.","2026-09-26T15:49:15+0000","ADAPTABLE","FOCUSED"
"AaDobvk0XR70GwIMNYH0","CRITICAL","OPEN","go:S3776","services/dsh/backend/internal/transport/http/catalog_product.go","176","Refactor this method to reduce its Cognitive Complexity from 19 to the 15 allowed.","2026-09-26T15:49:15+0000","ADAPTABLE","FOCUSED"
"AaDobyCNXR70GwIMNYLK","MINOR","OPEN","typescript:S1874","apps/app-field/src/features/field-operations/field-cases.tsx","186","'MediaTypeOptions' is deprecated.","2026-09-26T15:00:05+0000","CONSISTENT","CONVENTIONAL"
"AaDobyCNXR70GwIMNYLM","MAJOR","OPEN","typescript:S3358","apps/app-field/src/features/field-operations/field-cases.tsx","241","Extract this nested ternary operation into an independent statement.","2026-09-26T15:00:05+0000","INTENTIONAL","CLEAR"
"AaDobyCNXR70GwIMNYLN","MAJOR","OPEN","typescript:S3358","apps/app-field/src/features/field-operations/field-cases.tsx","241","Extract this nested ternary operation into an independent statement.","2026-09-26T15:00:05+0000","INTENTIONAL","CLEAR"
"AaDobyCNXR70GwIMNYLR","MAJOR","OPEN","typescript:S3358","apps/app-field/src/features/field-operations/field-cases.tsx","259","Extract this nested ternary operation into an independent statement.","2026-09-26T15:00:05+0000","INTENTIONAL","CLEAR"
"AaDobxgxXR70GwIMNYKV","MAJOR","OPEN","typescript:S3358","apps/control-panel/src/features/workspace/operator-home.tsx","91","Extract this nested ternary operation into an independent statement.","2026-09-26T15:00:05+0000","INTENTIONAL","CLEAR"
"AaDobxgxXR70GwIMNYKW","MAJOR","OPEN","typescript:S3358","apps/control-panel/src/features/workspace/operator-home.tsx","95","Extract this nested ternary operation into an independent statement.","2026-09-26T15:00:05+0000","INTENTIONAL","CLEAR"
"AaDobu6xXR70GwIMNYHL","CRITICAL","OPEN","go:S1192","services/dsh/backend/internal/storage/postgres/joining_case.go","106","Define a constant instead of duplicating this literal ""field-admission-request"" 3 times.","2026-09-26T15:00:05+0000","ADAPTABLE","DISTINCT"
"AaDobu6xXR70GwIMNYHM","MAJOR","OPEN","go:S107","services/dsh/backend/internal/storage/postgres/joining_case.go","285","This function has 8 parameters, which is greater than the 7 authorized.","2026-09-26T15:00:05+0000","ADAPTABLE","FOCUSED"
"AaDobxnIXR70GwIMNYKZ","MAJOR","OPEN","typescript:S4624","apps/control-panel/proxy.ts","29","Refactor this code to not use nested template literals.","2026-09-26T12:42:56+0000","INTENTIONAL","CLEAR"
"AaDobxqmXR70GwIMNYKc","MAJOR","OPEN","typescript:S4624","apps/app-client/src/features/store-discovery/store-discovery.tsx","324","Refactor this code to not use nested template literals.","2026-09-26T10:48:43+0000","INTENTIONAL","CLEAR"
"AaDobwuGXR70GwIMNYIj","CRITICAL","OPEN","typescript:S3776","apps/control-panel/app/api/catalog/products/[productId]/route.ts","31","Refactor this function to reduce its Cognitive Complexity from 16 to the 15 allowed.","2026-09-26T10:48:43+0000","ADAPTABLE","FOCUSED"
"AaDobxWxXR70GwIMNYJe","MAJOR","OPEN","typescript:S3358","apps/control-panel/src/features/central-catalog/catalog-category-registry.tsx","71","Extract this nested ternary operation into an independent statement.","2026-09-26T10:48:43+0000","INTENTIONAL","CLEAR"
"AaDobxWxXR70GwIMNYJf","MAJOR","OPEN","typescript:S3358","apps/control-panel/src/features/central-catalog/catalog-category-registry.tsx","71","Extract this nested ternary operation into an independent statement.","2026-09-26T10:48:43+0000","INTENTIONAL","CLEAR"
"AaDobxWxXR70GwIMNYJg","MAJOR","OPEN","typescript:S3358","apps/control-panel/src/features/central-catalog/catalog-category-registry.tsx","71","Extract this nested ternary operation into an independent statement.","2026-09-26T10:48:43+0000","INTENTIONAL","CLEAR"
"AaDobxWxXR70GwIMNYJh","MAJOR","OPEN","typescript:S3358","apps/control-panel/src/features/central-catalog/catalog-category-registry.tsx","292","Extract this nested ternary operation into an independent statement.","2026-09-26T10:48:43+0000","INTENTIONAL","CLEAR"
"AaDobxWxXR70GwIMNYJi","MAJOR","OPEN","typescript:S3358","apps/control-panel/src/features/central-catalog/catalog-category-registry.tsx","306","Extract this nested ternary operation into an independent statement.","2026-09-26T10:48:43+0000","INTENTIONAL","CLEAR"
"AaDobxWxXR70GwIMNYJn","MAJOR","OPEN","typescript:S3358","apps/control-panel/src/features/central-catalog/catalog-category-registry.tsx","363","Extract this nested ternary operation into an independent statement.","2026-09-26T10:48:43+0000","INTENTIONAL","CLEAR"
"AaDobxYrXR70GwIMNYJp","MAJOR","OPEN","typescript:S3358","apps/control-panel/src/features/central-catalog/catalog-vertical-registry.tsx","110","Extract this nested ternary operation into an independent statement.","2026-09-26T10:48:43+0000","INTENTIONAL","CLEAR"
"AaDobxYrXR70GwIMNYJq","MAJOR","OPEN","typescript:S3358","apps/control-panel/src/features/central-catalog/catalog-vertical-registry.tsx","117","Extract this nested ternary operation into an independent statement.","2026-09-26T10:48:43+0000","INTENTIONAL","CLEAR"
"AaDobxYrXR70GwIMNYJr","MAJOR","OPEN","typescript:S3358","apps/control-panel/src/features/central-catalog/catalog-vertical-registry.tsx","117","Extract this nested ternary operation into an independent statement.","2026-09-26T10:48:43+0000","INTENTIONAL","CLEAR"
"AaDobxYrXR70GwIMNYJs","MAJOR","OPEN","typescript:S3358","apps/control-panel/src/features/central-catalog/catalog-vertical-registry.tsx","117","Extract this nested ternary operation into an independent statement.","2026-09-26T10:48:43+0000","INTENTIONAL","CLEAR"
"AaDobxUcXR70GwIMNYJR","CRITICAL","OPEN","typescript:S3776","apps/control-panel/src/features/central-catalog/central-catalog.tsx","26","Refactor this function to reduce its Cognitive Complexity from 25 to the 15 allowed.","2026-09-26T10:48:43+0000","ADAPTABLE","FOCUSED"
"AaDobxUcXR70GwIMNYJS","MAJOR","OPEN","typescript:S2681","apps/control-panel/src/features/central-catalog/central-catalog.tsx","38","This statement will not be executed conditionally; only the first statement will be. The rest will execute unconditionally.","2026-09-26T10:48:43+0000","CONSISTENT","FORMATTED"
"AaDobxUcXR70GwIMNYJT","CRITICAL","OPEN","typescript:S3776","apps/control-panel/src/features/central-catalog/central-catalog.tsx","68","Refactor this function to reduce its Cognitive Complexity from 22 to the 15 allowed.","2026-09-26T10:48:43+0000","ADAPTABLE","FOCUSED"
"AaDobxUcXR70GwIMNYJU","MAJOR","OPEN","typescript:S2681","apps/control-panel/src/features/central-catalog/central-catalog.tsx","309","This statement will not be executed conditionally; only the first statement will be. The rest will execute unconditionally.","2026-09-26T10:48:43+0000","CONSISTENT","FORMATTED"
"AaDobxUcXR70GwIMNYJV","MAJOR","OPEN","typescript:S3358","apps/control-panel/src/features/central-catalog/central-catalog.tsx","341","Extract this nested ternary operation into an independent statement.","2026-09-26T10:48:43+0000","INTENTIONAL","CLEAR"
"AaDobxUcXR70GwIMNYJW","MAJOR","OPEN","typescript:S3358","apps/control-panel/src/features/central-catalog/central-catalog.tsx","351","Extract this nested ternary operation into an independent statement.","2026-09-26T10:48:43+0000","INTENTIONAL","CLEAR"
"AaDobxUcXR70GwIMNYJZ","MAJOR","OPEN","typescript:S6853","apps/control-panel/src/features/central-catalog/central-catalog.tsx","472","A form label must have accessible text.","2026-09-26T10:48:43+0000","INTENTIONAL","LOGICAL"
"AaDobxUcXR70GwIMNYJa","MAJOR","OPEN","typescript:S3358","apps/control-panel/src/features/central-catalog/central-catalog.tsx","481","Extract this nested ternary operation into an independent statement.","2026-09-26T10:48:43+0000","INTENTIONAL","CLEAR"
"AaDobxUcXR70GwIMNYJb","MAJOR","OPEN","typescript:S3358","apps/control-panel/src/features/central-catalog/central-catalog.tsx","493","Extract this nested ternary operation into an independent statement.","2026-09-26T10:48:43+0000","INTENTIONAL","CLEAR"
"AaDobxiXXR70GwIMNYKX","MAJOR","OPEN","css:S4666","apps/control-panel/src/shell/workspace-shell.module.css","130","Duplicate selector "":global(.catalog-category-detail-heading)"", first used at line 111","2026-09-26T10:48:43+0000","INTENTIONAL","LOGICAL"
"AaDobvT_XR70GwIMNYHs","MINOR","OPEN","godre:S8193","services/dsh/backend/internal/catalog/catalog_category_media.go","84","Remove this unnecessary variable declaration and use the expression directly in the condition.","2026-09-26T10:48:43+0000","INTENTIONAL","CLEAR"
"AaDobvViXR70GwIMNYHu","CRITICAL","OPEN","go:S3776","services/dsh/backend/internal/catalog/catalog_product.go","500","Refactor this method to reduce its Cognitive Complexity from 27 to the 15 allowed.","2026-09-26T10:48:43+0000","ADAPTABLE","FOCUSED"
"AaDobygsXR70GwIMNYMt","MAJOR","OPEN","javascript:S3358","tools/dev/report-ci-performance.mjs","55","Extract this nested ternary operation into an independent statement.","2026-09-26T05:32:43+0000","INTENTIONAL","CLEAR"
"AaDobxwJXR70GwIMNYKo","MINOR","OPEN","typescript:S6759","apps/app-client/src/features/wallet/cash-in-panel.tsx","56","Mark the props of the component as read-only.","2026-09-26T05:29:51+0000","CONSISTENT","CONVENTIONAL"
"AaDobxwJXR70GwIMNYKq","MAJOR","OPEN","typescript:S3358","apps/app-client/src/features/wallet/cash-in-panel.tsx","227","Extract this nested ternary operation into an independent statement.","2026-09-26T05:29:51+0000","INTENTIONAL","CLEAR"
"AaDobxwJXR70GwIMNYKr","MAJOR","OPEN","typescript:S3358","apps/app-client/src/features/wallet/cash-in-panel.tsx","229","Extract this nested ternary operation into an independent statement.","2026-09-26T05:29:51+0000","INTENTIONAL","CLEAR"
"AaDobxwJXR70GwIMNYKs","MINOR","OPEN","typescript:S6353","apps/app-client/src/features/wallet/cash-in-panel.tsx","250","Use concise character class syntax '\D' instead of '[^0-9]'.","2026-09-26T05:29:51+0000","INTENTIONAL","CLEAR"
"AaDobxwJXR70GwIMNYKt","MAJOR","OPEN","typescript:S3358","apps/app-client/src/features/wallet/cash-in-panel.tsx","271","Extract this nested ternary operation into an independent statement.","2026-09-26T05:29:51+0000","INTENTIONAL","CLEAR"
"AaDkvuCwBiDDEjYcNwC2","MAJOR","OPEN","javascript:S5869","tools/dev/capture-ci-failure.mjs","177","Remove duplicates in this character class.","2026-09-26T02:05:05+0000","INTENTIONAL","CLEAR"
"AaDkvuCwBiDDEjYcNwC3","MAJOR","OPEN","javascript:S6535","tools/dev/capture-ci-failure.mjs","177","Unnecessary escape character: \/.","2026-09-26T02:05:05+0000","INTENTIONAL","CLEAR"
"AaDkvuCwBiDDEjYcNwC4","MINOR","OPEN","javascript:S6353","tools/dev/capture-ci-failure.mjs","178","Use concise character class syntax '\w' instead of '[A-Za-z0-9_]'.","2026-09-26T02:05:05+0000","INTENTIONAL","CLEAR"
"AaDkvuCwBiDDEjYcNwC5","MINOR","OPEN","javascript:S6353","tools/dev/capture-ci-failure.mjs","178","Use concise character class syntax '\w' instead of '[A-Za-z0-9_]'.","2026-09-26T02:05:05+0000","INTENTIONAL","CLEAR"
"AaDkvuCwBiDDEjYcNwC6","MAJOR","OPEN","javascript:S5843","tools/dev/capture-ci-failure.mjs","182","Simplify this regular expression to reduce its complexity from 21 to the 20 allowed.","2026-09-26T02:05:05+0000","INTENTIONAL","CLEAR"
"AaDkvt_yBiDDEjYcNwAu","MINOR","OPEN","javascript:S4036","tools/dev/verify-ci-exact-sha.mjs","97","Make sure the ""PATH"" variable only contains fixed, unwriteable directories.","2026-09-26T02:05:05+0000","INTENTIONAL","COMPLETE"
"AaDkvt_4BiDDEjYcNwAv","CRITICAL","OPEN","javascript:S2871","tools/dev/verify-cache-contracts.mjs","147","Provide a compare function that depends on ""String.localeCompare"", to reliably sort elements alphabetically.","2026-09-26T00:49:04+0000","INTENTIONAL","CLEAR"
"AaDkvuBsBiDDEjYcNwCC","MINOR","OPEN","javascript:S7780","tools/dev/hash-control-panel-secret-input.mjs","5","`String.raw` should be used to avoid escaping `\`.","2026-09-26T00:46:48+0000","INTENTIONAL","CLEAR"
"AaDkvuCKBiDDEjYcNwCQ","MAJOR","OPEN","jssecurity:S8705","tools/dev/build-ci-image.mjs","36","Command Argument Injection via faulty LLM-supplied CLI arguments","2026-09-26T00:45:28+0000","INTENTIONAL","COMPLETE"
"AaDkvuCKBiDDEjYcNwCP","MINOR","OPEN","javascript:S4036","tools/dev/build-ci-image.mjs","36","Make sure the ""PATH"" variable only contains fixed, unwriteable directories.","2026-09-26T00:39:32+0000","INTENTIONAL","COMPLETE"
"AaDkvuADBiDDEjYcNwAz","MINOR","OPEN","javascript:S4036","tools/dev/verify-secret-safety.mjs","11","Make sure the ""PATH"" variable only contains fixed, unwriteable directories.","2026-09-26T00:20:59+0000","INTENTIONAL","COMPLETE"
"AaDkvuADBiDDEjYcNwA0","MINOR","OPEN","javascript:S4036","tools/dev/verify-secret-safety.mjs","28","Make sure the ""PATH"" variable only contains fixed, unwriteable directories.","2026-09-26T00:20:59+0000","INTENTIONAL","COMPLETE"
"AaDkvuADBiDDEjYcNwA1","MINOR","OPEN","javascript:S4036","tools/dev/verify-secret-safety.mjs","61","Make sure the ""PATH"" variable only contains fixed, unwriteable directories.","2026-09-26T00:20:59+0000","INTENTIONAL","COMPLETE"
"AaDkvuDkBiDDEjYcNwDb","MAJOR","OPEN","githubactions:S8264",".github/workflows/ci-static.yml","13","Move this read permission from workflow level to job level.","2026-09-26T00:18:55+0000","RESPONSIBLE","TRUSTWORTHY"
"AaDkvuCpBiDDEjYcNwC1","MAJOR","OPEN","jssecurity:S8707","tools/dev/check-go-format.mjs","19","Path Traversal via faulty LLM-supplied CLI arguments","2026-09-26T00:01:52+0000","INTENTIONAL","COMPLETE"
"AaDkvuCpBiDDEjYcNwC0","MINOR","OPEN","javascript:S4036","tools/dev/check-go-format.mjs","49","Make sure the ""PATH"" variable only contains fixed, unwriteable directories.","2026-09-26T00:01:52+0000","INTENTIONAL","COMPLETE"
"AaDkvuCQBiDDEjYcNwCR","MINOR","OPEN","javascript:S4036","tools/dev/verify-go-workspace-sync.mjs","11","Make sure the ""PATH"" variable only contains fixed, unwriteable directories.","2026-09-26T00:00:28+0000","INTENTIONAL","COMPLETE"
"AaDkvuCQBiDDEjYcNwCS","CRITICAL","OPEN","javascript:S2871","tools/dev/verify-go-workspace-sync.mjs","31","Provide a compare function to avoid sorting elements alphabetically.","2026-09-26T00:00:28+0000","INTENTIONAL","CLEAR"
"AaDkvuCQBiDDEjYcNwCT","MINOR","OPEN","javascript:S4036","tools/dev/verify-go-workspace-sync.mjs","44","Make sure the ""PATH"" variable only contains fixed, unwriteable directories.","2026-09-26T00:00:28+0000","INTENTIONAL","COMPLETE"
"AaDkvuCQBiDDEjYcNwCU","CRITICAL","OPEN","javascript:S2871","tools/dev/verify-go-workspace-sync.mjs","48","Provide a compare function to avoid sorting elements alphabetically.","2026-09-26T00:00:28+0000","INTENTIONAL","CLEAR"
"AaDkvuDcBiDDEjYcNwDa","MINOR","OPEN","javascript:S7780","tools/mobile/hash-mobile-secret-input.mjs","5","`String.raw` should be used to avoid escaping `\`.","2026-09-26T00:00:28+0000","INTENTIONAL","CLEAR"
"AaDkvtkaBiDDEjYcNvyj","CRITICAL","OPEN","go:S3776","services/dsh/backend/internal/storage/postgres/catalog.go","1019","Refactor this method to reduce its Cognitive Complexity from 35 to the 15 allowed.","2026-09-25T13:30:04+0000","ADAPTABLE","FOCUSED"
"AaDkvtdFBiDDEjYcNvtd","CRITICAL","OPEN","go:S3776","services/identity/backend/internal/storage/postgres/migrate_test.go","22","Refactor this method to reduce its Cognitive Complexity from 139 to the 15 allowed.","2026-09-25T11:57:39+0000","ADAPTABLE","FOCUSED"
"AaDkvt32BiDDEjYcNv9Q","CRITICAL","OPEN","typescript:S3776","apps/control-panel/src/server/identity/identity-bff.ts","361","Refactor this function to reduce its Cognitive Complexity from 22 to the 15 allowed.","2026-09-25T11:00:08+0000","ADAPTABLE","FOCUSED"
"AaDkvt4IBiDDEjYcNv9U","MINOR","OPEN","typescript:S3863","apps/control-panel/src/server/dsh/dsh-bff.ts","1","'@bthwani/dsh' imported multiple times.","2026-09-25T09:22:44+0000","CONSISTENT","CONVENTIONAL"
"AaDkvt4IBiDDEjYcNv9V","MINOR","OPEN","typescript:S3863","apps/control-panel/src/server/dsh/dsh-bff.ts","2","'@bthwani/dsh' imported multiple times.","2026-09-25T09:22:44+0000","CONSISTENT","CONVENTIONAL"
"AaDobxPIXR70GwIMNYJO","MINOR","OPEN","typescript:S1874","apps/control-panel/src/features/finance/cash-custody-workspace.tsx","5","'FormEvent' is deprecated.","2026-09-25T08:35:41+0000","CONSISTENT","CONVENTIONAL"
"AaDkvt09BiDDEjYcNv6j","CRITICAL","OPEN","typescript:S3776","apps/control-panel/src/features/finance/field-commission-policy-workspace.tsx","13","Refactor this function to reduce its Cognitive Complexity from 43 to the 15 allowed.","2026-09-25T08:35:41+0000","ADAPTABLE","FOCUSED"
"AaDkvt09BiDDEjYcNv6k","MINOR","OPEN","typescript:S7718","apps/control-panel/src/features/finance/field-commission-policy-workspace.tsx","60","The catch parameter `value` should be named `error_`.","2026-09-25T08:35:41+0000","CONSISTENT","CONVENTIONAL"
"AaDkvt09BiDDEjYcNv6l","MINOR","OPEN","typescript:S7718","apps/control-panel/src/features/finance/field-commission-policy-workspace.tsx","94","The catch parameter `value` should be named `error_`.","2026-09-25T08:35:41+0000","CONSISTENT","CONVENTIONAL"
"AaDkvt3JBiDDEjYcNv8n","CRITICAL","OPEN","typescript:S3776","apps/control-panel/src/features/marketing/marketing-workspace.tsx","437","Refactor this function to reduce its Cognitive Complexity from 45 to the 15 allowed.","2026-09-25T08:35:41+0000","ADAPTABLE","FOCUSED"
"AaDkvtjLBiDDEjYcNvxT","CRITICAL","OPEN","go:S1192","services/dsh/backend/internal/storage/postgres/field.go","91","Define a constant instead of duplicating this literal ""SELECT pg_advisory_xact_lock(hashtextextended($1,0))"" 3 times.","2026-09-25T08:20:38+0000","ADAPTABLE","DISTINCT"
"AaDkvtwEBiDDEjYcNv4G","CRITICAL","OPEN","typescript:S3776","apps/control-panel/app/api/marketing/content/targets/route.ts","19","Refactor this function to reduce its Cognitive Complexity from 27 to the 15 allowed.","2026-09-25T07:40:36+0000","ADAPTABLE","FOCUSED"
"AaDkvty6BiDDEjYcNv43","MINOR","OPEN","typescript:S7773","apps/control-panel/app/api/policies/stores/route.ts","21","Prefer `Number.NaN` over `NaN`.","2026-09-25T07:40:36+0000","CONSISTENT","CONVENTIONAL"
"AaDkvt09BiDDEjYcNv6o","MAJOR","OPEN","typescript:S3358","apps/control-panel/src/features/finance/field-commission-policy-workspace.tsx","198","Extract this nested ternary operation into an independent statement.","2026-09-25T07:40:36+0000","INTENTIONAL","CLEAR"
"AaDkvt09BiDDEjYcNv6p","MAJOR","OPEN","typescript:S3358","apps/control-panel/src/features/finance/field-commission-policy-workspace.tsx","198","Extract this nested ternary operation into an independent statement.","2026-09-25T07:40:36+0000","INTENTIONAL","CLEAR"
"AaDkvt09BiDDEjYcNv6q","MAJOR","OPEN","typescript:S3358","apps/control-panel/src/features/finance/field-commission-policy-workspace.tsx","198","Extract this nested ternary operation into an independent statement.","2026-09-25T07:40:36+0000","INTENTIONAL","CLEAR"
"AaDkvt4IBiDDEjYcNv9o","MAJOR","OPEN","typescript:S107","apps/control-panel/src/server/dsh/dsh-bff.ts","219","Async function 'listOperatorStores' has too many parameters (8). Maximum allowed is 7.","2026-09-25T07:40:36+0000","ADAPTABLE","FOCUSED"
"AaDkvtjgBiDDEjYcNvxi","CRITICAL","OPEN","go:S3776","services/dsh/backend/internal/storage/postgres/store_publication.go","208","Refactor this method to reduce its Cognitive Complexity from 48 to the 15 allowed.","2026-09-25T07:40:36+0000","ADAPTABLE","FOCUSED"
"AaDkvtjgBiDDEjYcNvxj","MAJOR","OPEN","go:S107","services/dsh/backend/internal/storage/postgres/store_publication.go","208","This function has 9 parameters, which is greater than the 7 authorized.","2026-09-25T07:40:36+0000","ADAPTABLE","FOCUSED"
"AaDkvtorBiDDEjYcNv02","MAJOR","OPEN","go:S107","services/dsh/backend/internal/storepublication/service.go","136","This function has 9 parameters, which is greater than the 7 authorized.","2026-09-25T07:40:36+0000","ADAPTABLE","FOCUSED"
"AaDkvtwLBiDDEjYcNv4H","MINOR","OPEN","typescript:S7773","apps/control-panel/app/api/marketing/content/route.ts","30","Prefer `Number.NaN` over `NaN`.","2026-09-25T06:25:24+0000","CONSISTENT","CONVENTIONAL"
"AaDkvtwRBiDDEjYcNv4J","MINOR","OPEN","typescript:S7773","apps/control-panel/app/api/marketing/promotions/route.ts","28","Prefer `Number.NaN` over `NaN`.","2026-09-25T06:25:24+0000","CONSISTENT","CONVENTIONAL"
"AaDkvt3JBiDDEjYcNv8l","MAJOR","OPEN","typescript:S3358","apps/control-panel/src/features/marketing/marketing-workspace.tsx","430","Extract this nested ternary operation into an independent statement.","2026-09-25T06:25:24+0000","INTENTIONAL","CLEAR"
"AaDkvt3JBiDDEjYcNv8m","MAJOR","OPEN","typescript:S6819","apps/control-panel/src/features/marketing/marketing-workspace.tsx","430","Use <output> instead of the ""status"" role to ensure accessibility across all devices.","2026-09-25T06:25:24+0000","CONSISTENT","CONVENTIONAL"
"AaDkvt3JBiDDEjYcNv8o","CRITICAL","OPEN","typescript:S2004","apps/control-panel/src/features/marketing/marketing-workspace.tsx","558","Refactor this code to not nest functions more than 5 levels deep.","2026-09-25T06:25:24+0000","ADAPTABLE","FOCUSED"
"AaDkvt3JBiDDEjYcNv8u","MAJOR","OPEN","typescript:S3358","apps/control-panel/src/features/marketing/marketing-workspace.tsx","793","Extract this nested ternary operation into an independent statement.","2026-09-25T06:25:24+0000","INTENTIONAL","CLEAR"
"AaDkvt3JBiDDEjYcNv8v","MAJOR","OPEN","typescript:S3358","apps/control-panel/src/features/marketing/marketing-workspace.tsx","793","Extract this nested ternary operation into an independent statement.","2026-09-25T06:25:24+0000","INTENTIONAL","CLEAR"
"AaDkvt3JBiDDEjYcNv8w","MAJOR","OPEN","typescript:S6819","apps/control-panel/src/features/marketing/marketing-workspace.tsx","793","Use <output> instead of the ""status"" role to ensure accessibility across all devices.","2026-09-25T06:25:24+0000","CONSISTENT","CONVENTIONAL"
"AaDkvt3JBiDDEjYcNv8x","MAJOR","OPEN","typescript:S6819","apps/control-panel/src/features/marketing/marketing-workspace.tsx","795","Use <output> instead of the ""status"" role to ensure accessibility across all devices.","2026-09-25T06:25:24+0000","CONSISTENT","CONVENTIONAL"
"AaDkvt3JBiDDEjYcNv8y","MAJOR","OPEN","typescript:S3358","apps/control-panel/src/features/marketing/marketing-workspace.tsx","795","Extract this nested ternary operation into an independent statement.","2026-09-25T06:25:24+0000","INTENTIONAL","CLEAR"
"AaDkvthhBiDDEjYcNvwe","CRITICAL","OPEN","go:S3776","services/dsh/backend/internal/storage/postgres/marketing_registry.go","116","Refactor this method to reduce its Cognitive Complexity from 25 to the 15 allowed.","2026-09-25T06:25:24+0000","ADAPTABLE","FOCUSED"
"AaDkvtmbBiDDEjYcNvzb","CRITICAL","OPEN","go:S3776","services/dsh/backend/internal/transport/http/marketing_registry.go","80","Refactor this method to reduce its Cognitive Complexity from 22 to the 15 allowed.","2026-09-25T06:25:24+0000","ADAPTABLE","FOCUSED"
"AaDkvtwqBiDDEjYcNv4N","MINOR","OPEN","typescript:S7773","apps/control-panel/app/api/finance/cash-custody/route.ts","22","Prefer `Number.NaN` over `NaN`.","2026-09-25T05:53:16+0000","CONSISTENT","CONVENTIONAL"
"AaDobxPIXR70GwIMNYJP","MINOR","OPEN","typescript:S1874","apps/control-panel/src/features/finance/cash-custody-workspace.tsx","78","'FormEvent' is deprecated.","2026-09-25T05:53:16+0000","CONSISTENT","CONVENTIONAL"
"AaDkvt1eBiDDEjYcNv7W","MAJOR","OPEN","typescript:S6819","apps/control-panel/src/features/finance/cash-custody-workspace.tsx","136","Use <output> instead of the ""status"" role to ensure accessibility across all devices.","2026-09-25T05:53:16+0000","CONSISTENT","CONVENTIONAL"
"AaDkvtu4BiDDEjYcNv3z","MAJOR","OPEN","go:S2077","services/wlt/backend/internal/storage/postgres/cash_remittance.go","89","Make sure using a dynamically formatted SQL query is safe here.","2026-09-25T05:53:16+0000","INTENTIONAL","COMPLETE"
"AaDkvtv1BiDDEjYcNv4E","CRITICAL","OPEN","go:S3776","services/wlt/backend/internal/transport/http/cash_custody_registry.go","22","Refactor this method to reduce its Cognitive Complexity from 18 to the 15 allowed.","2026-09-25T05:53:16+0000","ADAPTABLE","FOCUSED"
"AaDkvt7yBiDDEjYcNv-2","CRITICAL","OPEN","typescript:S3776","apps/app-client/src/features/cart-checkout/cart-checkout.tsx","89","Refactor this function to reduce its Cognitive Complexity from 76 to the 15 allowed.","2026-09-25T05:30:30+0000","ADAPTABLE","FOCUSED"
"AaDkvt7SBiDDEjYcNv-o","CRITICAL","OPEN","typescript:S3776","apps/app-client/src/features/orders/order-detail.tsx","19","Refactor this function to reduce its Cognitive Complexity from 85 to the 15 allowed.","2026-09-25T05:30:30+0000","ADAPTABLE","FOCUSED"
"AaDkvt7SBiDDEjYcNv-p","MAJOR","OPEN","typescript:S3358","apps/app-client/src/features/orders/order-detail.tsx","186","Extract this nested ternary operation into an independent statement.","2026-09-25T05:30:30+0000","INTENTIONAL","CLEAR"
"AaDkvt7SBiDDEjYcNv-q","MAJOR","OPEN","typescript:S3358","apps/app-client/src/features/orders/order-detail.tsx","186","Extract this nested ternary operation into an independent statement.","2026-09-25T05:30:30+0000","INTENTIONAL","CLEAR"
"AaDkvt7SBiDDEjYcNv-r","MAJOR","OPEN","typescript:S3358","apps/app-client/src/features/orders/order-detail.tsx","186","Extract this nested ternary operation into an independent statement.","2026-09-25T05:30:30+0000","INTENTIONAL","CLEAR"
"AaDkvt7EBiDDEjYcNv-j","MAJOR","OPEN","typescript:S3358","apps/app-client/src/features/orders/orders.tsx","148","Extract this nested ternary operation into an independent statement.","2026-09-25T05:30:30+0000","INTENTIONAL","CLEAR"
"AaDkvt1GBiDDEjYcNv6v","CRITICAL","OPEN","typescript:S3776","apps/control-panel/src/features/finance/beneficiary-settlement-workspace.tsx","117","Refactor this function to reduce its Cognitive Complexity from 53 to the 15 allowed.","2026-09-25T05:07:54+0000","ADAPTABLE","FOCUSED"
"AaDkvt1GBiDDEjYcNv7G","MAJOR","OPEN","typescript:S3358","apps/control-panel/src/features/finance/beneficiary-settlement-workspace.tsx","620","Extract this nested ternary operation into an independent statement.","2026-09-25T05:07:54+0000","INTENTIONAL","CLEAR"
"AaDkvt1GBiDDEjYcNv7H","MAJOR","OPEN","typescript:S3358","apps/control-panel/src/features/finance/beneficiary-settlement-workspace.tsx","620","Extract this nested ternary operation into an independent statement.","2026-09-25T05:07:54+0000","INTENTIONAL","CLEAR"
"AaDkvtuqBiDDEjYcNv3u","CRITICAL","OPEN","go:S3776","services/wlt/backend/internal/storage/postgres/customer_withdrawal.go","151","Refactor this method to reduce its Cognitive Complexity from 31 to the 15 allowed.","2026-09-25T04:57:41+0000","ADAPTABLE","FOCUSED"
"AaDkvtwgBiDDEjYcNv4M","MINOR","OPEN","typescript:S7773","apps/control-panel/app/api/finance/partner-commission-receivables/route.ts","19","Prefer `Number.NaN` over `NaN`.","2026-09-25T04:56:59+0000","CONSISTENT","CONVENTIONAL"
"AaDkvt1GBiDDEjYcNv6w","MAJOR","OPEN","typescript:S1854","apps/control-panel/src/features/finance/beneficiary-settlement-workspace.tsx","147","Remove this useless assignment to variable ""batchDetailLoading"".","2026-09-25T04:56:59+0000","INTENTIONAL","LOGICAL"
"AaDkvt1GBiDDEjYcNv6x","MINOR","OPEN","typescript:S7718","apps/control-panel/src/features/finance/beneficiary-settlement-workspace.tsx","207","The catch parameter `value` should be named `error_`.","2026-09-25T04:56:59+0000","CONSISTENT","CONVENTIONAL"
"AaDkvt1GBiDDEjYcNv6y","MINOR","OPEN","typescript:S7718","apps/control-panel/src/features/finance/beneficiary-settlement-workspace.tsx","276","The catch parameter `value` should be named `error_`.","2026-09-25T04:56:59+0000","CONSISTENT","CONVENTIONAL"
"AaDkvt1GBiDDEjYcNv7A","MINOR","OPEN","typescript:S7718","apps/control-panel/src/features/finance/beneficiary-settlement-workspace.tsx","534","The catch parameter `value` should be named `error_`.","2026-09-25T04:56:59+0000","CONSISTENT","CONVENTIONAL"
"AaDkvt1GBiDDEjYcNv7B","MINOR","OPEN","typescript:S7718","apps/control-panel/src/features/finance/beneficiary-settlement-workspace.tsx","550","The catch parameter `value` should be named `error_`.","2026-09-25T04:56:59+0000","CONSISTENT","CONVENTIONAL"
"AaDkvt1GBiDDEjYcNv7C","MAJOR","OPEN","typescript:S3358","apps/control-panel/src/features/finance/beneficiary-settlement-workspace.tsx","613","Extract this nested ternary operation into an independent statement.","2026-09-25T04:56:59+0000","INTENTIONAL","CLEAR"
"AaDkvt1GBiDDEjYcNv7E","MAJOR","OPEN","typescript:S3358","apps/control-panel/src/features/finance/beneficiary-settlement-workspace.tsx","619","Extract this nested ternary operation into an independent statement.","2026-09-25T04:56:59+0000","INTENTIONAL","CLEAR"
"AaDkvt1GBiDDEjYcNv7F","MAJOR","OPEN","typescript:S3358","apps/control-panel/src/features/finance/beneficiary-settlement-workspace.tsx","619","Extract this nested ternary operation into an independent statement.","2026-09-25T04:56:59+0000","INTENTIONAL","CLEAR"
"AaDkvt1GBiDDEjYcNv7I","MAJOR","OPEN","typescript:S6819","apps/control-panel/src/features/finance/beneficiary-settlement-workspace.tsx","627","Use <output> instead of the ""status"" role to ensure accessibility across all devices.","2026-09-25T04:56:59+0000","CONSISTENT","CONVENTIONAL"
"AaDkvt1GBiDDEjYcNv7J","MINOR","OPEN","typescript:S6353","apps/control-panel/src/features/finance/beneficiary-settlement-workspace.tsx","627","Use concise character class syntax '\D' instead of '[^0-9]'.","2026-09-25T04:56:59+0000","INTENTIONAL","CLEAR"
"AaDkvt1GBiDDEjYcNv7K","MINOR","OPEN","typescript:S6353","apps/control-panel/src/features/finance/beneficiary-settlement-workspace.tsx","627","Use concise character class syntax '\D' instead of '[^0-9]'.","2026-09-25T04:56:59+0000","INTENTIONAL","CLEAR"
"AaDkvt0pBiDDEjYcNv6E","CRITICAL","OPEN","typescript:S3776","apps/control-panel/src/features/finance/customer-withdrawal-queue.tsx","41","Refactor this function to reduce its Cognitive Complexity from 64 to the 15 allowed.","2026-09-25T04:56:59+0000","ADAPTABLE","FOCUSED"
"AaDkvt0pBiDDEjYcNv6F","MINOR","OPEN","typescript:S7718","apps/control-panel/src/features/finance/customer-withdrawal-queue.tsx","75","The catch parameter `value` should be named `error_`.","2026-09-25T04:56:59+0000","CONSISTENT","CONVENTIONAL"
"AaDkvt0pBiDDEjYcNv6G","MINOR","OPEN","typescript:S7718","apps/control-panel/src/features/finance/customer-withdrawal-queue.tsx","98","The catch parameter `value` should be named `error_`.","2026-09-25T04:56:59+0000","CONSISTENT","CONVENTIONAL"
"AaDkvt0pBiDDEjYcNv6H","MAJOR","OPEN","typescript:S3358","apps/control-panel/src/features/finance/customer-withdrawal-queue.tsx","160","Extract this nested ternary operation into an independent statement.","2026-09-25T04:56:59+0000","INTENTIONAL","CLEAR"
"AaDkvt0pBiDDEjYcNv6I","MINOR","OPEN","typescript:S7718","apps/control-panel/src/features/finance/customer-withdrawal-queue.tsx","175","The catch parameter `value` should be named `error_`.","2026-09-25T04:56:59+0000","CONSISTENT","CONVENTIONAL"
"AaDkvt0pBiDDEjYcNv6J","MINOR","OPEN","typescript:S7718","apps/control-panel/src/features/finance/customer-withdrawal-queue.tsx","211","The catch parameter `value` should be named `error_`.","2026-09-25T04:56:59+0000","CONSISTENT","CONVENTIONAL"
"AaDkvt0pBiDDEjYcNv6K","MINOR","OPEN","typescript:S7718","apps/control-panel/src/features/finance/customer-withdrawal-queue.tsx","237","The catch parameter `value` should be named `error_`.","2026-09-25T04:56:59+0000","CONSISTENT","CONVENTIONAL"
"AaDkvt0pBiDDEjYcNv6L","MAJOR","OPEN","typescript:S6772","apps/control-panel/src/features/finance/customer-withdrawal-queue.tsx","266","Ambiguous spacing before next element input","2026-09-25T04:56:59+0000","CONSISTENT","FORMATTED"
"AaDkvt0pBiDDEjYcNv6M","MAJOR","OPEN","typescript:S6772","apps/control-panel/src/features/finance/customer-withdrawal-queue.tsx","269","Ambiguous spacing before next element select","2026-09-25T04:56:59+0000","CONSISTENT","FORMATTED"
"AaDkvt0pBiDDEjYcNv6N","MAJOR","OPEN","typescript:S6772","apps/control-panel/src/features/finance/customer-withdrawal-queue.tsx","275","Ambiguous spacing before next element select","2026-09-25T04:56:59+0000","CONSISTENT","FORMATTED"
"AaDkvt0pBiDDEjYcNv6O","MAJOR","OPEN","typescript:S6819","apps/control-panel/src/features/finance/customer-withdrawal-queue.tsx","284","Use <output> instead of the ""status"" role to ensure accessibility across all devices.","2026-09-25T04:56:59+0000","CONSISTENT","CONVENTIONAL"
"AaDkvt0pBiDDEjYcNv6P","MAJOR","OPEN","typescript:S6819","apps/control-panel/src/features/finance/customer-withdrawal-queue.tsx","314","Use <output> instead of the ""status"" role to ensure accessibility across all devices.","2026-09-25T04:56:59+0000","CONSISTENT","CONVENTIONAL"
"AaDkvt0pBiDDEjYcNv6Q","MAJOR","OPEN","typescript:S6772","apps/control-panel/src/features/finance/customer-withdrawal-queue.tsx","324","Ambiguous spacing before next element input","2026-09-25T04:56:59+0000","CONSISTENT","FORMATTED"
"AaDkvt0pBiDDEjYcNv6R","MAJOR","OPEN","typescript:S6772","apps/control-panel/src/features/finance/customer-withdrawal-queue.tsx","328","Ambiguous spacing before next element input","2026-09-25T04:56:59+0000","CONSISTENT","FORMATTED"
"AaDkvt0pBiDDEjYcNv6S","MAJOR","OPEN","typescript:S6772","apps/control-panel/src/features/finance/customer-withdrawal-queue.tsx","333","Ambiguous spacing before next element input","2026-09-25T04:56:59+0000","CONSISTENT","FORMATTED"
"AaDobxJwXR70GwIMNYJL","MINOR","OPEN","typescript:S1874","apps/control-panel/src/features/finance/partner-earnings-workspace.tsx","12","'FormEvent' is deprecated.","2026-09-25T04:56:59+0000","CONSISTENT","CONVENTIONAL"
"AaDkvt0xBiDDEjYcNv6T","CRITICAL","OPEN","typescript:S3776","apps/control-panel/src/features/finance/partner-earnings-workspace.tsx","48","Refactor this function to reduce its Cognitive Complexity from 29 to the 15 allowed.","2026-09-25T04:56:59+0000","ADAPTABLE","FOCUSED"
"AaDkvt0xBiDDEjYcNv6U","MINOR","OPEN","typescript:S7718","apps/control-panel/src/features/finance/partner-earnings-workspace.tsx","96","The catch parameter `value` should be named `error_`.","2026-09-25T04:56:59+0000","CONSISTENT","CONVENTIONAL"
"AaDkvt0xBiDDEjYcNv6V","MINOR","OPEN","typescript:S7718","apps/control-panel/src/features/finance/partner-earnings-workspace.tsx","129","The catch parameter `value` should be named `error_`.","2026-09-25T04:56:59+0000","CONSISTENT","CONVENTIONAL"
"AaDobxJwXR70GwIMNYJM","MINOR","OPEN","typescript:S1874","apps/control-panel/src/features/finance/partner-earnings-workspace.tsx","151","'FormEvent' is deprecated.","2026-09-25T04:56:59+0000","CONSISTENT","CONVENTIONAL"
"AaDkvt0xBiDDEjYcNv6W","CRITICAL","OPEN","typescript:S3776","apps/control-panel/src/features/finance/partner-earnings-workspace.tsx","176","Refactor this function to reduce its Cognitive Complexity from 20 to the 15 allowed.","2026-09-25T04:56:59+0000","ADAPTABLE","FOCUSED"
"AaDkvt0xBiDDEjYcNv6Y","MAJOR","OPEN","typescript:S6819","apps/control-panel/src/features/finance/partner-earnings-workspace.tsx","268","Use <output> instead of the ""status"" role to ensure accessibility across all devices.","2026-09-25T04:56:59+0000","CONSISTENT","CONVENTIONAL"
"AaDkvt0xBiDDEjYcNv6Z","MAJOR","OPEN","typescript:S6819","apps/control-panel/src/features/finance/partner-earnings-workspace.tsx","277","Use <output> instead of the ""status"" role to ensure accessibility across all devices.","2026-09-25T04:56:59+0000","CONSISTENT","CONVENTIONAL"
"AaDkvt0xBiDDEjYcNv6a","MINOR","OPEN","typescript:S6353","apps/control-panel/src/features/finance/partner-earnings-workspace.tsx","282","Use concise character class syntax '\D' instead of '[^0-9]'.","2026-09-25T04:56:59+0000","INTENTIONAL","CLEAR"
"AaDkvt0xBiDDEjYcNv6b","MAJOR","OPEN","typescript:S3358","apps/control-panel/src/features/finance/partner-earnings-workspace.tsx","287","Extract this nested ternary operation into an independent statement.","2026-09-25T04:56:59+0000","INTENTIONAL","CLEAR"
"AaDkvt1rBiDDEjYcNv7e","MINOR","OPEN","typescript:S6582","apps/control-panel/src/features/operations/customer-withdrawal-intake.tsx","33","Prefer using an optional chain expression instead, as it's more concise and easier to read.","2026-09-25T04:56:59+0000","INTENTIONAL","CLEAR"
"AaDkvt1rBiDDEjYcNv7g","MAJOR","OPEN","typescript:S6819","apps/control-panel/src/features/operations/customer-withdrawal-intake.tsx","63","Use <output> instead of the ""status"" role to ensure accessibility across all devices.","2026-09-25T04:56:59+0000","CONSISTENT","CONVENTIONAL"
"AaDkvt3iBiDDEjYcNv9H","CRITICAL","OPEN","typescript:S3776","apps/control-panel/src/features/workspace/operator-home.tsx","11","Refactor this function to reduce its Cognitive Complexity from 42 to the 15 allowed.","2026-09-25T04:56:59+0000","ADAPTABLE","FOCUSED"
"AaDkvthhBiDDEjYcNvwc","MAJOR","OPEN","go:S2077","services/dsh/backend/internal/storage/postgres/marketing_registry.go","86","Make sure using a dynamically formatted SQL query is safe here.","2026-09-25T04:56:59+0000","INTENTIONAL","COMPLETE"
"AaDkvthhBiDDEjYcNvwd","MAJOR","OPEN","go:S2077","services/dsh/backend/internal/storage/postgres/marketing_registry.go","167","Make sure using a dynamically formatted SQL query is safe here.","2026-09-25T04:56:59+0000","INTENTIONAL","COMPLETE"
"AaDkvtnBBiDDEjYcNvzu","CRITICAL","OPEN","go:S1192","services/dsh/backend/internal/transport/http/partner_finance.go","63","Define a constant instead of duplicating this literal ""service authentication is required"" 5 times.","2026-09-25T04:56:59+0000","ADAPTABLE","DISTINCT"
"AaDkvtnBBiDDEjYcNvzt","CRITICAL","OPEN","go:S1192","services/dsh/backend/internal/transport/http/partner_finance.go","66","Define a constant instead of duplicating this literal ""X-Acting-Actor-ID"" 4 times.","2026-09-25T04:56:59+0000","ADAPTABLE","DISTINCT"
"AaDkvtuqBiDDEjYcNv3v","MAJOR","OPEN","go:S107","services/wlt/backend/internal/storage/postgres/customer_withdrawal.go","151","This function has 8 parameters, which is greater than the 7 authorized.","2026-09-25T04:56:59+0000","ADAPTABLE","FOCUSED"
"AaDkvttwBiDDEjYcNv3h","MAJOR","OPEN","go:S2077","services/wlt/backend/internal/storage/postgres/partner_commission_registry.go","37","Make sure using a dynamically formatted SQL query is safe here.","2026-09-25T04:56:59+0000","INTENTIONAL","COMPLETE"
"AaDkvtvwBiDDEjYcNv4D","CRITICAL","OPEN","go:S3776","services/wlt/backend/internal/transport/http/partner_commission_registry.go","20","Refactor this method to reduce its Cognitive Complexity from 16 to the 15 allowed.","2026-09-25T04:56:59+0000","ADAPTABLE","FOCUSED"
"AaDkvtvqBiDDEjYcNv4C","CRITICAL","OPEN","go:S3776","services/wlt/backend/internal/transport/http/settlement.go","651","Refactor this method to reduce its Cognitive Complexity from 20 to the 15 allowed.","2026-09-25T04:56:59+0000","ADAPTABLE","FOCUSED"
"AaDkvt-wBiDDEjYcNwAU","MAJOR","OPEN","typescript:S3358","apps/app-captain/src/features/account/captain-payout-card.tsx","70","Extract this nested ternary operation into an independent statement.","2026-09-25T01:47:50+0000","INTENTIONAL","CLEAR"
"AaDkvt-wBiDDEjYcNwAV","MINOR","OPEN","typescript:S6353","apps/app-captain/src/features/account/captain-payout-card.tsx","70","Use concise character class syntax '\D' instead of '[^0-9]'.","2026-09-25T01:47:50+0000","INTENTIONAL","CLEAR"
"AaDkvt-9BiDDEjYcNwAZ","MINOR","OPEN","typescript:S6353","apps/app-captain/src/features/wallet/cash-in-panel.tsx","48","Use concise character class syntax '\D' instead of '[^0-9]'.","2026-09-25T01:47:50+0000","INTENTIONAL","CLEAR"
"AaDobyKZXR70GwIMNYLh","MINOR","OPEN","typescript:S6582","apps/app-captain/src/features/wallet/cash-in-panel.tsx","67","Prefer using an optional chain expression instead, as it's more concise and easier to read.","2026-09-25T01:47:50+0000","INTENTIONAL","CLEAR"
"AaDkvt-9BiDDEjYcNwAa","MINOR","OPEN","typescript:S6353","apps/app-captain/src/features/wallet/cash-in-panel.tsx","88","Use concise character class syntax '\D' instead of '[^0-9]'.","2026-09-25T01:47:50+0000","INTENTIONAL","CLEAR"
"AaDkvt7YBiDDEjYcNv-t","MINOR","OPEN","typescript:S6353","apps/app-client/src/features/wallet/cash-in-panel.tsx","109","Use concise character class syntax '\D' instead of '[^0-9]'.","2026-09-25T01:47:50+0000","INTENTIONAL","CLEAR"
"AaDkvt-KBiDDEjYcNv_-","MAJOR","OPEN","typescript:S3358","apps/app-field/src/features/account/field-payout-card.tsx","70","Extract this nested ternary operation into an independent statement.","2026-09-25T01:47:50+0000","INTENTIONAL","CLEAR"
"AaDkvt-KBiDDEjYcNv__","MINOR","OPEN","typescript:S6353","apps/app-field/src/features/account/field-payout-card.tsx","70","Use concise character class syntax '\D' instead of '[^0-9]'.","2026-09-25T01:47:50+0000","INTENTIONAL","CLEAR"
"AaDkvt9NBiDDEjYcNv_e","MAJOR","OPEN","typescript:S3358","apps/app-partner/src/features/account/partner-payout-card.tsx","75","Extract this nested ternary operation into an independent statement.","2026-09-25T01:47:50+0000","INTENTIONAL","CLEAR"
"AaDkvt9NBiDDEjYcNv_f","MINOR","OPEN","typescript:S6353","apps/app-partner/src/features/account/partner-payout-card.tsx","75","Use concise character class syntax '\D' instead of '[^0-9]'.","2026-09-25T01:47:50+0000","INTENTIONAL","CLEAR"
"AaDkvtw9BiDDEjYcNv4Q","MINOR","OPEN","typescript:S6582","apps/control-panel/app/api/finance/settlement-statements/route.ts","12","Prefer using an optional chain expression instead, as it's more concise and easier to read.","2026-09-25T01:47:50+0000","INTENTIONAL","CLEAR"
"AaDkvtxaBiDDEjYcNv4a","MINOR","OPEN","typescript:S7776","apps/control-panel/app/api/operations/actor-legal-name/route.ts","49","`allowed` should be a `Set`, and use `allowed.has()` to check existence or non-existence.","2026-09-25T01:47:50+0000","INTENTIONAL","EFFICIENT"
"AaDkvtxaBiDDEjYcNv4b","MINOR","OPEN","typescript:S7776","apps/control-panel/app/api/operations/actor-legal-name/route.ts","56","`allowed` should be a `Set`, and use `allowed.has()` to check existence or non-existence.","2026-09-25T01:47:50+0000","INTENTIONAL","EFFICIENT"
"AaDkvt1GBiDDEjYcNv6z","MINOR","OPEN","typescript:S7718","apps/control-panel/src/features/finance/beneficiary-settlement-workspace.tsx","311","The catch parameter `value` should be named `error_`.","2026-09-25T01:47:50+0000","CONSISTENT","CONVENTIONAL"
"AaDkvt1GBiDDEjYcNv60","MINOR","OPEN","typescript:S7718","apps/control-panel/src/features/finance/beneficiary-settlement-workspace.tsx","337","The catch parameter `value` should be named `error_`.","2026-09-25T01:47:50+0000","CONSISTENT","CONVENTIONAL"
"AaDkvt1GBiDDEjYcNv61","MINOR","OPEN","typescript:S7718","apps/control-panel/src/features/finance/beneficiary-settlement-workspace.tsx","369","The catch parameter `value` should be named `error_`.","2026-09-25T01:47:50+0000","CONSISTENT","CONVENTIONAL"
"AaDkvt1GBiDDEjYcNv62","MINOR","OPEN","typescript:S7718","apps/control-panel/src/features/finance/beneficiary-settlement-workspace.tsx","397","The catch parameter `value` should be named `error_`.","2026-09-25T01:47:50+0000","CONSISTENT","CONVENTIONAL"
"AaDobxMdXR70GwIMNYJN","CRITICAL","OPEN","typescript:S2871","apps/control-panel/src/features/finance/beneficiary-settlement-workspace.tsx","406","Provide a compare function that depends on ""String.localeCompare"", to reliably sort elements alphabetically.","2026-09-25T01:47:50+0000","INTENTIONAL","CLEAR"
"AaDkvt1GBiDDEjYcNv63","MINOR","OPEN","typescript:S7718","apps/control-panel/src/features/finance/beneficiary-settlement-workspace.tsx","413","The catch parameter `value` should be named `error_`.","2026-09-25T01:47:50+0000","CONSISTENT","CONVENTIONAL"
"AaDkvt1GBiDDEjYcNv64","MINOR","OPEN","typescript:S7718","apps/control-panel/src/features/finance/beneficiary-settlement-workspace.tsx","425","The catch parameter `value` should be named `error_`.","2026-09-25T01:47:50+0000","CONSISTENT","CONVENTIONAL"
"AaDkvt1GBiDDEjYcNv65","MINOR","OPEN","typescript:S7718","apps/control-panel/src/features/finance/beneficiary-settlement-workspace.tsx","444","The catch parameter `value` should be named `error_`.","2026-09-25T01:47:50+0000","CONSISTENT","CONVENTIONAL"
"AaDkvt1GBiDDEjYcNv66","MINOR","OPEN","typescript:S7718","apps/control-panel/src/features/finance/beneficiary-settlement-workspace.tsx","458","The catch parameter `value` should be named `error_`.","2026-09-25T01:47:50+0000","CONSISTENT","CONVENTIONAL"
"AaDkvt1GBiDDEjYcNv67","MAJOR","OPEN","typescript:S4624","apps/control-panel/src/features/finance/beneficiary-settlement-workspace.tsx","466","Refactor this code to not use nested template literals.","2026-09-25T01:47:50+0000","INTENTIONAL","CLEAR"
"AaDkvt1GBiDDEjYcNv68","MINOR","OPEN","typescript:S7718","apps/control-panel/src/features/finance/beneficiary-settlement-workspace.tsx","482","The catch parameter `value` should be named `error_`.","2026-09-25T01:47:50+0000","CONSISTENT","CONVENTIONAL"
"AaDkvt1GBiDDEjYcNv69","MINOR","OPEN","typescript:S7718","apps/control-panel/src/features/finance/beneficiary-settlement-workspace.tsx","495","The catch parameter `value` should be named `error_`.","2026-09-25T01:47:50+0000","CONSISTENT","CONVENTIONAL"
"AaDkvt1GBiDDEjYcNv6-","MINOR","OPEN","typescript:S7718","apps/control-panel/src/features/finance/beneficiary-settlement-workspace.tsx","507","The catch parameter `value` should be named `error_`.","2026-09-25T01:47:50+0000","CONSISTENT","CONVENTIONAL"
"AaDkvt1GBiDDEjYcNv6_","MINOR","OPEN","typescript:S7718","apps/control-panel/src/features/finance/beneficiary-settlement-workspace.tsx","519","The catch parameter `value` should be named `error_`.","2026-09-25T01:47:50+0000","CONSISTENT","CONVENTIONAL"
"AaDkvt1GBiDDEjYcNv7D","MAJOR","OPEN","typescript:S6819","apps/control-panel/src/features/finance/beneficiary-settlement-workspace.tsx","617","Use <output> instead of the ""status"" role to ensure accessibility across all devices.","2026-09-25T01:47:50+0000","CONSISTENT","CONVENTIONAL"
"AaDkvt1rBiDDEjYcNv7d","MINOR","OPEN","typescript:S6353","apps/control-panel/src/features/operations/customer-withdrawal-intake.tsx","30","Use concise character class syntax '\d' instead of '[0-9]'.","2026-09-25T01:47:50+0000","INTENTIONAL","CLEAR"
"AaDkvt1rBiDDEjYcNv7f","MINOR","OPEN","typescript:S7718","apps/control-panel/src/features/operations/customer-withdrawal-intake.tsx","57","The catch parameter `value` should be named `error_`.","2026-09-25T01:47:50+0000","CONSISTENT","CONVENTIONAL"
"AaDkvt0NBiDDEjYcNv5t","MAJOR","OPEN","typescript:S3358","apps/control-panel/src/features/partner-onboarding/actor-legal-name-workspace.tsx","26","Extract this nested ternary operation into an independent statement.","2026-09-25T01:47:50+0000","INTENTIONAL","CLEAR"
"AaDkvt0NBiDDEjYcNv5u","MAJOR","OPEN","typescript:S3358","apps/control-panel/src/features/partner-onboarding/actor-legal-name-workspace.tsx","41","Extract this nested ternary operation into an independent statement.","2026-09-25T01:47:50+0000","INTENTIONAL","CLEAR"
"AaDkvt0NBiDDEjYcNv5v","MAJOR","OPEN","typescript:S6819","apps/control-panel/src/features/partner-onboarding/actor-legal-name-workspace.tsx","49","Use <output> instead of the ""status"" role to ensure accessibility across all devices.","2026-09-25T01:47:50+0000","CONSISTENT","CONVENTIONAL"
"AaDkvt4IBiDDEjYcNv9l","MAJOR","OPEN","typescript:S3696","apps/control-panel/src/server/dsh/dsh-bff.ts","156","Expected an error object to be thrown.","2026-09-25T01:47:50+0000","CONSISTENT","CONVENTIONAL"
"AaDkvt4IBiDDEjYcNv9m","MAJOR","OPEN","typescript:S3696","apps/control-panel/src/server/dsh/dsh-bff.ts","160","Expected an error object to be thrown.","2026-09-25T01:47:50+0000","CONSISTENT","CONVENTIONAL"
"AaDkvt4IBiDDEjYcNv9n","MAJOR","OPEN","typescript:S3696","apps/control-panel/src/server/dsh/dsh-bff.ts","163","Expected an error object to be thrown.","2026-09-25T01:47:50+0000","CONSISTENT","CONVENTIONAL"
"AaDkvtoLBiDDEjYcNv0S","CRITICAL","OPEN","go:S1192","services/dsh/backend/internal/integrations/wlt/client.go","1041","Define a constant instead of duplicating this literal ""/wlt/v1/wallets/"" 3 times.","2026-09-25T01:47:50+0000","ADAPTABLE","DISTINCT"
"AaDkvtoLBiDDEjYcNv0g","MAJOR","OPEN","go:S107","services/dsh/backend/internal/integrations/wlt/client.go","1242","This function has 11 parameters, which is greater than the 7 authorized.","2026-09-25T01:47:50+0000","ADAPTABLE","FOCUSED"
"AaDkvtoLBiDDEjYcNv0U","CRITICAL","OPEN","go:S1192","services/dsh/backend/internal/integrations/wlt/client.go","1273","Define a constant instead of duplicating this literal ""/wlt/v1/operator/customer-withdrawal-intakes/"" 4 times.","2026-09-25T01:47:50+0000","ADAPTABLE","DISTINCT"
"AaDkvtoLBiDDEjYcNv0h","MAJOR","OPEN","go:S107","services/dsh/backend/internal/integrations/wlt/client.go","1347","This function has 8 parameters, which is greater than the 7 authorized.","2026-09-25T01:47:50+0000","ADAPTABLE","FOCUSED"
"AaDkvtoLBiDDEjYcNv0i","MAJOR","OPEN","go:S107","services/dsh/backend/internal/integrations/wlt/client.go","1376","This function has 8 parameters, which is greater than the 7 authorized.","2026-09-25T01:47:50+0000","ADAPTABLE","FOCUSED"
"AaDkvtoLBiDDEjYcNv0V","CRITICAL","OPEN","go:S1192","services/dsh/backend/internal/integrations/wlt/client.go","1461","Define a constant instead of duplicating this literal ""/wlt/v1/operator/settlement-batches/"" 5 times.","2026-09-25T01:47:50+0000","ADAPTABLE","DISTINCT"
"AaDkvtoLBiDDEjYcNv0j","MAJOR","OPEN","go:S107","services/dsh/backend/internal/integrations/wlt/client.go","1484","This function has 8 parameters, which is greater than the 7 authorized.","2026-09-25T01:47:50+0000","ADAPTABLE","FOCUSED"
"AaDkvtoLBiDDEjYcNv0O","CRITICAL","OPEN","go:S1192","services/dsh/backend/internal/integrations/wlt/client.go","1539","Define a constant instead of duplicating this literal ""application/json"" 3 times.","2026-09-25T01:47:50+0000","ADAPTABLE","DISTINCT"
"AaDkvtoLBiDDEjYcNv0W","CRITICAL","OPEN","go:S1192","services/dsh/backend/internal/integrations/wlt/client.go","1540","Define a constant instead of duplicating this literal ""Bearer "" 3 times.","2026-09-25T01:47:50+0000","ADAPTABLE","DISTINCT"
"AaDkvtoLBiDDEjYcNv0T","CRITICAL","OPEN","go:S1192","services/dsh/backend/internal/integrations/wlt/client.go","1541","Define a constant instead of duplicating this literal ""Content-Type"" 3 times.","2026-09-25T01:47:50+0000","ADAPTABLE","DISTINCT"
"AaDkvtoLBiDDEjYcNv0R","CRITICAL","OPEN","go:S1192","services/dsh/backend/internal/integrations/wlt/client.go","1542","Define a constant instead of duplicating this literal ""X-Acting-Actor-ID"" 3 times.","2026-09-25T01:47:50+0000","ADAPTABLE","DISTINCT"
"AaDkvtmVBiDDEjYcNvza","CRITICAL","OPEN","go:S1192","services/dsh/backend/internal/transport/http/beneficiary_finance.go","205","Define a constant instead of duplicating this literal ""X-Acting-Actor-ID"" 4 times.","2026-09-25T01:47:50+0000","ADAPTABLE","DISTINCT"
"AaDkvtmVBiDDEjYcNvzZ","CRITICAL","OPEN","go:S1192","services/dsh/backend/internal/transport/http/beneficiary_finance.go","214","Define a constant instead of duplicating this literal ""a valid actorType and actorId are required"" 3 times.","2026-09-25T01:47:50+0000","ADAPTABLE","DISTINCT"
"AaDkvtmHBiDDEjYcNvzW","CRITICAL","OPEN","go:S1192","services/dsh/backend/internal/transport/http/beneficiary_identity.go","20","Define a constant instead of duplicating this literal ""Cache-Control"" 3 times.","2026-09-25T01:47:50+0000","ADAPTABLE","DISTINCT"
"AaDkvtmHBiDDEjYcNvzX","CRITICAL","OPEN","go:S1192","services/dsh/backend/internal/transport/http/beneficiary_identity.go","20","Define a constant instead of duplicating this literal ""no-store"" 3 times.","2026-09-25T01:47:50+0000","ADAPTABLE","DISTINCT"
"AaDkvtlYBiDDEjYcNvzG","CRITICAL","OPEN","go:S3776","services/dsh/backend/internal/transport/http/beneficiary_settlement_governance.go","41","Refactor this method to reduce its Cognitive Complexity from 25 to the 15 allowed.","2026-09-25T01:47:50+0000","ADAPTABLE","FOCUSED"
"AaDkvtlYBiDDEjYcNvzD","CRITICAL","OPEN","go:S1192","services/dsh/backend/internal/transport/http/beneficiary_settlement_governance.go","52","Define a constant instead of duplicating this literal ""X-Acting-Actor-ID"" 8 times.","2026-09-25T01:47:50+0000","ADAPTABLE","DISTINCT"
"AaDkvtlYBiDDEjYcNvzE","CRITICAL","OPEN","go:S1192","services/dsh/backend/internal/transport/http/beneficiary_settlement_governance.go","115","Define a constant instead of duplicating this literal ""Cache-Control"" 5 times.","2026-09-25T01:47:50+0000","ADAPTABLE","DISTINCT"
"AaDkvtlYBiDDEjYcNvzF","CRITICAL","OPEN","go:S1192","services/dsh/backend/internal/transport/http/beneficiary_settlement_governance.go","115","Define a constant instead of duplicating this literal ""no-store"" 4 times.","2026-09-25T01:47:50+0000","ADAPTABLE","DISTINCT"
"AaDkvtlPBiDDEjYcNvzB","CRITICAL","OPEN","go:S1192","services/dsh/backend/internal/transport/http/customer_withdrawal.go","94","Define a constant instead of duplicating this literal ""Cache-Control"" 9 times.","2026-09-25T01:47:50+0000","ADAPTABLE","DISTINCT"
"AaDkvtlPBiDDEjYcNvzC","CRITICAL","OPEN","go:S1192","services/dsh/backend/internal/transport/http/customer_withdrawal.go","144","Define a constant instead of duplicating this literal ""no-store"" 8 times.","2026-09-25T01:47:50+0000","ADAPTABLE","DISTINCT"
"AaDobwFYXR70GwIMNYIO","MINOR","OPEN","typescript:S1128","services/dsh/clients/mobile.ts","3","Remove this unused import of 'CatalogStoreOffer'.","2026-09-25T01:47:50+0000","INTENTIONAL","CLEAR"
"AaDobwFYXR70GwIMNYIP","MINOR","OPEN","typescript:S3863","services/dsh/clients/mobile.ts","3","'./generated/dsh-types' imported multiple times.","2026-09-25T01:47:50+0000","CONSISTENT","CONVENTIONAL"
"AaDkvteEBiDDEjYcNvt3","MAJOR","OPEN","go:S978","services/identity/backend/internal/actor/legal_name.go","246","Rename this identifier, ""max"" shadows a predeclared identifier.","2026-09-25T01:47:50+0000","INTENTIONAL","CLEAR"
"AaDkvteEBiDDEjYcNvt4","MAJOR","OPEN","go:S107","services/identity/backend/internal/actor/legal_name.go","274","This function has 10 parameters, which is greater than the 7 authorized.","2026-09-25T01:47:50+0000","ADAPTABLE","FOCUSED"
"AaDkvtbNBiDDEjYcNvtb","CRITICAL","OPEN","go:S1192","services/identity/backend/internal/storage/postgres/schema.go","24","Define a constant instead of duplicating this literal ""CHECK ((version > 0))"" 7 times.","2026-09-25T01:47:50+0000","ADAPTABLE","DISTINCT"
"AaDkvtbNBiDDEjYcNvtZ","CRITICAL","OPEN","go:S1192","services/identity/backend/internal/storage/postgres/schema.go","25","Define a constant instead of duplicating this literal ""PRIMARY KEY (id)"" 12 times.","2026-09-25T01:47:50+0000","ADAPTABLE","DISTINCT"
"AaDkvtdWBiDDEjYcNvtq","CRITICAL","OPEN","go:S1192","services/identity/backend/internal/transport/http/legal_name.go","14","Define a constant instead of duplicating this literal ""X-Actor-ID"" 4 times.","2026-09-25T01:47:50+0000","ADAPTABLE","DISTINCT"
"AaDkvtdWBiDDEjYcNvto","CRITICAL","OPEN","go:S1192","services/identity/backend/internal/transport/http/legal_name.go","18","Define a constant instead of duplicating this literal ""X-Acting-Actor-ID"" 4 times.","2026-09-25T01:47:50+0000","ADAPTABLE","DISTINCT"
"AaDkvtdWBiDDEjYcNvtp","CRITICAL","OPEN","go:S1192","services/identity/backend/internal/transport/http/legal_name.go","42","Define a constant instead of duplicating this literal ""Cache-Control"" 4 times.","2026-09-25T01:47:50+0000","ADAPTABLE","DISTINCT"
"AaDkvtdWBiDDEjYcNvtr","CRITICAL","OPEN","go:S1192","services/identity/backend/internal/transport/http/legal_name.go","42","Define a constant instead of duplicating this literal ""no-store"" 4 times.","2026-09-25T01:47:50+0000","ADAPTABLE","DISTINCT"
"AaDkvtdWBiDDEjYcNvtn","CRITICAL","OPEN","go:S1192","services/identity/backend/internal/transport/http/legal_name.go","90","Define a constant instead of duplicating this literal ""control-panel"" 3 times.","2026-09-25T01:47:50+0000","ADAPTABLE","DISTINCT"
"AaDkvtffBiDDEjYcNvu_","MAJOR","OPEN","go:S107","services/identity/clients/go/client.go","135","This function has 8 parameters, which is greater than the 7 authorized.","2026-09-25T01:47:50+0000","ADAPTABLE","FOCUSED"
"AaDkvtffBiDDEjYcNvvG","MAJOR","OPEN","go:S107","services/identity/clients/go/client.go","229","This function has 12 parameters, which is greater than the 7 authorized.","2026-09-25T01:47:50+0000","ADAPTABLE","FOCUSED"
"AaDkvtv7BiDDEjYcNv4F","MINOR","OPEN","godre:S8209","services/wlt/backend/internal/cashin/rail.go","55","Group together these consecutive parameters of the same type.","2026-09-25T01:47:50+0000","CONSISTENT","CONVENTIONAL"
"AaDkvtu-BiDDEjYcNv31","MAJOR","OPEN","go:S107","services/wlt/backend/internal/storage/postgres/beneficiary_registry.go","32","This function has 10 parameters, which is greater than the 7 authorized.","2026-09-25T01:47:50+0000","ADAPTABLE","FOCUSED"
"AaDkvtu-BiDDEjYcNv30","MAJOR","OPEN","go:S2077","services/wlt/backend/internal/storage/postgres/beneficiary_registry.go","91","Make sure using a dynamically formatted SQL query is safe here.","2026-09-25T01:47:50+0000","INTENTIONAL","COMPLETE"
"AaDkvtt3BiDDEjYcNv3i","MAJOR","OPEN","go:S107","services/wlt/backend/internal/storage/postgres/cash_in_funding.go","394","This function has 9 parameters, which is greater than the 7 authorized.","2026-09-25T01:47:50+0000","ADAPTABLE","FOCUSED"
"AaDkvtuqBiDDEjYcNv3t","MAJOR","OPEN","go:S2077","services/wlt/backend/internal/storage/postgres/customer_withdrawal.go","193","Make sure using a dynamically formatted SQL query is safe here.","2026-09-25T01:47:50+0000","INTENTIONAL","COMPLETE"
"AaDkvtuqBiDDEjYcNv3w","MAJOR","OPEN","go:S107","services/wlt/backend/internal/storage/postgres/customer_withdrawal.go","260","This function has 8 parameters, which is greater than the 7 authorized.","2026-09-25T01:47:50+0000","ADAPTABLE","FOCUSED"
"AaDkvtuqBiDDEjYcNv3x","MAJOR","OPEN","go:S107","services/wlt/backend/internal/storage/postgres/customer_withdrawal.go","531","This function has 11 parameters, which is greater than the 7 authorized.","2026-09-25T01:47:50+0000","ADAPTABLE","FOCUSED"
"AaDkvttdBiDDEjYcNv3a","MAJOR","OPEN","go:S2077","services/wlt/backend/internal/storage/postgres/financial_statement.go","112","Make sure using a dynamically formatted SQL query is safe here.","2026-09-25T01:47:50+0000","INTENTIONAL","COMPLETE"
"AaDkvttdBiDDEjYcNv3b","MAJOR","OPEN","go:S2077","services/wlt/backend/internal/storage/postgres/financial_statement.go","115","Make sure using a dynamically formatted SQL query is safe here.","2026-09-25T01:47:50+0000","INTENTIONAL","COMPLETE"
"AaDkvttdBiDDEjYcNv3c","MAJOR","OPEN","go:S107","services/wlt/backend/internal/storage/postgres/financial_statement.go","147","This function has 9 parameters, which is greater than the 7 authorized.","2026-09-25T01:47:50+0000","ADAPTABLE","FOCUSED"
"AaDkvtuABiDDEjYcNv3j","CRITICAL","OPEN","go:S3776","services/wlt/backend/internal/storage/postgres/official_wallet_destination.go","225","Refactor this method to reduce its Cognitive Complexity from 27 to the 15 allowed.","2026-09-25T01:47:50+0000","ADAPTABLE","FOCUSED"
"AaDkvttWBiDDEjYcNv3W","CRITICAL","OPEN","go:S1192","services/wlt/backend/internal/storage/postgres/payout_settlement.go","749","Define a constant instead of duplicating this literal ""2006-01-02"" 4 times.","2026-09-25T01:47:50+0000","ADAPTABLE","DISTINCT"
"AaDkvtvqBiDDEjYcNv3_","CRITICAL","OPEN","go:S1192","services/wlt/backend/internal/transport/http/settlement.go","359","Define a constant instead of duplicating this literal ""Cache-Control"" 10 times.","2026-09-25T01:47:50+0000","ADAPTABLE","DISTINCT"
"AaDkvtvqBiDDEjYcNv4B","CRITICAL","OPEN","go:S1192","services/wlt/backend/internal/transport/http/settlement.go","359","Define a constant instead of duplicating this literal ""no-store"" 9 times.","2026-09-25T01:47:50+0000","ADAPTABLE","DISTINCT"
"AaDkvtvqBiDDEjYcNv4A","CRITICAL","OPEN","go:S1192","services/wlt/backend/internal/transport/http/settlement.go","381","Define a constant instead of duplicating this literal ""2006-01-02"" 12 times.","2026-09-25T01:47:50+0000","ADAPTABLE","DISTINCT"
"AaDkvtvqBiDDEjYcNv3-","CRITICAL","OPEN","go:S1192","services/wlt/backend/internal/transport/http/settlement.go","638","Define a constant instead of duplicating this literal ""X-Acting-Actor-ID"" 7 times.","2026-09-25T01:47:50+0000","ADAPTABLE","DISTINCT"
"AaDkvt-fBiDDEjYcNwAG","CRITICAL","OPEN","typescript:S3776","apps/app-captain/src/features/captain-operations/captain-deliveries.tsx","303","Refactor this function to reduce its Cognitive Complexity from 61 to the 15 allowed.","2026-09-24T21:34:37+0000","ADAPTABLE","FOCUSED"
"AaDkvt98BiDDEjYcNv_7","CRITICAL","OPEN","typescript:S3776","apps/app-field/src/features/field-operations/field-new-case.tsx","29","Refactor this function to reduce its Cognitive Complexity from 38 to the 15 allowed.","2026-09-24T21:34:37+0000","ADAPTABLE","FOCUSED"
"AaDkvt6JBiDDEjYcNv91","MINOR","OPEN","javascript:S7780","apps/control-panel/next.config.mjs","5","`String.raw` should be used to avoid escaping `\`.","2026-09-24T21:34:37+0000","INTENTIONAL","CLEAR"
"AaDkvt1yBiDDEjYcNv7h","MAJOR","OPEN","typescript:S6819","apps/control-panel/src/features/operations/operation-location-map.tsx","32","Use <output> instead of the ""status"" role to ensure accessibility across all devices.","2026-09-24T21:34:37+0000","CONSISTENT","CONVENTIONAL"
"AaDkvt14BiDDEjYcNv7i","CRITICAL","OPEN","typescript:S3776","apps/control-panel/src/features/operations/order-operation-detail.tsx","24","Refactor this function to reduce its Cognitive Complexity from 37 to the 15 allowed.","2026-09-24T21:34:37+0000","ADAPTABLE","FOCUSED"
"AaDkvt14BiDDEjYcNv7l","MAJOR","OPEN","typescript:S3358","apps/control-panel/src/features/operations/order-operation-detail.tsx","177","Extract this nested ternary operation into an independent statement.","2026-09-24T21:34:37+0000","INTENTIONAL","CLEAR"
"AaDkvt_mBiDDEjYcNwAs","MAJOR","OPEN","typescript:S3358","packages/design-system/src/native/map.tsx","59","Extract this nested ternary operation into an independent statement.","2026-09-24T21:34:37+0000","INTENTIONAL","CLEAR"
"AaDkvuDXBiDDEjYcNwDU","CRITICAL","OPEN","javascript:S3776","tools/mobile/define-samrim-expo-app.cjs","19","Refactor this function to reduce its Cognitive Complexity from 29 to the 15 allowed.","2026-09-24T21:34:37+0000","ADAPTABLE","FOCUSED"
"AaDkvuDXBiDDEjYcNwDV","MINOR","OPEN","javascript:S7780","tools/mobile/define-samrim-expo-app.cjs","26","`String.raw` should be used to avoid escaping `\`.","2026-09-24T21:34:37+0000","INTENTIONAL","CLEAR"
"AaDkvt8GBiDDEjYcNv-_","MAJOR","OPEN","typescript:S3358","apps/app-client/src/shell/client-shell.tsx","28","Extract this nested ternary operation into an independent statement.","2026-09-24T19:18:46+0000","INTENTIONAL","CLEAR"
"AaDkvt8GBiDDEjYcNv_A","MINOR","OPEN","typescript:S6759","apps/app-client/src/shell/client-shell.tsx","32","Mark the props of the component as read-only.","2026-09-24T19:18:46+0000","CONSISTENT","CONVENTIONAL"
"AaDkvtxCBiDDEjYcNv4R","MINOR","OPEN","typescript:S7776","apps/control-panel/app/api/finance/partner-financial-terms-policy/route.ts","42","`allowed` should be a `Set`, and use `allowed.has()` to check existence or non-existence.","2026-09-24T11:34:03+0000","INTENTIONAL","EFFICIENT"
"AaDkvtyGBiDDEjYcNv4i","CRITICAL","OPEN","typescript:S3776","apps/control-panel/app/api/partners/joining-cases/[caseId]/review/route.ts","13","Refactor this function to reduce its Cognitive Complexity from 17 to the 15 allowed.","2026-09-24T11:34:03+0000","ADAPTABLE","FOCUSED"
"AaDkvt1SBiDDEjYcNv7O","CRITICAL","OPEN","typescript:S3776","apps/control-panel/src/features/finance/partner-financial-terms-policy-workspace.tsx","12","Refactor this function to reduce its Cognitive Complexity from 17 to the 15 allowed.","2026-09-24T11:34:03+0000","ADAPTABLE","FOCUSED"
"AaDkvt1SBiDDEjYcNv7P","MINOR","OPEN","typescript:S7718","apps/control-panel/src/features/finance/partner-financial-terms-policy-workspace.tsx","44","The catch parameter `value` should be named `error_`.","2026-09-24T11:34:03+0000","CONSISTENT","CONVENTIONAL"
"AaDkvt1SBiDDEjYcNv7Q","MINOR","OPEN","typescript:S7718","apps/control-panel/src/features/finance/partner-financial-terms-policy-workspace.tsx","73","The catch parameter `value` should be named `error_`.","2026-09-24T11:34:03+0000","CONSISTENT","CONVENTIONAL"
"AaDkvt1SBiDDEjYcNv7R","MAJOR","OPEN","typescript:S6819","apps/control-panel/src/features/finance/partner-financial-terms-policy-workspace.tsx","86","Use <output> instead of the ""status"" role to ensure accessibility across all devices.","2026-09-24T11:34:03+0000","CONSISTENT","CONVENTIONAL"
"AaDkvt1SBiDDEjYcNv7S","MAJOR","OPEN","typescript:S6819","apps/control-panel/src/features/finance/partner-financial-terms-policy-workspace.tsx","87","Use <output> instead of the ""status"" role to ensure accessibility across all devices.","2026-09-24T11:34:03+0000","CONSISTENT","CONVENTIONAL"
"AaDkvt1SBiDDEjYcNv7T","MAJOR","OPEN","typescript:S6819","apps/control-panel/src/features/finance/partner-financial-terms-policy-workspace.tsx","97","Use <output> instead of the ""status"" role to ensure accessibility across all devices.","2026-09-24T11:34:03+0000","CONSISTENT","CONVENTIONAL"
"AaDkvt1SBiDDEjYcNv7U","MAJOR","OPEN","typescript:S3358","apps/control-panel/src/features/finance/partner-financial-terms-policy-workspace.tsx","98","Extract this nested ternary operation into an independent statement.","2026-09-24T11:34:03+0000","INTENTIONAL","CLEAR"
"AaDkvt0HBiDDEjYcNv5o","CRITICAL","OPEN","typescript:S3776","apps/control-panel/src/features/partner-onboarding/joining-case-detail.tsx","16","Refactor this function to reduce its Cognitive Complexity from 47 to the 15 allowed.","2026-09-24T11:34:03+0000","ADAPTABLE","FOCUSED"
"AaDkvt0HBiDDEjYcNv5r","MAJOR","OPEN","typescript:S6819","apps/control-panel/src/features/partner-onboarding/joining-case-detail.tsx","223","Use <output> instead of the ""status"" role to ensure accessibility across all devices.","2026-09-24T11:34:03+0000","CONSISTENT","CONVENTIONAL"
"AaDkvt0HBiDDEjYcNv5s","MAJOR","OPEN","typescript:S6819","apps/control-panel/src/features/partner-onboarding/joining-case-detail.tsx","232","Use <output> instead of the ""status"" role to ensure accessibility across all devices.","2026-09-24T11:34:03+0000","CONSISTENT","CONVENTIONAL"
"AaDkvt3WBiDDEjYcNv8-","MAJOR","OPEN","typescript:S6819","apps/control-panel/src/features/policies/policies-workspace.tsx","30","Use <output> instead of the ""status"" role to ensure accessibility across all devices.","2026-09-24T11:34:03+0000","CONSISTENT","CONVENTIONAL"
"AaDkvtoLBiDDEjYcNv0c","MAJOR","OPEN","go:S107","services/dsh/backend/internal/integrations/wlt/client.go","1116","This function has 9 parameters, which is greater than the 7 authorized.","2026-09-24T11:34:03+0000","ADAPTABLE","FOCUSED"
"AaDkvtoLBiDDEjYcNv0k","MAJOR","OPEN","go:S107","services/dsh/backend/internal/integrations/wlt/client.go","1615","This function has 8 parameters, which is greater than the 7 authorized.","2026-09-24T11:34:03+0000","ADAPTABLE","FOCUSED"
"AaDkvtoUBiDDEjYcNv0o","CRITICAL","OPEN","go:S3776","services/dsh/backend/internal/joiningcase/service.go","96","Refactor this method to reduce its Cognitive Complexity from 17 to the 15 allowed.","2026-09-24T11:34:03+0000","ADAPTABLE","FOCUSED"
"AaDkvtoUBiDDEjYcNv0p","MAJOR","OPEN","go:S107","services/dsh/backend/internal/joiningcase/service.go","96","This function has 9 parameters, which is greater than the 7 authorized.","2026-09-24T11:34:03+0000","ADAPTABLE","FOCUSED"
"AaDkvthHBiDDEjYcNvwO","CRITICAL","OPEN","go:S3776","services/dsh/backend/internal/storage/postgres/joining_case.go","600","Refactor this method to reduce its Cognitive Complexity from 26 to the 15 allowed.","2026-09-24T11:34:03+0000","ADAPTABLE","FOCUSED"
"AaDkvthHBiDDEjYcNvwP","MAJOR","OPEN","go:S107","services/dsh/backend/internal/storage/postgres/joining_case.go","600","This function has 13 parameters, which is greater than the 7 authorized.","2026-09-24T11:34:03+0000","ADAPTABLE","FOCUSED"
"AaDkvthHBiDDEjYcNvwQ","MAJOR","OPEN","go:S107","services/dsh/backend/internal/storage/postgres/joining_case.go","708","This function has 11 parameters, which is greater than the 7 authorized.","2026-09-24T11:34:03+0000","ADAPTABLE","FOCUSED"
"AaDkvthHBiDDEjYcNvwS","CRITICAL","OPEN","go:S3776","services/dsh/backend/internal/storage/postgres/joining_case.go","946","Refactor this method to reduce its Cognitive Complexity from 18 to the 15 allowed.","2026-09-24T11:34:03+0000","ADAPTABLE","FOCUSED"
"AaDkvthHBiDDEjYcNvwU","MAJOR","OPEN","go:S107","services/dsh/backend/internal/storage/postgres/joining_case.go","1165","This function has 12 parameters, which is greater than the 7 authorized.","2026-09-24T11:34:03+0000","ADAPTABLE","FOCUSED"
"AaDkvtlmBiDDEjYcNvzN","CRITICAL","OPEN","go:S1192","services/dsh/backend/internal/transport/http/delivery_fee.go","43","Define a constant instead of duplicating this literal ""service authentication is required"" 4 times.","2026-09-24T11:34:03+0000","ADAPTABLE","DISTINCT"
"AaDkvtl1BiDDEjYcNvzS","CRITICAL","OPEN","go:S1192","services/dsh/backend/internal/transport/http/joiningcase.go","70","Define a constant instead of duplicating this literal ""service authentication is required"" 8 times.","2026-09-24T11:34:03+0000","ADAPTABLE","DISTINCT"
"AaDkvtvFBiDDEjYcNv33","MAJOR","OPEN","go:S107","services/wlt/backend/internal/storage/postgres/financial_profile.go","225","This function has 14 parameters, which is greater than the 7 authorized.","2026-09-24T11:34:03+0000","ADAPTABLE","FOCUSED"
"AaDkvtvaBiDDEjYcNv38","CRITICAL","OPEN","go:S1192","services/wlt/backend/internal/transport/http/server.go","787","Define a constant instead of duplicating this literal ""2006-01-02T15:04:05.999Z07:00"" 15 times.","2026-09-24T11:34:03+0000","ADAPTABLE","DISTINCT"
"AaDkvtvaBiDDEjYcNv36","CRITICAL","OPEN","go:S1192","services/wlt/backend/internal/transport/http/server.go","848","Define a constant instead of duplicating this literal ""X-Acting-Actor-ID"" 9 times.","2026-09-24T11:34:03+0000","ADAPTABLE","DISTINCT"
"AaDkvtvaBiDDEjYcNv35","CRITICAL","OPEN","go:S1192","services/wlt/backend/internal/transport/http/server.go","850","Define a constant instead of duplicating this literal ""X-Acting-Actor-ID is required"" 8 times.","2026-09-24T11:34:03+0000","ADAPTABLE","DISTINCT"
"AaDkvtvaBiDDEjYcNv37","CRITICAL","OPEN","go:S1192","services/wlt/backend/internal/transport/http/server.go","931","Define a constant instead of duplicating this literal ""WLT persistence is unavailable"" 5 times.","2026-09-24T11:34:03+0000","ADAPTABLE","DISTINCT"
"AaDkvt7pBiDDEjYcNv-y","CRITICAL","OPEN","typescript:S3776","apps/app-client/src/features/access/identity-gate.tsx","50","Refactor this function to reduce its Cognitive Complexity from 70 to the 15 allowed.","2026-09-24T09:45:57+0000","ADAPTABLE","FOCUSED"
"AaDkvt7xBiDDEjYcNv-1","MINOR","OPEN","typescript:S6582","apps/app-client/src/features/cart-checkout/cart-checkout.tsx","25","Prefer using an optional chain expression instead, as it's more concise and easier to read.","2026-09-24T09:45:57+0000","INTENTIONAL","CLEAR"
"AaDkvt7yBiDDEjYcNv-4","CRITICAL","OPEN","typescript:S3776","apps/app-client/src/features/cart-checkout/cart-checkout.tsx","144","Refactor this function to reduce its Cognitive Complexity from 47 to the 15 allowed.","2026-09-24T09:45:57+0000","ADAPTABLE","FOCUSED"
"AaDkvt7yBiDDEjYcNv-5","CRITICAL","OPEN","typescript:S3776","apps/app-client/src/features/cart-checkout/cart-checkout.tsx","289","Refactor this function to reduce its Cognitive Complexity from 27 to the 15 allowed.","2026-09-24T09:45:57+0000","ADAPTABLE","FOCUSED"
"AaDkvt75BiDDEjYcNv-6","CRITICAL","OPEN","typescript:S3776","apps/app-client/src/features/cart-checkout/client-cart-screen.tsx","28","Refactor this function to reduce its Cognitive Complexity from 30 to the 15 allowed.","2026-09-24T09:45:57+0000","ADAPTABLE","FOCUSED"
"AaDkvt69BiDDEjYcNv-V","MINOR","OPEN","typescript:S7765","apps/app-client/src/features/multi-store-checkout/multi-store-checkout.tsx","74","Use `.includes()` instead of `.some()` when checking value existence.","2026-09-24T09:45:57+0000","INTENTIONAL","CLEAR"
"AaDkvt69BiDDEjYcNv-W","CRITICAL","OPEN","typescript:S3776","apps/app-client/src/features/multi-store-checkout/multi-store-checkout.tsx","195","Refactor this function to reduce its Cognitive Complexity from 42 to the 15 allowed.","2026-09-24T09:45:57+0000","ADAPTABLE","FOCUSED"
"AaDkvt69BiDDEjYcNv-X","CRITICAL","OPEN","typescript:S3776","apps/app-client/src/features/multi-store-checkout/multi-store-checkout.tsx","206","Refactor this function to reduce its Cognitive Complexity from 22 to the 15 allowed.","2026-09-24T09:45:57+0000","ADAPTABLE","FOCUSED"
"AaDkvt69BiDDEjYcNv-Y","MAJOR","OPEN","typescript:S3358","apps/app-client/src/features/multi-store-checkout/multi-store-checkout.tsx","370","Extract this nested ternary operation into an independent statement.","2026-09-24T09:45:57+0000","INTENTIONAL","CLEAR"
"AaDkvt69BiDDEjYcNv-Z","MAJOR","OPEN","typescript:S3358","apps/app-client/src/features/multi-store-checkout/multi-store-checkout.tsx","371","Extract this nested ternary operation into an independent statement.","2026-09-24T09:45:57+0000","INTENTIONAL","CLEAR"
"AaDkvt69BiDDEjYcNv-a","MAJOR","OPEN","typescript:S3358","apps/app-client/src/features/multi-store-checkout/multi-store-checkout.tsx","382","Extract this nested ternary operation into an independent statement.","2026-09-24T09:45:57+0000","INTENTIONAL","CLEAR"
"AaDkvt69BiDDEjYcNv-b","MAJOR","OPEN","typescript:S3358","apps/app-client/src/features/multi-store-checkout/multi-store-checkout.tsx","382","Extract this nested ternary operation into an independent statement.","2026-09-24T09:45:57+0000","INTENTIONAL","CLEAR"
"AaDkvt69BiDDEjYcNv-c","MAJOR","OPEN","typescript:S3358","apps/app-client/src/features/multi-store-checkout/multi-store-checkout.tsx","382","Extract this nested ternary operation into an independent statement.","2026-09-24T09:45:57+0000","INTENTIONAL","CLEAR"
"AaDkvt69BiDDEjYcNv-d","MAJOR","OPEN","typescript:S3358","apps/app-client/src/features/multi-store-checkout/multi-store-checkout.tsx","383","Extract this nested ternary operation into an independent statement.","2026-09-24T09:45:57+0000","INTENTIONAL","CLEAR"
"AaDkvt69BiDDEjYcNv-e","MINOR","OPEN","typescript:S6759","apps/app-client/src/features/multi-store-checkout/multi-store-checkout.tsx","401","Mark the props of the component as read-only.","2026-09-24T09:45:57+0000","CONSISTENT","CONVENTIONAL"
"AaDkvt69BiDDEjYcNv-i","MAJOR","OPEN","typescript:S3358","apps/app-client/src/features/multi-store-checkout/multi-store-checkout.tsx","403","Extract this nested ternary operation into an independent statement.","2026-09-24T09:45:57+0000","INTENTIONAL","CLEAR"
"AaDkvt6dBiDDEjYcNv93","CRITICAL","OPEN","typescript:S3776","apps/app-client/src/features/store-discovery/store-detail.tsx","30","Refactor this function to reduce its Cognitive Complexity from 38 to the 15 allowed.","2026-09-24T09:45:57+0000","ADAPTABLE","FOCUSED"
"AaDkvt6dBiDDEjYcNv95","CRITICAL","OPEN","typescript:S3776","apps/app-client/src/features/store-discovery/store-detail.tsx","322","Refactor this function to reduce its Cognitive Complexity from 20 to the 15 allowed.","2026-09-24T09:45:57+0000","ADAPTABLE","FOCUSED"
"AaDkvt6dBiDDEjYcNv96","MAJOR","OPEN","typescript:S2681","apps/app-client/src/features/store-discovery/store-detail.tsx","333","This statement will not be executed conditionally; only the first statement will be. The rest will execute unconditionally.","2026-09-24T09:45:57+0000","CONSISTENT","FORMATTED"
"AaDkvt6dBiDDEjYcNv97","MAJOR","OPEN","typescript:S3358","apps/app-client/src/features/store-discovery/store-detail.tsx","334","Extract this nested ternary operation into an independent statement.","2026-09-24T09:45:57+0000","INTENTIONAL","CLEAR"
"AaDkvt6dBiDDEjYcNv9_","MINOR","OPEN","typescript:S7754","apps/app-client/src/features/store-discovery/store-detail.tsx","417","Prefer `.some(���)` over non-zero length check from `.filter(���)`.","2026-09-24T09:45:57+0000","INTENTIONAL","EFFICIENT"
"AaDkvt6dBiDDEjYcNv-A","MAJOR","OPEN","typescript:S3358","apps/app-client/src/features/store-discovery/store-detail.tsx","430","Extract this nested ternary operation into an independent statement.","2026-09-24T09:45:57+0000","INTENTIONAL","CLEAR"
"AaDkvt6dBiDDEjYcNv-B","MAJOR","OPEN","typescript:S3358","apps/app-client/src/features/store-discovery/store-detail.tsx","431","Extract this nested ternary operation into an independent statement.","2026-09-24T09:45:57+0000","INTENTIONAL","CLEAR"
"AaDkvt6nBiDDEjYcNv-C","CRITICAL","OPEN","typescript:S3776","apps/app-client/src/features/store-discovery/store-discovery.tsx","30","Refactor this function to reduce its Cognitive Complexity from 113 to the 15 allowed.","2026-09-24T09:45:57+0000","ADAPTABLE","FOCUSED"
"AaDkvt6nBiDDEjYcNv-D","MINOR","OPEN","typescript:S6759","apps/app-client/src/features/store-discovery/store-discovery.tsx","30","Mark the props of the component as read-only.","2026-09-24T09:45:57+0000","CONSISTENT","CONVENTIONAL"
"AaDkvt6nBiDDEjYcNv-J","MAJOR","OPEN","typescript:S3358","apps/app-client/src/features/store-discovery/store-discovery.tsx","519","Extract this nested ternary operation into an independent statement.","2026-09-24T09:45:57+0000","INTENTIONAL","CLEAR"
"AaDkvt6nBiDDEjYcNv-K","MAJOR","OPEN","typescript:S3358","apps/app-client/src/features/store-discovery/store-discovery.tsx","519","Extract this nested ternary operation into an independent statement.","2026-09-24T09:45:57+0000","INTENTIONAL","CLEAR"
"AaDkvt6nBiDDEjYcNv-L","MAJOR","OPEN","typescript:S3358","apps/app-client/src/features/store-discovery/store-discovery.tsx","519","Extract this nested ternary operation into an independent statement.","2026-09-24T09:45:57+0000","INTENTIONAL","CLEAR"
"AaDkvt6nBiDDEjYcNv-M","MAJOR","OPEN","typescript:S3358","apps/app-client/src/features/store-discovery/store-discovery.tsx","519","Extract this nested ternary operation into an independent statement.","2026-09-24T09:45:57+0000","INTENTIONAL","CLEAR"
"AaDkvt6nBiDDEjYcNv-O","MINOR","OPEN","typescript:S6759","apps/app-client/src/features/store-discovery/store-discovery.tsx","542","Mark the props of the component as read-only.","2026-09-24T09:45:57+0000","CONSISTENT","CONVENTIONAL"
"AaDkvt6nBiDDEjYcNv-P","MAJOR","OPEN","typescript:S3358","apps/app-client/src/features/store-discovery/store-discovery.tsx","548","Extract this nested ternary operation into an independent statement.","2026-09-24T09:45:57+0000","INTENTIONAL","CLEAR"
"AaDkvt6nBiDDEjYcNv-Q","MAJOR","OPEN","typescript:S3358","apps/app-client/src/features/store-discovery/store-discovery.tsx","548","Extract this nested ternary operation into an independent statement.","2026-09-24T09:45:57+0000","INTENTIONAL","CLEAR"
"AaDkvt6nBiDDEjYcNv-R","MAJOR","OPEN","typescript:S3358","apps/app-client/src/features/store-discovery/store-discovery.tsx","549","Extract this nested ternary operation into an independent statement.","2026-09-24T09:45:57+0000","INTENTIONAL","CLEAR"
"AaDkvtnzBiDDEjYcNv0J","MAJOR","OPEN","go:S107","services/dsh/backend/internal/cart/service.go","301","This function has 11 parameters, which is greater than the 7 authorized.","2026-09-24T09:45:57+0000","ADAPTABLE","FOCUSED"
"AaDkvth6BiDDEjYcNvwp","MAJOR","OPEN","go:S107","services/dsh/backend/internal/storage/postgres/catalog_public.go","215","This function has 9 parameters, which is greater than the 7 authorized.","2026-09-24T09:45:57+0000","ADAPTABLE","FOCUSED"
"AaDkvth6BiDDEjYcNvwq","MAJOR","OPEN","go:S107","services/dsh/backend/internal/storage/postgres/catalog_public.go","227","This function has 10 parameters, which is greater than the 7 authorized.","2026-09-24T09:45:57+0000","ADAPTABLE","FOCUSED"
"AaDkvth6BiDDEjYcNvwr","MAJOR","OPEN","go:S107","services/dsh/backend/internal/storage/postgres/catalog_public.go","283","This function has 10 parameters, which is greater than the 7 authorized.","2026-09-24T09:45:57+0000","ADAPTABLE","FOCUSED"
"AaDkvth6BiDDEjYcNvws","MAJOR","OPEN","go:S107","services/dsh/backend/internal/storage/postgres/catalog_public.go","371","This function has 8 parameters, which is greater than the 7 authorized.","2026-09-24T09:45:57+0000","ADAPTABLE","FOCUSED"
"AaDkvtgpBiDDEjYcNvv5","MAJOR","OPEN","go:S107","services/dsh/backend/internal/storage/postgres/favorite_store.go","187","This function has 8 parameters, which is greater than the 7 authorized.","2026-09-24T09:45:57+0000","ADAPTABLE","FOCUSED"
"AaDkvtkMBiDDEjYcNvyG","CRITICAL","OPEN","go:S1192","services/dsh/backend/internal/storage/postgres/order.go","291","Define a constant instead of duplicating this literal ""o.id=$1"" 4 times.","2026-09-24T09:45:57+0000","ADAPTABLE","DISTINCT"
"AaDkvtkMBiDDEjYcNvyK","MAJOR","OPEN","go:S107","services/dsh/backend/internal/storage/postgres/order.go","653","This function has 9 parameters, which is greater than the 7 authorized.","2026-09-24T09:45:57+0000","ADAPTABLE","FOCUSED"
"AaDkvtkMBiDDEjYcNvyH","CRITICAL","OPEN","go:S1192","services/dsh/backend/internal/storage/postgres/order.go","748","Define a constant instead of duplicating this literal ""SELECT pg_advisory_xact_lock(hashtextextended($1,0))"" 5 times.","2026-09-24T09:45:57+0000","ADAPTABLE","DISTINCT"
"AaDkvtkMBiDDEjYcNvyL","CRITICAL","OPEN","go:S3776","services/dsh/backend/internal/storage/postgres/order.go","773","Refactor this method to reduce its Cognitive Complexity from 72 to the 15 allowed.","2026-09-24T09:45:57+0000","ADAPTABLE","FOCUSED"
"AaDkvtjYBiDDEjYcNvxZ","CRITICAL","OPEN","go:S3776","services/dsh/backend/internal/storage/postgres/order_recovery_test.go","9","Refactor this method to reduce its Cognitive Complexity from 16 to the 15 allowed.","2026-09-24T09:45:57+0000","ADAPTABLE","FOCUSED"
"AaDkvttrBiDDEjYcNv3e","CRITICAL","OPEN","go:S1192","services/wlt/backend/internal/storage/postgres/payment.go","125","Define a constant instead of duplicating this literal ""SELECT pg_advisory_xact_lock(hashtextextended($1,0))"" 5 times.","2026-09-24T09:45:57+0000","ADAPTABLE","DISTINCT"
"AaDkvt2RBiDDEjYcNv7w","CRITICAL","OPEN","typescript:S3776","apps/control-panel/src/features/central-catalog/central-catalog.tsx","91","Refactor this function to reduce its Cognitive Complexity from 65 to the 15 allowed.","2026-09-24T06:00:46+0000","ADAPTABLE","FOCUSED"
"AaDkvt2RBiDDEjYcNv7z","CRITICAL","OPEN","typescript:S3776","apps/control-panel/src/features/central-catalog/central-catalog.tsx","368","Refactor this function to reduce its Cognitive Complexity from 25 to the 15 allowed.","2026-09-24T06:00:46+0000","ADAPTABLE","FOCUSED"
"AaDkvt2RBiDDEjYcNv70","MAJOR","OPEN","typescript:S3358","apps/control-panel/src/features/central-catalog/central-catalog.tsx","434","Extract this nested ternary operation into an independent statement.","2026-09-24T06:00:46+0000","INTENTIONAL","CLEAR"
"AaDkvt2RBiDDEjYcNv71","MAJOR","OPEN","typescript:S2681","apps/control-panel/src/features/central-catalog/central-catalog.tsx","442","This statement will not be executed conditionally; only the first statement will be. The rest will execute unconditionally.","2026-09-24T06:00:46+0000","CONSISTENT","FORMATTED"
"AaDkvt2RBiDDEjYcNv72","MAJOR","OPEN","typescript:S6819","apps/control-panel/src/features/central-catalog/central-catalog.tsx","457","Use <output> instead of the ""status"" role to ensure accessibility across all devices.","2026-09-24T06:00:46+0000","CONSISTENT","CONVENTIONAL"
"AaDkvt0BBiDDEjYcNv5n","MAJOR","OPEN","typescript:S6819","apps/control-panel/src/features/partner-onboarding/joining-case-queue.tsx","141","Use <output> instead of the ""status"" role to ensure accessibility across all devices.","2026-09-24T06:00:46+0000","CONSISTENT","CONVENTIONAL"
"AaDkvt0hBiDDEjYcNv56","CRITICAL","OPEN","typescript:S3776","apps/control-panel/src/features/partner-onboarding/partner-detail-workspace.tsx","17","Refactor this function to reduce its Cognitive Complexity from 51 to the 15 allowed.","2026-09-24T06:00:46+0000","ADAPTABLE","FOCUSED"
"AaDkvt0hBiDDEjYcNv57","MAJOR","OPEN","typescript:S3358","apps/control-panel/src/features/partner-onboarding/partner-detail-workspace.tsx","40","Extract this nested ternary operation into an independent statement.","2026-09-24T06:00:46+0000","INTENTIONAL","CLEAR"
"AaDkvt0hBiDDEjYcNv58","MAJOR","OPEN","typescript:S3358","apps/control-panel/src/features/partner-onboarding/partner-detail-workspace.tsx","58","Extract this nested ternary operation into an independent statement.","2026-09-24T06:00:46+0000","INTENTIONAL","CLEAR"
"AaDkvt0hBiDDEjYcNv59","CRITICAL","OPEN","typescript:S3776","apps/control-panel/src/features/partner-onboarding/partner-detail-workspace.tsx","96","Refactor this function to reduce its Cognitive Complexity from 18 to the 15 allowed.","2026-09-24T06:00:46+0000","ADAPTABLE","FOCUSED"
"AaDkvt0hBiDDEjYcNv5-","MAJOR","OPEN","typescript:S3358","apps/control-panel/src/features/partner-onboarding/partner-detail-workspace.tsx","140","Extract this nested ternary operation into an independent statement.","2026-09-24T06:00:46+0000","INTENTIONAL","CLEAR"
"AaDkvt0hBiDDEjYcNv5_","MAJOR","OPEN","typescript:S6819","apps/control-panel/src/features/partner-onboarding/partner-detail-workspace.tsx","220","Use <output> instead of the ""status"" role to ensure accessibility across all devices.","2026-09-24T06:00:46+0000","CONSISTENT","CONVENTIONAL"
"AaDkvt0hBiDDEjYcNv6B","MAJOR","OPEN","typescript:S3358","apps/control-panel/src/features/partner-onboarding/partner-detail-workspace.tsx","231","Extract this nested ternary operation into an independent statement.","2026-09-24T06:00:46+0000","INTENTIONAL","CLEAR"
"AaDkvt0hBiDDEjYcNv6C","MAJOR","OPEN","typescript:S3358","apps/control-panel/src/features/partner-onboarding/partner-detail-workspace.tsx","238","Extract this nested ternary operation into an independent statement.","2026-09-24T06:00:46+0000","INTENTIONAL","CLEAR"
"AaDkvt0hBiDDEjYcNv6D","MAJOR","OPEN","typescript:S6819","apps/control-panel/src/features/partner-onboarding/partner-detail-workspace.tsx","248","Use <output> instead of the ""status"" role to ensure accessibility across all devices.","2026-09-24T06:00:46+0000","CONSISTENT","CONVENTIONAL"
"AaDkvt0bBiDDEjYcNv51","CRITICAL","OPEN","typescript:S3776","apps/control-panel/src/features/partner-onboarding/partner-directory.tsx","20","Refactor this function to reduce its Cognitive Complexity from 19 to the 15 allowed.","2026-09-24T06:00:46+0000","ADAPTABLE","FOCUSED"
"AaDkvt0bBiDDEjYcNv52","MAJOR","OPEN","typescript:S3358","apps/control-panel/src/features/partner-onboarding/partner-directory.tsx","94","Extract this nested ternary operation into an independent statement.","2026-09-24T06:00:46+0000","INTENTIONAL","CLEAR"
"AaDkvt0bBiDDEjYcNv53","MAJOR","OPEN","typescript:S3358","apps/control-panel/src/features/partner-onboarding/partner-directory.tsx","119","Extract this nested ternary operation into an independent statement.","2026-09-24T06:00:46+0000","INTENTIONAL","CLEAR"
"AaDkvt0bBiDDEjYcNv54","MAJOR","OPEN","typescript:S6819","apps/control-panel/src/features/partner-onboarding/partner-directory.tsx","148","Use <output> instead of the ""status"" role to ensure accessibility across all devices.","2026-09-24T06:00:46+0000","CONSISTENT","CONVENTIONAL"
"AaDkvt0bBiDDEjYcNv55","MAJOR","OPEN","typescript:S6819","apps/control-panel/src/features/partner-onboarding/partner-directory.tsx","150","Use <output> instead of the ""status"" role to ensure accessibility across all devices.","2026-09-24T06:00:46+0000","CONSISTENT","CONVENTIONAL"
"AaDkvtzvBiDDEjYcNv5g","CRITICAL","OPEN","typescript:S3776","apps/control-panel/src/features/partner-onboarding/store-registry.tsx","21","Refactor this function to reduce its Cognitive Complexity from 19 to the 15 allowed.","2026-09-24T06:00:46+0000","ADAPTABLE","FOCUSED"
"AaDkvtk2BiDDEjYcNvy2","MAJOR","OPEN","go:S107","services/dsh/backend/internal/catalog/catalog_product.go","72","This function has 9 parameters, which is greater than the 7 authorized.","2026-09-24T06:00:46+0000","ADAPTABLE","FOCUSED"
"AaDkvtg2BiDDEjYcNvv-","MAJOR","OPEN","go:S107","services/dsh/backend/internal/storage/postgres/catalog_registry.go","43","This function has 9 parameters, which is greater than the 7 authorized.","2026-09-24T06:00:46+0000","ADAPTABLE","FOCUSED"
"AaDkvthHBiDDEjYcNvwN","CRITICAL","OPEN","go:S3776","services/dsh/backend/internal/storage/postgres/joining_case.go","494","Refactor this method to reduce its Cognitive Complexity from 30 to the 15 allowed.","2026-09-24T06:00:46+0000","ADAPTABLE","FOCUSED"
"AaDkvtnKBiDDEjYcNvzx","CRITICAL","OPEN","go:S1192","services/dsh/backend/internal/transport/http/catalog_product.go","113","Define a constant instead of duplicating this literal ""service authentication is required"" 13 times.","2026-09-24T06:00:46+0000","ADAPTABLE","DISTINCT"
"AaDkvtnKBiDDEjYcNvzw","CRITICAL","OPEN","go:S1192","services/dsh/backend/internal/transport/http/catalog_product.go","116","Define a constant instead of duplicating this literal ""X-Acting-Actor-ID"" 6 times.","2026-09-24T06:00:46+0000","ADAPTABLE","DISTINCT"
"AaDkvtnKBiDDEjYcNvzy","CRITICAL","OPEN","go:S1192","services/dsh/backend/internal/transport/http/catalog_product.go","118","Define a constant instead of duplicating this literal ""X-Acting-Actor-ID is required"" 6 times.","2026-09-24T06:00:46+0000","ADAPTABLE","DISTINCT"
"AaDkvtnKBiDDEjYcNvzz","MAJOR","OPEN","go:S1479","services/dsh/backend/internal/transport/http/catalog_product.go","806","Reduce the number of switch branches from 36 to at most 30.","2026-09-24T06:00:46+0000","ADAPTABLE","FOCUSED"
"AaDkvteNBiDDEjYcNvt_","CRITICAL","OPEN","go:S3776","services/identity/backend/internal/actor/service.go","476","Refactor this method to reduce its Cognitive Complexity from 24 to the 15 allowed.","2026-09-24T06:00:46+0000","ADAPTABLE","FOCUSED"
"AaDkvt2DBiDDEjYcNv7n","MAJOR","OPEN","css:S4666","apps/control-panel/src/features/operations/operations-workspace.module.css","32","Duplicate selector "":global(.operations-sub-lane)"", first used at line 30","2026-09-24T04:35:46+0000","INTENTIONAL","LOGICAL"
"AaDkvt2DBiDDEjYcNv7o","MAJOR","OPEN","css:S4666","apps/control-panel/src/features/operations/operations-workspace.module.css","46","Duplicate selector "":global(.operations-table-wrap)"", first used at line 13","2026-09-24T04:35:46+0000","INTENTIONAL","LOGICAL"
"AaDkvt2DBiDDEjYcNv7p","MAJOR","OPEN","css:S4666","apps/control-panel/src/features/operations/operations-workspace.module.css","48","Duplicate selector "":global(.operations-table)"", first used at line 14","2026-09-24T04:35:46+0000","INTENTIONAL","LOGICAL"
"AaDkvt1mBiDDEjYcNv7X","CRITICAL","OPEN","typescript:S3776","apps/control-panel/src/features/operations/operations-workspace.tsx","37","Refactor this function to reduce its Cognitive Complexity from 28 to the 15 allowed.","2026-09-24T04:35:46+0000","ADAPTABLE","FOCUSED"
"AaDkvt1mBiDDEjYcNv7Y","MAJOR","OPEN","typescript:S3358","apps/control-panel/src/features/operations/operations-workspace.tsx","47","Extract this nested ternary operation into an independent statement.","2026-09-24T04:35:46+0000","INTENTIONAL","CLEAR"
"AaDkvt1mBiDDEjYcNv7Z","MAJOR","OPEN","typescript:S3358","apps/control-panel/src/features/operations/operations-workspace.tsx","47","Extract this nested ternary operation into an independent statement.","2026-09-24T04:35:46+0000","INTENTIONAL","CLEAR"
"AaDkvt1mBiDDEjYcNv7b","MAJOR","OPEN","typescript:S6772","apps/control-panel/src/features/operations/operations-workspace.tsx","180","Ambiguous spacing before next element select","2026-09-24T04:35:46+0000","CONSISTENT","FORMATTED"
"AaDkvt1mBiDDEjYcNv7c","MAJOR","OPEN","typescript:S6819","apps/control-panel/src/features/operations/operations-workspace.tsx","189","Use <output> instead of the ""status"" role to ensure accessibility across all devices.","2026-09-24T04:35:46+0000","CONSISTENT","CONVENTIONAL"
"AaDkvt14BiDDEjYcNv7j","MAJOR","OPEN","typescript:S6819","apps/control-panel/src/features/operations/order-operation-detail.tsx","109","Use <output> instead of the ""status"" role to ensure accessibility across all devices.","2026-09-24T04:35:46+0000","CONSISTENT","CONVENTIONAL"
"AaDkvt14BiDDEjYcNv7k","MAJOR","OPEN","typescript:S6819","apps/control-panel/src/features/operations/order-operation-detail.tsx","135","Use <output> instead of the ""status"" role to ensure accessibility across all devices.","2026-09-24T04:35:46+0000","CONSISTENT","CONVENTIONAL"
"AaDkvtmBBiDDEjYcNvzU","MINOR","OPEN","godre:S8193","services/dsh/backend/internal/transport/http/storepublication_search_test.go","23","Remove this unnecessary variable declaration and use the expression directly in the condition.","2026-09-24T04:35:40+0000","INTENTIONAL","CLEAR"
"AaDkvtmBBiDDEjYcNvzV","MINOR","OPEN","godre:S8193","services/dsh/backend/internal/transport/http/storepublication_search_test.go","29","Remove this unnecessary variable declaration and use the expression directly in the condition.","2026-09-24T04:35:40+0000","INTENTIONAL","CLEAR"
"AaDkvt6nBiDDEjYcNv-G","MAJOR","OPEN","typescript:S3358","apps/app-client/src/features/store-discovery/store-discovery.tsx","350","Extract this nested ternary operation into an independent statement.","2026-09-24T04:21:21+0000","INTENTIONAL","CLEAR"
"AaDkvtzIBiDDEjYcNv4_","MINOR","OPEN","typescript:S6759","apps/control-panel/app/(workspace)/partners/stores/[storeId]/page.tsx","3","Mark the props of the component as read-only.","2026-09-24T04:21:05+0000","CONSISTENT","CONVENTIONAL"
"AaDkvtyABiDDEjYcNv4h","MINOR","OPEN","typescript:S7773","apps/control-panel/app/api/partners/stores/route.ts","20","Prefer `Number.NaN` over `NaN`.","2026-09-24T04:21:05+0000","CONSISTENT","CONVENTIONAL"
"AaDkvtzvBiDDEjYcNv5h","MAJOR","OPEN","typescript:S6819","apps/control-panel/src/features/partner-onboarding/store-registry.tsx","150","Use <output> instead of the ""status"" role to ensure accessibility across all devices.","2026-09-24T04:21:05+0000","CONSISTENT","CONVENTIONAL"
"AaDkvt0UBiDDEjYcNv5w","CRITICAL","OPEN","typescript:S3776","apps/control-panel/src/features/partner-onboarding/store-workspace.tsx","16","Refactor this function to reduce its Cognitive Complexity from 24 to the 15 allowed.","2026-09-24T04:21:05+0000","ADAPTABLE","FOCUSED"
"AaDkvt0UBiDDEjYcNv5x","MAJOR","OPEN","typescript:S6819","apps/control-panel/src/features/partner-onboarding/store-workspace.tsx","131","Use <output> instead of the ""status"" role to ensure accessibility across all devices.","2026-09-24T04:21:05+0000","CONSISTENT","CONVENTIONAL"
"AaDkvt0UBiDDEjYcNv5y","MAJOR","OPEN","typescript:S6819","apps/control-panel/src/features/partner-onboarding/store-workspace.tsx","133","Use <output> instead of the ""status"" role to ensure accessibility across all devices.","2026-09-24T04:21:05+0000","CONSISTENT","CONVENTIONAL"
"AaDkvt0UBiDDEjYcNv5z","MAJOR","OPEN","typescript:S3358","apps/control-panel/src/features/partner-onboarding/store-workspace.tsx","157","Extract this nested ternary operation into an independent statement.","2026-09-24T04:21:05+0000","INTENTIONAL","CLEAR"
"AaDkvt0UBiDDEjYcNv50","MAJOR","OPEN","typescript:S6853","apps/control-panel/src/features/partner-onboarding/store-workspace.tsx","164","A form label must have accessible text.","2026-09-24T04:21:05+0000","INTENTIONAL","LOGICAL"
"AaDkvtjgBiDDEjYcNvxd","MAJOR","OPEN","go:S2077","services/dsh/backend/internal/storage/postgres/store_publication.go","305","Make sure using a dynamically formatted SQL query is safe here.","2026-09-24T04:21:05+0000","INTENTIONAL","COMPLETE"
"AaDkvtlfBiDDEjYcNvzJ","CRITICAL","OPEN","go:S1192","services/dsh/backend/internal/transport/http/storepublication.go","59","Define a constant instead of duplicating this literal ""service authentication is required"" 4 times.","2026-09-24T04:21:05+0000","ADAPTABLE","DISTINCT"
"AaDkvtlfBiDDEjYcNvzI","CRITICAL","OPEN","go:S1192","services/dsh/backend/internal/transport/http/storepublication.go","62","Define a constant instead of duplicating this literal ""X-Acting-Actor-ID"" 3 times.","2026-09-24T04:21:05+0000","ADAPTABLE","DISTINCT"
"AaDkvt0hBiDDEjYcNv6A","MAJOR","OPEN","typescript:S6819","apps/control-panel/src/features/partner-onboarding/partner-detail-workspace.tsx","222","Use <output> instead of the ""status"" role to ensure accessibility across all devices.","2026-09-24T03:51:43+0000","CONSISTENT","CONVENTIONAL"
"AaDkvt2XBiDDEjYcNv79","MAJOR","OPEN","typescript:S3358","apps/control-panel/src/features/central-catalog/catalog-proposal-review.tsx","156","Extract this nested ternary operation into an independent statement.","2026-09-24T03:45:53+0000","INTENTIONAL","CLEAR"
"AaDkvt3iBiDDEjYcNv9J","MAJOR","OPEN","typescript:S3358","apps/control-panel/src/features/workspace/operator-home.tsx","86","Extract this nested ternary operation into an independent statement.","2026-09-24T03:45:53+0000","INTENTIONAL","CLEAR"
"AaDkvt3iBiDDEjYcNv9L","MAJOR","OPEN","typescript:S3358","apps/control-panel/src/features/workspace/operator-home.tsx","100","Extract this nested ternary operation into an independent statement.","2026-09-24T03:45:53+0000","INTENTIONAL","CLEAR"
"AaDkvt3iBiDDEjYcNv9M","MAJOR","OPEN","typescript:S3358","apps/control-panel/src/features/workspace/operator-home.tsx","104","Extract this nested ternary operation into an independent statement.","2026-09-24T03:45:53+0000","INTENTIONAL","CLEAR"
"AaDkvt1mBiDDEjYcNv7a","MAJOR","OPEN","typescript:S6772","apps/control-panel/src/features/operations/operations-workspace.tsx","174","Ambiguous spacing before next element input","2026-09-24T03:39:18+0000","CONSISTENT","FORMATTED"
"AaDkvtocBiDDEjYcNv0u","MAJOR","OPEN","go:S107","services/dsh/backend/internal/order/service.go","165","This function has 8 parameters, which is greater than the 7 authorized.","2026-09-24T03:39:18+0000","ADAPTABLE","FOCUSED"
"AaDkvtgTBiDDEjYcNvvz","CRITICAL","OPEN","go:S3776","services/dsh/backend/internal/storage/postgres/operator_operations_test.go","16","Refactor this method to reduce its Cognitive Complexity from 54 to the 15 allowed.","2026-09-24T03:39:18+0000","ADAPTABLE","FOCUSED"
"AaDkvtkMBiDDEjYcNvyI","CRITICAL","OPEN","go:S3776","services/dsh/backend/internal/storage/postgres/order.go","341","Refactor this method to reduce its Cognitive Complexity from 17 to the 15 allowed.","2026-09-24T03:39:18+0000","ADAPTABLE","FOCUSED"
"AaDkvtkMBiDDEjYcNvyJ","MAJOR","OPEN","go:S107","services/dsh/backend/internal/storage/postgres/order.go","341","This function has 8 parameters, which is greater than the 7 authorized.","2026-09-24T03:39:18+0000","ADAPTABLE","FOCUSED"
"AaDkvt9BBiDDEjYcNv_N","CRITICAL","OPEN","typescript:S3776","apps/app-partner/src/features/store-offer/store-offer.tsx","90","Refactor this function to reduce its Cognitive Complexity from 86 to the 15 allowed.","2026-09-24T03:26:33+0000","ADAPTABLE","FOCUSED"
"AaDkvt9BBiDDEjYcNv_O","MINOR","OPEN","typescript:S6759","apps/app-partner/src/features/store-offer/store-offer.tsx","90","Mark the props of the component as read-only.","2026-09-24T03:26:33+0000","CONSISTENT","CONVENTIONAL"
"AaDkvt9BBiDDEjYcNv_Q","MINOR","OPEN","typescript:S6582","apps/app-partner/src/features/store-offer/store-offer.tsx","308","Prefer using an optional chain expression instead, as it's more concise and easier to read.","2026-09-24T03:26:33+0000","INTENTIONAL","CLEAR"
"AaDkvtzRBiDDEjYcNv5E","MAJOR","OPEN","typescript:S6819","apps/control-panel/app/(workspace)/layout.tsx","442","Use <output> instead of the ""status"" role to ensure accessibility across all devices.","2026-09-24T03:26:33+0000","CONSISTENT","CONVENTIONAL"
"AaDkvtyuBiDDEjYcNv4z","CRITICAL","OPEN","typescript:S3776","apps/control-panel/app/api/access/account-control/route.ts","11","Refactor this function to reduce its Cognitive Complexity from 18 to the 15 allowed.","2026-09-24T03:26:33+0000","ADAPTABLE","FOCUSED"
"AaDkvtydBiDDEjYcNv4r","CRITICAL","OPEN","typescript:S3776","apps/control-panel/app/api/access/managed-user/status/route.ts","7","Refactor this function to reduce its Cognitive Complexity from 17 to the 15 allowed.","2026-09-24T03:26:33+0000","ADAPTABLE","FOCUSED"
"AaDkvtxOBiDDEjYcNv4T","CRITICAL","OPEN","typescript:S3776","apps/control-panel/app/api/captains/route.ts","28","Refactor this function to reduce its Cognitive Complexity from 60 to the 15 allowed.","2026-09-24T03:26:33+0000","ADAPTABLE","FOCUSED"
"AaDkvtxhBiDDEjYcNv4c","CRITICAL","OPEN","typescript:S3776","apps/control-panel/app/api/catalog/products/route.ts","30","Refactor this function to reduce its Cognitive Complexity from 23 to the 15 allowed.","2026-09-24T03:26:33+0000","ADAPTABLE","FOCUSED"
"AaDkvtxyBiDDEjYcNv4f","MINOR","OPEN","typescript:S7776","apps/control-panel/app/api/catalog/verticals/[verticalId]/route.ts","24","`allowed` should be a `Set`, and use `allowed.has()` to check existence or non-existence.","2026-09-24T03:26:33+0000","INTENTIONAL","EFFICIENT"
"AaDkvtzABiDDEjYcNv44","CRITICAL","OPEN","typescript:S3776","apps/control-panel/app/api/fields/route.ts","9","Refactor this function to reduce its Cognitive Complexity from 79 to the 15 allowed.","2026-09-24T03:26:33+0000","ADAPTABLE","FOCUSED"
"AaDkvtwLBiDDEjYcNv4I","CRITICAL","OPEN","typescript:S3776","apps/control-panel/app/api/marketing/content/route.ts","42","Refactor this function to reduce its Cognitive Complexity from 34 to the 15 allowed.","2026-09-24T03:26:33+0000","ADAPTABLE","FOCUSED"
"AaDkvtwRBiDDEjYcNv4K","CRITICAL","OPEN","typescript:S3776","apps/control-panel/app/api/marketing/promotions/route.ts","40","Refactor this function to reduce its Cognitive Complexity from 21 to the 15 allowed.","2026-09-24T03:26:33+0000","ADAPTABLE","FOCUSED"
"AaDkvtziBiDDEjYcNv5L","CRITICAL","OPEN","typescript:S3776","apps/control-panel/src/features/access/account-access-panel.tsx","32","Refactor this function to reduce its Cognitive Complexity from 29 to the 15 allowed.","2026-09-24T03:26:33+0000","ADAPTABLE","FOCUSED"
"AaDkvtzbBiDDEjYcNv5G","MAJOR","OPEN","typescript:S3358","apps/control-panel/src/features/access/operator-directory.tsx","51","Extract this nested ternary operation into an independent statement.","2026-09-24T03:26:33+0000","INTENTIONAL","CLEAR"
"AaDkvtzbBiDDEjYcNv5H","MAJOR","OPEN","typescript:S3358","apps/control-panel/src/features/access/operator-directory.tsx","51","Extract this nested ternary operation into an independent statement.","2026-09-24T03:26:33+0000","INTENTIONAL","CLEAR"
"AaDkvt2dBiDDEjYcNv7_","MINOR","OPEN","typescript:S6759","apps/control-panel/src/features/central-catalog/catalog-attribute-policy-workspace.tsx","21","Mark the props of the component as read-only.","2026-09-24T03:26:33+0000","CONSISTENT","CONVENTIONAL"
"AaDkvt2dBiDDEjYcNv8H","MAJOR","OPEN","typescript:S3358","apps/control-panel/src/features/central-catalog/catalog-attribute-policy-workspace.tsx","143","Extract this nested ternary operation into an independent statement.","2026-09-24T03:26:33+0000","INTENTIONAL","CLEAR"
"AaDkvt2dBiDDEjYcNv8I","MAJOR","OPEN","typescript:S3358","apps/control-panel/src/features/central-catalog/catalog-attribute-policy-workspace.tsx","143","Extract this nested ternary operation into an independent statement.","2026-09-24T03:26:33+0000","INTENTIONAL","CLEAR"
"AaDkvt2dBiDDEjYcNv8K","MAJOR","OPEN","typescript:S2681","apps/control-panel/src/features/central-catalog/catalog-attribute-policy-workspace.tsx","150","This statement will not be executed conditionally; only the first statement will be. The rest will execute unconditionally.","2026-09-24T03:26:33+0000","CONSISTENT","FORMATTED"
"AaDkvt2qBiDDEjYcNv8R","MINOR","OPEN","typescript:S7718","apps/control-panel/src/features/central-catalog/catalog-taxonomy-workspace.tsx","40","The catch parameter `value` should be named `error_`.","2026-09-24T03:26:33+0000","CONSISTENT","CONVENTIONAL"
"AaDkvt2qBiDDEjYcNv8S","MINOR","OPEN","typescript:S7718","apps/control-panel/src/features/central-catalog/catalog-taxonomy-workspace.tsx","67","The catch parameter `value` should be named `error_`.","2026-09-24T03:26:33+0000","CONSISTENT","CONVENTIONAL"
"AaDkvt2wBiDDEjYcNv8T","MINOR","OPEN","typescript:S6759","apps/control-panel/src/features/central-catalog/catalog-vertical-registry.tsx","21","Mark the props of the component as read-only.","2026-09-24T03:26:33+0000","CONSISTENT","CONVENTIONAL"
"AaDkvtnmBiDDEjYcNv0A","CRITICAL","OPEN","go:S3776","services/dsh/backend/internal/captain/service.go","453","Refactor this method to reduce its Cognitive Complexity from 19 to the 15 allowed.","2026-09-24T03:26:33+0000","ADAPTABLE","FOCUSED"
"AaDkvtk2BiDDEjYcNvy6","CRITICAL","OPEN","go:S3776","services/dsh/backend/internal/catalog/catalog_product.go","432","Refactor this method to reduce its Cognitive Complexity from 20 to the 15 allowed.","2026-09-24T03:26:33+0000","ADAPTABLE","FOCUSED"
"AaDkvtkaBiDDEjYcNvyk","CRITICAL","OPEN","go:S3776","services/dsh/backend/internal/storage/postgres/catalog.go","1158","Refactor this method to reduce its Cognitive Complexity from 52 to the 15 allowed.","2026-09-24T03:26:33+0000","ADAPTABLE","FOCUSED"
"AaDkvtkaBiDDEjYcNvys","CRITICAL","OPEN","go:S3776","services/dsh/backend/internal/storage/postgres/catalog.go","1717","Refactor this method to reduce its Cognitive Complexity from 16 to the 15 allowed.","2026-09-24T03:26:33+0000","ADAPTABLE","FOCUSED"
"AaDkvtkaBiDDEjYcNvyt","CRITICAL","OPEN","go:S3776","services/dsh/backend/internal/storage/postgres/catalog.go","1797","Refactor this method to reduce its Cognitive Complexity from 29 to the 15 allowed.","2026-09-24T03:26:33+0000","ADAPTABLE","FOCUSED"
"AaDkvtiEBiDDEjYcNvw1","CRITICAL","OPEN","go:S3776","services/dsh/backend/internal/storage/postgres/catalog_extensions.go","431","Refactor this method to reduce its Cognitive Complexity from 18 to the 15 allowed.","2026-09-24T03:26:33+0000","ADAPTABLE","FOCUSED"
"AaDkvtgNBiDDEjYcNvvs","CRITICAL","OPEN","go:S3776","services/dsh/backend/internal/storage/postgres/catalog_proposals.go","203","Refactor this method to reduce its Cognitive Complexity from 16 to the 15 allowed.","2026-09-24T03:26:33+0000","ADAPTABLE","FOCUSED"
"AaDkvtlfBiDDEjYcNvzL","CRITICAL","OPEN","go:S1192","services/dsh/backend/internal/transport/http/storepublication.go","247","Define a constant instead of duplicating this literal ""Cache-Control"" 4 times.","2026-09-24T03:26:33+0000","ADAPTABLE","DISTINCT"
"AaDkvtlfBiDDEjYcNvzM","CRITICAL","OPEN","go:S1192","services/dsh/backend/internal/transport/http/storepublication.go","247","Define a constant instead of duplicating this literal ""no-store"" 4 times.","2026-09-24T03:26:33+0000","ADAPTABLE","DISTINCT"
"AaDkvteNBiDDEjYcNvt-","CRITICAL","OPEN","go:S3776","services/identity/backend/internal/actor/service.go","36","Refactor this method to reduce its Cognitive Complexity from 44 to the 15 allowed.","2026-09-24T03:26:33+0000","ADAPTABLE","FOCUSED"
"AaDkvtkMBiDDEjYcNvyB","MAJOR","OPEN","go:S2077","services/dsh/backend/internal/storage/postgres/order.go","388","Make sure using a dynamically formatted SQL query is safe here.","2026-09-24T03:23:27+0000","INTENTIONAL","COMPLETE"
"AaDkvt7EBiDDEjYcNv-k","CRITICAL","OPEN","typescript:S2871","apps/app-client/src/features/orders/orders.tsx","203","Provide a compare function that depends on ""String.localeCompare"", to reliably sort elements alphabetically.","2026-09-24T00:26:56+0000","INTENTIONAL","CLEAR"
"AaDkvt7EBiDDEjYcNv-l","CRITICAL","OPEN","typescript:S2871","apps/app-client/src/features/orders/orders.tsx","204","Provide a compare function that depends on ""String.localeCompare"", to reliably sort elements alphabetically.","2026-09-24T00:26:56+0000","INTENTIONAL","CLEAR"
"AaDkvt9BBiDDEjYcNv_H","CRITICAL","OPEN","typescript:S3776","apps/app-partner/src/features/store-offer/store-offer.tsx","52","Refactor this function to reduce its Cognitive Complexity from 25 to the 15 allowed.","2026-09-24T00:26:56+0000","ADAPTABLE","FOCUSED"
"AaDkvt9BBiDDEjYcNv_I","MAJOR","OPEN","typescript:S2681","apps/app-partner/src/features/store-offer/store-offer.tsx","57","This statement will not be executed conditionally; only the first statement will be. The rest will execute unconditionally.","2026-09-24T00:26:56+0000","CONSISTENT","FORMATTED"
"AaDkvt9BBiDDEjYcNv_J","MAJOR","OPEN","typescript:S2681","apps/app-partner/src/features/store-offer/store-offer.tsx","61","This statement will not be executed conditionally; only the first statement will be. The rest will execute unconditionally.","2026-09-24T00:26:56+0000","CONSISTENT","FORMATTED"
"AaDkvt9BBiDDEjYcNv_K","MAJOR","OPEN","typescript:S2681","apps/app-partner/src/features/store-offer/store-offer.tsx","62","This statement will not be executed conditionally; only the first statement will be. The rest will execute unconditionally.","2026-09-24T00:26:56+0000","CONSISTENT","FORMATTED"
"AaDkvt9BBiDDEjYcNv_L","MAJOR","OPEN","typescript:S2681","apps/app-partner/src/features/store-offer/store-offer.tsx","63","This statement will not be executed conditionally; only the first statement will be. The rest will execute unconditionally.","2026-09-24T00:26:56+0000","CONSISTENT","FORMATTED"
"AaDkvt9BBiDDEjYcNv_W","MAJOR","OPEN","typescript:S3358","apps/app-partner/src/features/store-offer/store-offer.tsx","527","Extract this nested ternary operation into an independent statement.","2026-09-24T00:26:56+0000","INTENTIONAL","CLEAR"
"AaDkvt9BBiDDEjYcNv_X","MAJOR","OPEN","typescript:S3358","apps/app-partner/src/features/store-offer/store-offer.tsx","527","Extract this nested ternary operation into an independent statement.","2026-09-24T00:26:56+0000","INTENTIONAL","CLEAR"
"AaDobw9MXR70GwIMNYI0","MINOR","OPEN","typescript:S1874","apps/control-panel/app/(workspace)/layout.tsx","6","'FormEvent' is deprecated.","2026-09-24T00:26:56+0000","CONSISTENT","CONVENTIONAL"
"AaDkvtydBiDDEjYcNv4s","MAJOR","OPEN","typescript:S3358","apps/control-panel/app/api/access/managed-user/status/route.ts","32","Extract this nested ternary operation into an independent statement.","2026-09-24T00:26:56+0000","INTENTIONAL","CLEAR"
"AaDkvtydBiDDEjYcNv4t","MAJOR","OPEN","typescript:S3358","apps/control-panel/app/api/access/managed-user/status/route.ts","32","Extract this nested ternary operation into an independent statement.","2026-09-24T00:26:56+0000","INTENTIONAL","CLEAR"
"AaDkvtydBiDDEjYcNv4u","MAJOR","OPEN","typescript:S3358","apps/control-panel/app/api/access/managed-user/status/route.ts","32","Extract this nested ternary operation into an independent statement.","2026-09-24T00:26:56+0000","INTENTIONAL","CLEAR"
"AaDkvtyjBiDDEjYcNv4v","MINOR","OPEN","typescript:S7776","apps/control-panel/app/api/access/operator-permission/route.ts","22","`allowed` should be a `Set`, and use `allowed.has()` to check existence or non-existence.","2026-09-24T00:26:56+0000","INTENTIONAL","EFFICIENT"
"AaDkvtyoBiDDEjYcNv4w","MINOR","OPEN","typescript:S7773","apps/control-panel/app/api/access/operators/route.ts","21","Prefer `Number.NaN` over `NaN`.","2026-09-24T00:26:56+0000","CONSISTENT","CONVENTIONAL"
"AaDkvtyoBiDDEjYcNv4x","MAJOR","OPEN","typescript:S3358","apps/control-panel/app/api/access/operators/route.ts","25","Extract this nested ternary operation into an independent statement.","2026-09-24T00:26:56+0000","INTENTIONAL","CLEAR"
"AaDkvtyoBiDDEjYcNv4y","MAJOR","OPEN","typescript:S3358","apps/control-panel/app/api/access/operators/route.ts","25","Extract this nested ternary operation into an independent statement.","2026-09-24T00:26:56+0000","INTENTIONAL","CLEAR"
"AaDkvtxOBiDDEjYcNv4W","MINOR","OPEN","typescript:S7773","apps/control-panel/app/api/captains/route.ts","107","Prefer `Number.NaN` over `NaN`.","2026-09-24T00:26:56+0000","CONSISTENT","CONVENTIONAL"
"AaDkvtxOBiDDEjYcNv4X","MAJOR","OPEN","typescript:S3358","apps/control-panel/app/api/captains/route.ts","113","Extract this nested ternary operation into an independent statement.","2026-09-24T00:26:56+0000","INTENTIONAL","CLEAR"
"AaDkvtxOBiDDEjYcNv4Y","MAJOR","OPEN","typescript:S3358","apps/control-panel/app/api/captains/route.ts","113","Extract this nested ternary operation into an independent statement.","2026-09-24T00:26:56+0000","INTENTIONAL","CLEAR"
"AaDkvtx5BiDDEjYcNv4g","MINOR","OPEN","typescript:S7776","apps/control-panel/app/api/catalog/categories/[categoryId]/route.ts","40","`allowed` should be a `Set`, and use `allowed.has()` to check existence or non-existence.","2026-09-24T00:26:56+0000","INTENTIONAL","EFFICIENT"
"AaDkvtzABiDDEjYcNv45","MAJOR","OPEN","typescript:S3358","apps/control-panel/app/api/fields/route.ts","23","Extract this nested ternary operation into an independent statement.","2026-09-24T00:26:56+0000","INTENTIONAL","CLEAR"
"AaDkvtzABiDDEjYcNv46","MINOR","OPEN","typescript:S7773","apps/control-panel/app/api/fields/route.ts","23","Prefer `Number.NaN` over `NaN`.","2026-09-24T00:26:56+0000","CONSISTENT","CONVENTIONAL"
"AaDkvtzABiDDEjYcNv48","MINOR","OPEN","typescript:S7773","apps/control-panel/app/api/fields/route.ts","100","Prefer `Number.NaN` over `NaN`.","2026-09-24T00:26:56+0000","CONSISTENT","CONVENTIONAL"
"AaDkvtzABiDDEjYcNv4-","MAJOR","OPEN","typescript:S3358","apps/control-panel/app/api/fields/route.ts","106","Extract this nested ternary operation into an independent statement.","2026-09-24T00:26:56+0000","INTENTIONAL","CLEAR"
"AaDkvtzABiDDEjYcNv49","MAJOR","OPEN","typescript:S3358","apps/control-panel/app/api/fields/route.ts","106","Extract this nested ternary operation into an independent statement.","2026-09-24T00:26:56+0000","INTENTIONAL","CLEAR"
"AaDkvtwxBiDDEjYcNv4O","MINOR","OPEN","typescript:S7776","apps/control-panel/app/api/finance/delivery-fee-policy/route.ts","41","`allowed` should be a `Set`, and use `allowed.has()` to check existence or non-existence.","2026-09-24T00:26:56+0000","INTENTIONAL","EFFICIENT"
"AaDkvtw2BiDDEjYcNv4P","MINOR","OPEN","typescript:S7776","apps/control-panel/app/api/finance/field-commission-policy/route.ts","44","`allowed` should be a `Set`, and use `allowed.has()` to check existence or non-existence.","2026-09-24T00:26:56+0000","INTENTIONAL","EFFICIENT"
"AaDkvtyRBiDDEjYcNv4l","MINOR","OPEN","typescript:S7773","apps/control-panel/app/api/partners/roster/[actorId]/stores/route.ts","19","Prefer `Number.NaN` over `NaN`.","2026-09-24T00:26:56+0000","CONSISTENT","CONVENTIONAL"
"AaDkvtyXBiDDEjYcNv4m","MINOR","OPEN","typescript:S7773","apps/control-panel/app/api/partners/roster/route.ts","23","Prefer `Number.NaN` over `NaN`.","2026-09-24T00:26:56+0000","CONSISTENT","CONVENTIONAL"
"AaDkvtyXBiDDEjYcNv4n","MAJOR","OPEN","typescript:S3358","apps/control-panel/app/api/partners/roster/route.ts","25","Extract this nested ternary operation into an independent statement.","2026-09-24T00:26:56+0000","INTENTIONAL","CLEAR"
"AaDkvtyXBiDDEjYcNv4o","MAJOR","OPEN","typescript:S3358","apps/control-panel/app/api/partners/roster/route.ts","25","Extract this nested ternary operation into an independent statement.","2026-09-24T00:26:56+0000","INTENTIONAL","CLEAR"
"AaDkvtyXBiDDEjYcNv4p","MAJOR","OPEN","typescript:S3358","apps/control-panel/app/api/partners/roster/route.ts","50","Extract this nested ternary operation into an independent statement.","2026-09-24T00:26:56+0000","INTENTIONAL","CLEAR"
"AaDkvtyXBiDDEjYcNv4q","MINOR","OPEN","typescript:S7773","apps/control-panel/app/api/partners/roster/route.ts","50","Prefer `Number.NaN` over `NaN`.","2026-09-24T00:26:56+0000","CONSISTENT","CONVENTIONAL"
"AaDkvtziBiDDEjYcNv5N","MAJOR","OPEN","typescript:S3358","apps/control-panel/src/features/access/account-access-panel.tsx","125","Extract this nested ternary operation into an independent statement.","2026-09-24T00:26:56+0000","INTENTIONAL","CLEAR"
"AaDkvtziBiDDEjYcNv5O","MAJOR","OPEN","typescript:S3358","apps/control-panel/src/features/access/account-access-panel.tsx","165","Extract this nested ternary operation into an independent statement.","2026-09-24T00:26:56+0000","INTENTIONAL","CLEAR"
"AaDkvtziBiDDEjYcNv5P","MAJOR","OPEN","typescript:S6819","apps/control-panel/src/features/access/account-access-panel.tsx","196","Use <output> instead of the ""status"" role to ensure accessibility across all devices.","2026-09-24T00:26:56+0000","CONSISTENT","CONVENTIONAL"
"AaDkvtziBiDDEjYcNv5Q","MAJOR","OPEN","typescript:S3358","apps/control-panel/src/features/access/account-access-panel.tsx","210","Extract this nested ternary operation into an independent statement.","2026-09-24T00:26:56+0000","INTENTIONAL","CLEAR"
"AaDkvtzbBiDDEjYcNv5F","MAJOR","OPEN","typescript:S6819","apps/control-panel/src/features/access/operator-directory.tsx","48","Use <output> instead of the ""status"" role to ensure accessibility across all devices.","2026-09-24T00:26:56+0000","CONSISTENT","CONVENTIONAL"
"AaDkvtzbBiDDEjYcNv5I","MAJOR","OPEN","typescript:S3358","apps/control-panel/src/features/access/operator-directory.tsx","53","Extract this nested ternary operation into an independent statement.","2026-09-24T00:26:56+0000","INTENTIONAL","CLEAR"
"AaDkvtzbBiDDEjYcNv5J","MAJOR","OPEN","typescript:S3358","apps/control-panel/src/features/access/operator-directory.tsx","53","Extract this nested ternary operation into an independent statement.","2026-09-24T00:26:56+0000","INTENTIONAL","CLEAR"
"AaDkvtzbBiDDEjYcNv5K","MAJOR","OPEN","typescript:S3358","apps/control-panel/src/features/access/operator-directory.tsx","53","Extract this nested ternary operation into an independent statement.","2026-09-24T00:26:56+0000","INTENTIONAL","CLEAR"
"AaDkvt3QBiDDEjYcNv80","MINOR","OPEN","typescript:S6582","apps/control-panel/src/features/captain/captain-admission-panel.tsx","171","Prefer using an optional chain expression instead, as it's more concise and easier to read.","2026-09-24T00:26:56+0000","INTENTIONAL","CLEAR"
"AaDkvt3QBiDDEjYcNv82","MAJOR","OPEN","typescript:S6819","apps/control-panel/src/features/captain/captain-admission-panel.tsx","220","Use <output> instead of the ""status"" role to ensure accessibility across all devices.","2026-09-24T00:26:56+0000","CONSISTENT","CONVENTIONAL"
"AaDkvt3QBiDDEjYcNv83","MAJOR","OPEN","typescript:S6819","apps/control-panel/src/features/captain/captain-admission-panel.tsx","222","Use <output> instead of the ""status"" role to ensure accessibility across all devices.","2026-09-24T00:26:56+0000","CONSISTENT","CONVENTIONAL"
"AaDkvt3QBiDDEjYcNv84","CRITICAL","OPEN","typescript:S3776","apps/control-panel/src/features/captain/captain-admission-panel.tsx","225","Refactor this function to reduce its Cognitive Complexity from 46 to the 15 allowed.","2026-09-24T00:26:56+0000","ADAPTABLE","FOCUSED"
"AaDkvt3QBiDDEjYcNv88","MAJOR","OPEN","typescript:S3358","apps/control-panel/src/features/captain/captain-admission-panel.tsx","241","Extract this nested ternary operation into an independent statement.","2026-09-24T00:26:56+0000","INTENTIONAL","CLEAR"
"AaDkvt2dBiDDEjYcNv8A","MINOR","OPEN","typescript:S7718","apps/control-panel/src/features/central-catalog/catalog-attribute-policy-workspace.tsx","52","The catch parameter `value` should be named `error_`.","2026-09-24T00:26:56+0000","CONSISTENT","CONVENTIONAL"
"AaDkvt2dBiDDEjYcNv8B","MINOR","OPEN","typescript:S7718","apps/control-panel/src/features/central-catalog/catalog-attribute-policy-workspace.tsx","68","The catch parameter `value` should be named `error_`.","2026-09-24T00:26:56+0000","CONSISTENT","CONVENTIONAL"
"AaDkvt2dBiDDEjYcNv8C","MINOR","OPEN","typescript:S7718","apps/control-panel/src/features/central-catalog/catalog-attribute-policy-workspace.tsx","87","The catch parameter `value` should be named `error_`.","2026-09-24T00:26:56+0000","CONSISTENT","CONVENTIONAL"
"AaDkvt2dBiDDEjYcNv8D","MINOR","OPEN","typescript:S6582","apps/control-panel/src/features/central-catalog/catalog-attribute-policy-workspace.tsx","92","Prefer using an optional chain expression instead, as it's more concise and easier to read.","2026-09-24T00:26:56+0000","INTENTIONAL","CLEAR"
"AaDkvt2dBiDDEjYcNv8E","MINOR","OPEN","typescript:S7718","apps/control-panel/src/features/central-catalog/catalog-attribute-policy-workspace.tsx","98","The catch parameter `value` should be named `error_`.","2026-09-24T00:26:56+0000","CONSISTENT","CONVENTIONAL"
"AaDkvt2dBiDDEjYcNv8F","MINOR","OPEN","typescript:S7718","apps/control-panel/src/features/central-catalog/catalog-attribute-policy-workspace.tsx","106","The catch parameter `value` should be named `error_`.","2026-09-24T00:26:56+0000","CONSISTENT","CONVENTIONAL"
"AaDkvt2dBiDDEjYcNv8G","MINOR","OPEN","typescript:S7718","apps/control-panel/src/features/central-catalog/catalog-attribute-policy-workspace.tsx","121","The catch parameter `value` should be named `error_`.","2026-09-24T00:26:56+0000","CONSISTENT","CONVENTIONAL"
"AaDkvt2dBiDDEjYcNv8J","MAJOR","OPEN","typescript:S6819","apps/control-panel/src/features/central-catalog/catalog-attribute-policy-workspace.tsx","149","Use <output> instead of the ""status"" role to ensure accessibility across all devices.","2026-09-24T00:26:56+0000","CONSISTENT","CONVENTIONAL"
"AaDkvt2RBiDDEjYcNv7s","MAJOR","OPEN","typescript:S2681","apps/control-panel/src/features/central-catalog/central-catalog.tsx","32","This statement will not be executed conditionally; only the first statement will be. The rest will execute unconditionally.","2026-09-24T00:26:56+0000","CONSISTENT","FORMATTED"
"AaDkvt2RBiDDEjYcNv7t","MAJOR","OPEN","typescript:S2681","apps/control-panel/src/features/central-catalog/central-catalog.tsx","36","This statement will not be executed conditionally; only the first statement will be. The rest will execute unconditionally.","2026-09-24T00:26:56+0000","CONSISTENT","FORMATTED"
"AaDkvt2RBiDDEjYcNv7u","MAJOR","OPEN","typescript:S2681","apps/control-panel/src/features/central-catalog/central-catalog.tsx","37","This statement will not be executed conditionally; only the first statement will be. The rest will execute unconditionally.","2026-09-24T00:26:56+0000","CONSISTENT","FORMATTED"
"AaDkvt3cBiDDEjYcNv9B","MAJOR","OPEN","typescript:S6819","apps/control-panel/src/features/field/field-admission-panel.tsx","146","Use <output> instead of the ""status"" role to ensure accessibility across all devices.","2026-09-24T00:26:56+0000","CONSISTENT","CONVENTIONAL"
"AaDkvt3cBiDDEjYcNv9C","MAJOR","OPEN","typescript:S6819","apps/control-panel/src/features/field/field-admission-panel.tsx","147","Use <output> instead of the ""status"" role to ensure accessibility across all devices.","2026-09-24T00:26:56+0000","CONSISTENT","CONVENTIONAL"
"AaDkvt3cBiDDEjYcNv9D","CRITICAL","OPEN","typescript:S3776","apps/control-panel/src/features/field/field-admission-panel.tsx","149","Refactor this function to reduce its Cognitive Complexity from 43 to the 15 allowed.","2026-09-24T00:26:56+0000","ADAPTABLE","FOCUSED"
"AaDkvt03BiDDEjYcNv6d","MINOR","OPEN","typescript:S7718","apps/control-panel/src/features/finance/delivery-fee-policy-workspace.tsx","77","The catch parameter `value` should be named `error_`.","2026-09-24T00:26:56+0000","CONSISTENT","CONVENTIONAL"
"AaDkvt03BiDDEjYcNv6f","MAJOR","OPEN","typescript:S6819","apps/control-panel/src/features/finance/delivery-fee-policy-workspace.tsx","112","Use <output> instead of the ""status"" role to ensure accessibility across all devices.","2026-09-24T00:26:56+0000","CONSISTENT","CONVENTIONAL"
"AaDkvt03BiDDEjYcNv6g","MAJOR","OPEN","typescript:S6819","apps/control-panel/src/features/finance/delivery-fee-policy-workspace.tsx","113","Use <output> instead of the ""status"" role to ensure accessibility across all devices.","2026-09-24T00:26:56+0000","CONSISTENT","CONVENTIONAL"
"AaDkvt03BiDDEjYcNv6i","MAJOR","OPEN","typescript:S3358","apps/control-panel/src/features/finance/delivery-fee-policy-workspace.tsx","128","Extract this nested ternary operation into an independent statement.","2026-09-24T00:26:56+0000","INTENTIONAL","CLEAR"
"AaDkvt09BiDDEjYcNv6m","MINOR","OPEN","typescript:S7718","apps/control-panel/src/features/finance/field-commission-policy-workspace.tsx","127","The catch parameter `value` should be named `error_`.","2026-09-24T00:26:56+0000","CONSISTENT","CONVENTIONAL"
"AaDkvt09BiDDEjYcNv6r","MAJOR","OPEN","typescript:S6819","apps/control-panel/src/features/finance/field-commission-policy-workspace.tsx","206","Use <output> instead of the ""status"" role to ensure accessibility across all devices.","2026-09-24T00:26:56+0000","CONSISTENT","CONVENTIONAL"
"AaDkvt09BiDDEjYcNv6s","MAJOR","OPEN","typescript:S6819","apps/control-panel/src/features/finance/field-commission-policy-workspace.tsx","208","Use <output> instead of the ""status"" role to ensure accessibility across all devices.","2026-09-24T00:26:56+0000","CONSISTENT","CONVENTIONAL"
"AaDkvt09BiDDEjYcNv6u","MAJOR","OPEN","typescript:S3358","apps/control-panel/src/features/finance/field-commission-policy-workspace.tsx","215","Extract this nested ternary operation into an independent statement.","2026-09-24T00:26:56+0000","INTENTIONAL","CLEAR"
"AaDkvt3WBiDDEjYcNv89","MINOR","OPEN","typescript:S6759","apps/control-panel/src/features/policies/policies-workspace.tsx","12","Mark the props of the component as read-only.","2026-09-24T00:26:56+0000","CONSISTENT","CONVENTIONAL"
"AaDkvt3CBiDDEjYcNv8h","MAJOR","OPEN","typescript:S6819","apps/control-panel/src/features/service-city/service-city-panel.tsx","79","Use <output> instead of the ""status"" role to ensure accessibility across all devices.","2026-09-24T00:26:56+0000","CONSISTENT","CONVENTIONAL"
"AaDkvtnlBiDDEjYcNvz6","MAJOR","OPEN","go:S107","services/dsh/backend/internal/captain/service.go","205","This function has 8 parameters, which is greater than the 7 authorized.","2026-09-24T00:26:56+0000","ADAPTABLE","FOCUSED"
"AaDkvtoLBiDDEjYcNv0e","MAJOR","OPEN","go:S107","services/dsh/backend/internal/integrations/wlt/client.go","1200","This function has 10 parameters, which is greater than the 7 authorized.","2026-09-24T00:26:56+0000","ADAPTABLE","FOCUSED"
"AaDkvtj7BiDDEjYcNvxx","MAJOR","OPEN","go:S107","services/dsh/backend/internal/storage/postgres/captain.go","670","This function has 10 parameters, which is greater than the 7 authorized.","2026-09-24T00:26:56+0000","ADAPTABLE","FOCUSED"
"AaDkvtkaBiDDEjYcNvyg","CRITICAL","OPEN","go:S1192","services/dsh/backend/internal/storage/postgres/catalog.go","335","Define a constant instead of duplicating this literal ""SELECT pg_advisory_xact_lock(hashtextextended($1,0))"" 14 times.","2026-09-24T00:26:56+0000","ADAPTABLE","DISTINCT"
"AaDkvtkaBiDDEjYcNvyi","CRITICAL","OPEN","go:S1192","services/dsh/backend/internal/storage/postgres/catalog.go","335","Define a constant instead of duplicating this literal ""dsh:catalog-registry:"" 4 times.","2026-09-24T00:26:56+0000","ADAPTABLE","DISTINCT"
"AaDkvtkaBiDDEjYcNvyh","CRITICAL","OPEN","go:S1192","services/dsh/backend/internal/storage/postgres/catalog.go","339","Define a constant instead of duplicating this literal ""SELECT entity_type,entity_id,request_hash FROM dsh.catalog_registry_mutation_idempotency WHERE idempotency_key=$1 FOR UPDATE"" 4 times.","2026-09-24T00:26:56+0000","ADAPTABLE","DISTINCT"
"AaDkvtiEBiDDEjYcNvwx","CRITICAL","OPEN","go:S1192","services/dsh/backend/internal/storage/postgres/catalog_extensions.go","203","Define a constant instead of duplicating this literal ""SELECT pg_advisory_xact_lock(hashtextextended($1,0))"" 3 times.","2026-09-24T00:26:56+0000","ADAPTABLE","DISTINCT"
"AaDkvtiEBiDDEjYcNvw0","MAJOR","OPEN","go:S107","services/dsh/backend/internal/storage/postgres/catalog_extensions.go","355","This function has 8 parameters, which is greater than the 7 authorized.","2026-09-24T00:26:56+0000","ADAPTABLE","FOCUSED"
"AaDkvtiEBiDDEjYcNvwz","CRITICAL","OPEN","go:S3776","services/dsh/backend/internal/storage/postgres/catalog_extensions.go","355","Refactor this method to reduce its Cognitive Complexity from 25 to the 15 allowed.","2026-09-24T00:26:56+0000","ADAPTABLE","FOCUSED"
"AaDkvtgwBiDDEjYcNvv6","CRITICAL","OPEN","go:S3776","services/dsh/backend/internal/storage/postgres/migrate_test.go","149","Refactor this method to reduce its Cognitive Complexity from 151 to the 15 allowed.","2026-09-24T00:26:56+0000","ADAPTABLE","FOCUSED"
"AaDkvtjgBiDDEjYcNvxc","MAJOR","OPEN","go:S2077","services/dsh/backend/internal/storage/postgres/store_publication.go","185","Make sure using a dynamically formatted SQL query is safe here.","2026-09-24T00:26:56+0000","INTENTIONAL","COMPLETE"
"AaDkvtltBiDDEjYcNvzO","CRITICAL","OPEN","go:S1192","services/dsh/backend/internal/transport/http/catalog_extensions.go","66","Define a constant instead of duplicating this literal ""service authentication is required"" 8 times.","2026-09-24T00:26:56+0000","ADAPTABLE","DISTINCT"
"AaDkvtltBiDDEjYcNvzQ","CRITICAL","OPEN","go:S1192","services/dsh/backend/internal/transport/http/catalog_extensions.go","69","Define a constant instead of duplicating this literal ""X-Acting-Actor-ID"" 5 times.","2026-09-24T00:26:56+0000","ADAPTABLE","DISTINCT"
"AaDkvtltBiDDEjYcNvzP","CRITICAL","OPEN","go:S1192","services/dsh/backend/internal/transport/http/catalog_extensions.go","71","Define a constant instead of duplicating this literal ""X-Acting-Actor-ID is required"" 5 times.","2026-09-24T00:26:56+0000","ADAPTABLE","DISTINCT"
"AaDkvtmNBiDDEjYcNvzY","CRITICAL","OPEN","go:S1192","services/dsh/backend/internal/transport/http/field_finance.go","56","Define a constant instead of duplicating this literal ""X-Acting-Actor-ID"" 3 times.","2026-09-24T00:26:56+0000","ADAPTABLE","DISTINCT"
"AaDkvtl1BiDDEjYcNvzR","CRITICAL","OPEN","go:S1192","services/dsh/backend/internal/transport/http/joiningcase.go","82","Define a constant instead of duplicating this literal ""X-Acting-Actor-ID"" 6 times.","2026-09-24T00:26:56+0000","ADAPTABLE","DISTINCT"
"AaDkvteNBiDDEjYcNvt6","CRITICAL","OPEN","go:S1192","services/identity/backend/internal/actor/service.go","48","Define a constant instead of duplicating this literal ""control-panel"" 6 times.","2026-09-24T00:26:56+0000","ADAPTABLE","DISTINCT"
"AaDkvteNBiDDEjYcNvuA","MAJOR","OPEN","go:S107","services/identity/backend/internal/actor/service.go","595","This function has 9 parameters, which is greater than the 7 authorized.","2026-09-24T00:26:56+0000","ADAPTABLE","FOCUSED"
"AaDkvtffBiDDEjYcNvvA","MAJOR","OPEN","go:S107","services/identity/clients/go/client.go","139","This function has 8 parameters, which is greater than the 7 authorized.","2026-09-24T00:26:56+0000","ADAPTABLE","FOCUSED"
"AaDkvt_JBiDDEjYcNwAc","MINOR","OPEN","typescript:S6759","apps/app-captain/src/shell/captain-shell.tsx","41","Mark the props of the component as read-only.","2026-09-23T19:01:34+0000","CONSISTENT","CONVENTIONAL"
"AaDkvt75BiDDEjYcNv-7","MAJOR","OPEN","typescript:S3358","apps/app-client/src/features/cart-checkout/client-cart-screen.tsx","131","Extract this nested ternary operation into an independent statement.","2026-09-23T19:01:34+0000","INTENTIONAL","CLEAR"
"AaDkvt75BiDDEjYcNv-8","MAJOR","OPEN","typescript:S3358","apps/app-client/src/features/cart-checkout/client-cart-screen.tsx","131","Extract this nested ternary operation into an independent statement.","2026-09-23T19:01:34+0000","INTENTIONAL","CLEAR"
"AaDkvt75BiDDEjYcNv-9","MAJOR","OPEN","typescript:S3358","apps/app-client/src/features/cart-checkout/client-cart-screen.tsx","150","Extract this nested ternary operation into an independent statement.","2026-09-23T19:01:34+0000","INTENTIONAL","CLEAR"
"AaDkvt9wBiDDEjYcNv_2","MINOR","OPEN","typescript:S6759","apps/app-field/src/shell/field-shell.tsx","41","Mark the props of the component as read-only.","2026-09-23T19:01:34+0000","CONSISTENT","CONVENTIONAL"
"AaDkvt9UBiDDEjYcNv_h","CRITICAL","OPEN","typescript:S3776","apps/app-partner/src/features/order-management/order-management.tsx","187","Refactor this function to reduce its Cognitive Complexity from 68 to the 15 allowed.","2026-09-23T19:01:34+0000","ADAPTABLE","FOCUSED"
"AaDkvt9UBiDDEjYcNv_l","MAJOR","OPEN","typescript:S3358","apps/app-partner/src/features/order-management/order-management.tsx","208","Extract this nested ternary operation into an independent statement.","2026-09-23T19:01:34+0000","INTENTIONAL","CLEAR"
"AaDkvt9UBiDDEjYcNv_m","MAJOR","OPEN","typescript:S3358","apps/app-partner/src/features/order-management/order-management.tsx","208","Extract this nested ternary operation into an independent statement.","2026-09-23T19:01:34+0000","INTENTIONAL","CLEAR"
"AaDkvt8lBiDDEjYcNv_D","MAJOR","OPEN","typescript:S3358","apps/app-partner/src/features/partner-onboarding/partner-store.tsx","32","Extract this nested ternary operation into an independent statement.","2026-09-23T19:01:34+0000","INTENTIONAL","CLEAR"
"AaDkvt8sBiDDEjYcNv_E","MAJOR","OPEN","typescript:S107","apps/app-partner/src/features/partner-onboarding/store-readback-client.ts","21","Async function 'correctAndResubmitOwnJoiningCase' has too many parameters (8). Maximum allowed is 7.","2026-09-23T19:01:34+0000","ADAPTABLE","FOCUSED"
"AaDkvt9nBiDDEjYcNv_1","MINOR","OPEN","typescript:S6759","apps/app-partner/src/shell/partner-shell.tsx","41","Mark the props of the component as read-only.","2026-09-23T19:01:34+0000","CONSISTENT","CONVENTIONAL"
"AaDkvtzRBiDDEjYcNv5A","MAJOR","OPEN","typescript:S3358","apps/control-panel/app/(workspace)/layout.tsx","104","Extract this nested ternary operation into an independent statement.","2026-09-23T19:01:34+0000","INTENTIONAL","CLEAR"
"AaDobw9MXR70GwIMNYI1","MINOR","OPEN","typescript:S1874","apps/control-panel/app/(workspace)/layout.tsx","179","'FormEvent' is deprecated.","2026-09-23T19:01:34+0000","CONSISTENT","CONVENTIONAL"
"AaDkvtzRBiDDEjYcNv5B","MAJOR","OPEN","typescript:S3358","apps/control-panel/app/(workspace)/layout.tsx","260","Extract this nested ternary operation into an independent statement.","2026-09-23T19:01:34+0000","INTENTIONAL","CLEAR"
"AaDkvtxIBiDDEjYcNv4S","MINOR","OPEN","typescript:S7776","apps/control-panel/app/api/finance/partner-store-commission-policies/route.ts","45","`allowed` should be a `Set`, and use `allowed.has()` to check existence or non-existence.","2026-09-23T19:01:34+0000","INTENTIONAL","EFFICIENT"
"AaDkvt1MBiDDEjYcNv7L","MINOR","OPEN","typescript:S7718","apps/control-panel/src/features/finance/partner-store-commission-policy-workspace.tsx","56","The catch parameter `value` should be named `error_`.","2026-09-23T19:01:34+0000","CONSISTENT","CONVENTIONAL"
"AaDkvt1MBiDDEjYcNv7M","MINOR","OPEN","typescript:S7718","apps/control-panel/src/features/finance/partner-store-commission-policy-workspace.tsx","93","The catch parameter `value` should be named `error_`.","2026-09-23T19:01:34+0000","CONSISTENT","CONVENTIONAL"
"AaDkvt1MBiDDEjYcNv7N","MAJOR","OPEN","typescript:S6819","apps/control-panel/src/features/finance/partner-store-commission-policy-workspace.tsx","127","Use <output> instead of the ""status"" role to ensure accessibility across all devices.","2026-09-23T19:01:34+0000","CONSISTENT","CONVENTIONAL"
"AaDkvtz1BiDDEjYcNv5j","MAJOR","OPEN","typescript:S3358","apps/control-panel/src/features/partner-onboarding/joining-case-create.tsx","219","Extract this nested ternary operation into an independent statement.","2026-09-23T19:01:34+0000","INTENTIONAL","CLEAR"
"AaDkvtz1BiDDEjYcNv5k","MAJOR","OPEN","typescript:S3358","apps/control-panel/src/features/partner-onboarding/joining-case-create.tsx","220","Extract this nested ternary operation into an independent statement.","2026-09-23T19:01:34+0000","INTENTIONAL","CLEAR"
"AaDkvtz1BiDDEjYcNv5l","MAJOR","OPEN","typescript:S3358","apps/control-panel/src/features/partner-onboarding/joining-case-create.tsx","221","Extract this nested ternary operation into an independent statement.","2026-09-23T19:01:34+0000","INTENTIONAL","CLEAR"
"AaDkvtnmBiDDEjYcNvz-","MAJOR","OPEN","go:S107","services/dsh/backend/internal/captain/service.go","400","This function has 8 parameters, which is greater than the 7 authorized.","2026-09-23T19:01:34+0000","ADAPTABLE","FOCUSED"
"AaDkvtnzBiDDEjYcNv0F","CRITICAL","OPEN","go:S3776","services/dsh/backend/internal/cart/service.go","123","Refactor this method to reduce its Cognitive Complexity from 31 to the 15 allowed.","2026-09-23T19:01:34+0000","ADAPTABLE","FOCUSED"
"AaDkvtoLBiDDEjYcNv0l","MAJOR","OPEN","go:S107","services/dsh/backend/internal/integrations/wlt/client.go","1629","This function has 9 parameters, which is greater than the 7 authorized.","2026-09-23T19:01:34+0000","ADAPTABLE","FOCUSED"
"AaDkvtoUBiDDEjYcNv0q","MAJOR","OPEN","go:S107","services/dsh/backend/internal/joiningcase/service.go","316","This function has 12 parameters, which is greater than the 7 authorized.","2026-09-23T19:01:34+0000","ADAPTABLE","FOCUSED"
"AaDkvtocBiDDEjYcNv0s","CRITICAL","OPEN","go:S1192","services/dsh/backend/internal/order/service.go","50","Define a constant instead of duplicating this literal ""app-partner"" 5 times.","2026-09-23T19:01:34+0000","ADAPTABLE","DISTINCT"
"AaDkvtj7BiDDEjYcNvxr","CRITICAL","OPEN","go:S1192","services/dsh/backend/internal/storage/postgres/captain.go","197","Define a constant instead of duplicating this literal ""captain-complete"" 3 times.","2026-09-23T19:01:34+0000","ADAPTABLE","DISTINCT"
"AaDkvtj7BiDDEjYcNvxv","MAJOR","OPEN","go:S107","services/dsh/backend/internal/storage/postgres/captain.go","212","This function has 8 parameters, which is greater than the 7 authorized.","2026-09-23T19:01:34+0000","ADAPTABLE","FOCUSED"
"AaDkvtj7BiDDEjYcNvx0","MAJOR","OPEN","go:S107","services/dsh/backend/internal/storage/postgres/captain.go","949","This function has 10 parameters, which is greater than the 7 authorized.","2026-09-23T19:01:34+0000","ADAPTABLE","FOCUSED"
"AaDkvtj7BiDDEjYcNvxz","CRITICAL","OPEN","go:S3776","services/dsh/backend/internal/storage/postgres/captain.go","949","Refactor this method to reduce its Cognitive Complexity from 18 to the 15 allowed.","2026-09-23T19:01:34+0000","ADAPTABLE","FOCUSED"
"AaDkvtj7BiDDEjYcNvxt","CRITICAL","OPEN","go:S1192","services/dsh/backend/internal/storage/postgres/captain.go","1026","Define a constant instead of duplicating this literal ""captain-offer"" 3 times.","2026-09-23T19:01:34+0000","ADAPTABLE","DISTINCT"
"AaDkvtj7BiDDEjYcNvx2","CRITICAL","OPEN","go:S3776","services/dsh/backend/internal/storage/postgres/captain.go","1220","Refactor this method to reduce its Cognitive Complexity from 48 to the 15 allowed.","2026-09-23T19:01:34+0000","ADAPTABLE","FOCUSED"
"AaDkvtj7BiDDEjYcNvx4","CRITICAL","OPEN","go:S3776","services/dsh/backend/internal/storage/postgres/captain.go","1417","Refactor this method to reduce its Cognitive Complexity from 30 to the 15 allowed.","2026-09-23T19:01:34+0000","ADAPTABLE","FOCUSED"
"AaDkvtj7BiDDEjYcNvx7","CRITICAL","OPEN","go:S3776","services/dsh/backend/internal/storage/postgres/captain.go","1654","Refactor this method to reduce its Cognitive Complexity from 73 to the 15 allowed.","2026-09-23T19:01:34+0000","ADAPTABLE","FOCUSED"
"AaDkvtj7BiDDEjYcNvx8","MAJOR","OPEN","go:S107","services/dsh/backend/internal/storage/postgres/captain.go","1654","This function has 11 parameters, which is greater than the 7 authorized.","2026-09-23T19:01:34+0000","ADAPTABLE","FOCUSED"
"AaDkvtj7BiDDEjYcNvx9","CRITICAL","OPEN","go:S3776","services/dsh/backend/internal/storage/postgres/captain.go","1828","Refactor this method to reduce its Cognitive Complexity from 23 to the 15 allowed.","2026-09-23T19:01:34+0000","ADAPTABLE","FOCUSED"
"AaDkvtiKBiDDEjYcNvw2","CRITICAL","OPEN","go:S3776","services/dsh/backend/internal/storage/postgres/delivery_proof_migration.go","20","Refactor this method to reduce its Cognitive Complexity from 17 to the 15 allowed.","2026-09-23T19:01:34+0000","ADAPTABLE","FOCUSED"
"AaDkvti9BiDDEjYcNvxN","CRITICAL","OPEN","go:S3776","services/dsh/backend/internal/storage/postgres/financial_handoff.go","81","Refactor this method to reduce its Cognitive Complexity from 27 to the 15 allowed.","2026-09-23T19:01:34+0000","ADAPTABLE","FOCUSED"
"AaDkvthHBiDDEjYcNvwG","MAJOR","OPEN","go:S107","services/dsh/backend/internal/storage/postgres/joining_case.go","109","This function has 9 parameters, which is greater than the 7 authorized.","2026-09-23T19:01:34+0000","ADAPTABLE","FOCUSED"
"AaDkvthHBiDDEjYcNvwL","MAJOR","OPEN","go:S107","services/dsh/backend/internal/storage/postgres/joining_case.go","345","This function has 14 parameters, which is greater than the 7 authorized.","2026-09-23T19:01:34+0000","ADAPTABLE","FOCUSED"
"AaDkvthHBiDDEjYcNvwM","MAJOR","OPEN","go:S107","services/dsh/backend/internal/storage/postgres/joining_case.go","349","This function has 14 parameters, which is greater than the 7 authorized.","2026-09-23T19:01:34+0000","ADAPTABLE","FOCUSED"
"AaDkvtg9BiDDEjYcNvv_","CRITICAL","OPEN","go:S3776","services/dsh/backend/internal/storage/postgres/joining_case_test.go","15","Refactor this method to reduce its Cognitive Complexity from 41 to the 15 allowed.","2026-09-23T19:01:34+0000","ADAPTABLE","FOCUSED"
"AaDkvtjSBiDDEjYcNvxX","CRITICAL","OPEN","go:S3776","services/dsh/backend/internal/storage/postgres/migrate.go","246","Refactor this method to reduce its Cognitive Complexity from 34 to the 15 allowed.","2026-09-23T19:01:34+0000","ADAPTABLE","FOCUSED"
"AaDkvtkMBiDDEjYcNvyF","CRITICAL","OPEN","go:S1192","services/dsh/backend/internal/storage/postgres/order.go","521","Define a constant instead of duplicating this literal ""SELECT "" 5 times.","2026-09-23T19:01:34+0000","ADAPTABLE","DISTINCT"
"AaDkvtkMBiDDEjYcNvyQ","MAJOR","OPEN","go:S107","services/dsh/backend/internal/storage/postgres/order.go","1177","This function has 9 parameters, which is greater than the 7 authorized.","2026-09-23T19:01:34+0000","ADAPTABLE","FOCUSED"
"AaDkvtkMBiDDEjYcNvyR","MAJOR","OPEN","go:S107","services/dsh/backend/internal/storage/postgres/order.go","1272","This function has 8 parameters, which is greater than the 7 authorized.","2026-09-23T19:01:34+0000","ADAPTABLE","FOCUSED"
"AaDkvthUBiDDEjYcNvwY","MAJOR","OPEN","go:S107","services/dsh/backend/internal/storage/postgres/store_fulfillment_modes.go","38","This function has 8 parameters, which is greater than the 7 authorized.","2026-09-23T19:01:34+0000","ADAPTABLE","FOCUSED"
"AaDkvtm6BiDDEjYcNvzs","CRITICAL","OPEN","go:S1192","services/dsh/backend/internal/transport/http/captain.go","651","Define a constant instead of duplicating this literal ""Store partner session is required"" 4 times.","2026-09-23T19:01:34+0000","ADAPTABLE","DISTINCT"
"AaDkvtmxBiDDEjYcNvzh","CRITICAL","OPEN","go:S1192","services/dsh/backend/internal/transport/http/order.go","65","Define a constant instead of duplicating this literal ""X-Acting-Actor-ID"" 9 times.","2026-09-23T19:01:34+0000","ADAPTABLE","DISTINCT"
"AaDkvtmxBiDDEjYcNvzg","CRITICAL","OPEN","go:S1192","services/dsh/backend/internal/transport/http/order.go","268","Define a constant instead of duplicating this literal ""X-Correlation-ID"" 6 times.","2026-09-23T19:01:34+0000","ADAPTABLE","DISTINCT"
"AaDkvtmxBiDDEjYcNvzl","CRITICAL","OPEN","go:S1192","services/dsh/backend/internal/transport/http/order.go","269","Define a constant instead of duplicating this literal ""Idempotency-Key"" 5 times.","2026-09-23T19:01:34+0000","ADAPTABLE","DISTINCT"
"AaDkvtmxBiDDEjYcNvzn","CRITICAL","OPEN","go:S1192","services/dsh/backend/internal/transport/http/order.go","274","Define a constant instead of duplicating this literal ""X-Actor-ID"" 6 times.","2026-09-23T19:01:34+0000","ADAPTABLE","DISTINCT"
"AaDkvtmxBiDDEjYcNvzk","CRITICAL","OPEN","go:S1192","services/dsh/backend/internal/transport/http/order.go","391","Define a constant instead of duplicating this literal ""X-Expected-Version"" 4 times.","2026-09-23T19:01:34+0000","ADAPTABLE","DISTINCT"
"AaDkvtmxBiDDEjYcNvzf","CRITICAL","OPEN","go:S1192","services/dsh/backend/internal/transport/http/order.go","442","Define a constant instead of duplicating this literal ""partner session is required"" 4 times.","2026-09-23T19:01:34+0000","ADAPTABLE","DISTINCT"
"AaDkvtrGBiDDEjYcNv11","MAJOR","OPEN","typescript:S3358","services/dsh/clients/presentation/order-presentation.ts","41","Extract this nested ternary operation into an independent statement.","2026-09-23T19:01:34+0000","INTENTIONAL","CLEAR"
"AaDkvtdfBiDDEjYcNvtt","MAJOR","OPEN","go:S107","services/identity/backend/internal/session/service.go","455","This function has 8 parameters, which is greater than the 7 authorized.","2026-09-23T19:01:34+0000","ADAPTABLE","FOCUSED"
"AaDkvtbNBiDDEjYcNvtX","CRITICAL","OPEN","go:S1192","services/identity/backend/internal/storage/postgres/schema.go","33","Define a constant instead of duplicating this literal ""FOREIGN KEY (actor_id, role) REFERENCES identity_actor_roles(actor_id, role) ON DELETE CASCADE"" 4 times.","2026-09-23T19:01:34+0000","ADAPTABLE","DISTINCT"
"AaDkvtdPBiDDEjYcNvtj","CRITICAL","OPEN","go:S1192","services/identity/backend/internal/transport/http/server.go","376","Define a constant instead of duplicating this literal ""X-Actor-ID"" 8 times.","2026-09-23T19:01:34+0000","ADAPTABLE","DISTINCT"
"AaDkvtdPBiDDEjYcNvtl","CRITICAL","OPEN","go:S1192","services/identity/backend/internal/transport/http/server.go","377","Define a constant instead of duplicating this literal ""X-Actor-ID is forbidden; use canonical X-Acting-Actor-ID"" 8 times.","2026-09-23T19:01:34+0000","ADAPTABLE","DISTINCT"
"AaDkvtdPBiDDEjYcNvth","CRITICAL","OPEN","go:S1192","services/identity/backend/internal/transport/http/server.go","380","Define a constant instead of duplicating this literal ""X-Acting-Actor-ID"" 8 times.","2026-09-23T19:01:34+0000","ADAPTABLE","DISTINCT"
"AaDkvtdPBiDDEjYcNvtk","CRITICAL","OPEN","go:S1192","services/identity/backend/internal/transport/http/server.go","479","Define a constant instead of duplicating this literal ""X-Reason"" 4 times.","2026-09-23T19:01:34+0000","ADAPTABLE","DISTINCT"
"AaDkvtfYBiDDEjYcNvux","MAJOR","OPEN","typescript:S3696","services/identity/clients/client.ts","224","Expected an error object to be thrown.","2026-09-23T19:01:34+0000","CONSISTENT","CONVENTIONAL"
"AaDkvtfYBiDDEjYcNvuy","MAJOR","OPEN","typescript:S3696","services/identity/clients/client.ts","228","Expected an error object to be thrown.","2026-09-23T19:01:34+0000","CONSISTENT","CONVENTIONAL"
"AaDkvtfYBiDDEjYcNvu1","MAJOR","OPEN","typescript:S3696","services/identity/clients/client.ts","311","Expected an error object to be thrown.","2026-09-23T19:01:34+0000","CONSISTENT","CONVENTIONAL"
"AaDkvtfYBiDDEjYcNvu2","MAJOR","OPEN","typescript:S3696","services/identity/clients/client.ts","315","Expected an error object to be thrown.","2026-09-23T19:01:34+0000","CONSISTENT","CONVENTIONAL"
"AaDkvtuOBiDDEjYcNv3o","CRITICAL","OPEN","go:S3776","services/wlt/backend/internal/storage/postgres/partner_order_earning.go","68","Refactor this method to reduce its Cognitive Complexity from 29 to the 15 allowed.","2026-09-23T19:01:34+0000","ADAPTABLE","FOCUSED"
"AaDkvtucBiDDEjYcNv3r","CRITICAL","OPEN","go:S3776","services/wlt/backend/internal/storage/postgres/partner_store_commission_policy.go","63","Refactor this method to reduce its Cognitive Complexity from 18 to the 15 allowed.","2026-09-23T19:01:34+0000","ADAPTABLE","FOCUSED"
"AaDkvtucBiDDEjYcNv3q","CRITICAL","OPEN","go:S1192","services/wlt/backend/internal/storage/postgres/partner_store_commission_policy.go","75","Define a constant instead of duplicating this literal ""SELECT pg_advisory_xact_lock(hashtextextended($1,0))"" 3 times.","2026-09-23T19:01:34+0000","ADAPTABLE","DISTINCT"
"AaDkvttrBiDDEjYcNv3f","CRITICAL","OPEN","go:S3776","services/wlt/backend/internal/storage/postgres/payment.go","94","Refactor this method to reduce its Cognitive Complexity from 22 to the 15 allowed.","2026-09-23T19:01:34+0000","ADAPTABLE","FOCUSED"
"AaDkvtlIBiDDEjYcNvzA","CRITICAL","OPEN","go:S3776","services/dsh/backend/internal/notification/service.go","129","Refactor this method to reduce its Cognitive Complexity from 17 to the 15 allowed.","2026-09-23T11:14:58+0000","ADAPTABLE","FOCUSED"
"AaDkvtkMBiDDEjYcNvyC","MAJOR","OPEN","go:S2077","services/dsh/backend/internal/storage/postgres/order.go","544","Make sure using a dynamically formatted SQL query is safe here.","2026-09-23T09:20:29+0000","INTENTIONAL","COMPLETE"
"AaDkvtkMBiDDEjYcNvyD","MAJOR","OPEN","go:S2077","services/dsh/backend/internal/storage/postgres/order.go","1150","Make sure using a dynamically formatted SQL query is safe here.","2026-09-23T09:20:29+0000","INTENTIONAL","COMPLETE"
"AaDkvtkMBiDDEjYcNvyE","MAJOR","OPEN","go:S2077","services/dsh/backend/internal/storage/postgres/order.go","1252","Make sure using a dynamically formatted SQL query is safe here.","2026-09-23T09:20:29+0000","INTENTIONAL","COMPLETE"
"AaDkvtrGBiDDEjYcNv10","MAJOR","OPEN","typescript:S3358","services/dsh/clients/presentation/order-presentation.ts","37","Extract this nested ternary operation into an independent statement.","2026-09-23T09:20:29+0000","INTENTIONAL","CLEAR"
"AaDkvtokBiDDEjYcNv00","MAJOR","OPEN","go:S107","services/dsh/backend/internal/field/service.go","246","This function has 8 parameters, which is greater than the 7 authorized.","2026-09-23T07:01:21+0000","ADAPTABLE","FOCUSED"
"AaDkvtn_BiDDEjYcNv0N","MAJOR","OPEN","go:S107","services/dsh/backend/internal/integrations/identity/client.go","132","This function has 8 parameters, which is greater than the 7 authorized.","2026-09-23T07:01:21+0000","ADAPTABLE","FOCUSED"
"AaDkvtmiBiDDEjYcNvzc","CRITICAL","OPEN","go:S1192","services/dsh/backend/internal/transport/http/field.go","83","Define a constant instead of duplicating this literal ""X-Acting-Actor-ID"" 5 times.","2026-09-23T07:01:21+0000","ADAPTABLE","DISTINCT"
"AaDkvteNBiDDEjYcNvuC","MAJOR","OPEN","go:S107","services/identity/backend/internal/actor/service.go","763","This function has 9 parameters, which is greater than the 7 authorized.","2026-09-23T07:01:21+0000","ADAPTABLE","FOCUSED"
"AaDkvtd2BiDDEjYcNvt0","CRITICAL","OPEN","go:S1192","services/identity/backend/internal/domain/types.go","345","Define a constant instead of duplicating this literal ""control-panel"" 4 times.","2026-09-23T07:01:21+0000","ADAPTABLE","DISTINCT"
"AaDkvtffBiDDEjYcNvvC","MAJOR","OPEN","go:S107","services/identity/clients/go/client.go","189","This function has 8 parameters, which is greater than the 7 authorized.","2026-09-23T07:01:21+0000","ADAPTABLE","FOCUSED"
"AaDkvtffBiDDEjYcNvvE","MAJOR","OPEN","go:S107","services/identity/clients/go/client.go","221","This function has 10 parameters, which is greater than the 7 authorized.","2026-09-23T07:01:21+0000","ADAPTABLE","FOCUSED"
"AaDkvtffBiDDEjYcNvvF","MAJOR","OPEN","go:S107","services/identity/clients/go/client.go","225","This function has 11 parameters, which is greater than the 7 authorized.","2026-09-23T07:01:21+0000","ADAPTABLE","FOCUSED"
"AaDkvtuVBiDDEjYcNv3p","CRITICAL","OPEN","go:S1192","services/wlt/backend/internal/storage/postgres/partner_store_cash_commission.go","95","Define a constant instead of duplicating this literal ""SELECT pg_advisory_xact_lock(hashtextextended($1,0))"" 3 times.","2026-09-23T05:04:27+0000","ADAPTABLE","DISTINCT"
"AaDkvt-YBiDDEjYcNwAD","MAJOR","OPEN","typescript:S3358","apps/app-captain/src/features/captain-operations/store-memberships.tsx","76","Extract this nested ternary operation into an independent statement.","2026-09-23T03:51:47+0000","INTENTIONAL","CLEAR"
"AaDkvt-YBiDDEjYcNwAE","MAJOR","OPEN","typescript:S3358","apps/app-captain/src/features/captain-operations/store-memberships.tsx","76","Extract this nested ternary operation into an independent statement.","2026-09-23T03:51:47+0000","INTENTIONAL","CLEAR"
"AaDkvt-YBiDDEjYcNwAF","MAJOR","OPEN","typescript:S3358","apps/app-captain/src/features/captain-operations/store-memberships.tsx","76","Extract this nested ternary operation into an independent statement.","2026-09-23T03:51:47+0000","INTENTIONAL","CLEAR"
"AaDkvt8yBiDDEjYcNv_F","MINOR","OPEN","typescript:S6759","apps/app-partner/src/features/partner-onboarding/store-captain-memberships.tsx","28","Mark the props of the component as read-only.","2026-09-23T03:51:47+0000","CONSISTENT","CONVENTIONAL"
"AaDkvtnrBiDDEjYcNv0C","MAJOR","OPEN","go:S107","services/dsh/backend/internal/captain/store_membership.go","70","This function has 8 parameters, which is greater than the 7 authorized.","2026-09-23T03:51:47+0000","ADAPTABLE","FOCUSED"
"AaDkvtiTBiDDEjYcNvw3","MAJOR","OPEN","go:S107","services/dsh/backend/internal/storage/postgres/store_captain_membership.go","49","This function has 9 parameters, which is greater than the 7 authorized.","2026-09-23T03:51:47+0000","ADAPTABLE","FOCUSED"
"AaDkvtiTBiDDEjYcNvw4","MAJOR","OPEN","go:S107","services/dsh/backend/internal/storage/postgres/store_captain_membership.go","246","This function has 10 parameters, which is greater than the 7 authorized.","2026-09-23T03:51:47+0000","ADAPTABLE","FOCUSED"
"AaDkvtiTBiDDEjYcNvw5","MAJOR","OPEN","go:S107","services/dsh/backend/internal/storage/postgres/store_captain_membership.go","398","This function has 9 parameters, which is greater than the 7 authorized.","2026-09-23T03:51:47+0000","ADAPTABLE","FOCUSED"
"AaDkvtiTBiDDEjYcNvw6","MAJOR","OPEN","go:S107","services/dsh/backend/internal/storage/postgres/store_captain_membership.go","407","This function has 13 parameters, which is greater than the 7 authorized.","2026-09-23T03:51:47+0000","ADAPTABLE","FOCUSED"
"AaDkvtm6BiDDEjYcNvzr","CRITICAL","OPEN","go:S1192","services/dsh/backend/internal/transport/http/captain.go","267","Define a constant instead of duplicating this literal ""Captain session is required"" 13 times.","2026-09-23T03:51:47+0000","ADAPTABLE","DISTINCT"
"AaDkvtm6BiDDEjYcNvzo","CRITICAL","OPEN","go:S1192","services/dsh/backend/internal/transport/http/captain.go","280","Define a constant instead of duplicating this literal ""Partner session is required"" 3 times.","2026-09-23T03:51:47+0000","ADAPTABLE","DISTINCT"
"AaDkvtm6BiDDEjYcNvzq","CRITICAL","OPEN","go:S1192","services/dsh/backend/internal/transport/http/captain.go","305","Define a constant instead of duplicating this literal ""Idempotency-Key is required"" 4 times.","2026-09-23T03:51:47+0000","ADAPTABLE","DISTINCT"
"AaDkvt7yBiDDEjYcNv-3","MINOR","OPEN","typescript:S6759","apps/app-client/src/features/cart-checkout/cart-checkout.tsx","89","Mark the props of the component as read-only.","2026-09-23T02:15:29+0000","CONSISTENT","CONVENTIONAL"
"AaDkvt9UBiDDEjYcNv_i","MAJOR","OPEN","typescript:S3358","apps/app-partner/src/features/order-management/order-management.tsx","199","Extract this nested ternary operation into an independent statement.","2026-09-23T02:15:29+0000","INTENTIONAL","CLEAR"
"AaDkvt9UBiDDEjYcNv_j","MAJOR","OPEN","typescript:S3358","apps/app-partner/src/features/order-management/order-management.tsx","199","Extract this nested ternary operation into an independent statement.","2026-09-23T02:15:29+0000","INTENTIONAL","CLEAR"
"AaDkvt9UBiDDEjYcNv_k","MINOR","OPEN","typescript:S6353","apps/app-partner/src/features/order-management/order-management.tsx","207","Use concise character class syntax '\D' instead of '[^0-9]'.","2026-09-23T02:15:29+0000","INTENTIONAL","CLEAR"
"AaDkvt9UBiDDEjYcNv_n","MAJOR","OPEN","typescript:S3358","apps/app-partner/src/features/order-management/order-management.tsx","209","Extract this nested ternary operation into an independent statement.","2026-09-23T02:15:29+0000","INTENTIONAL","CLEAR"
"AaDkvt9UBiDDEjYcNv_o","MAJOR","OPEN","typescript:S3358","apps/app-partner/src/features/order-management/order-management.tsx","209","Extract this nested ternary operation into an independent statement.","2026-09-23T02:15:29+0000","INTENTIONAL","CLEAR"
"AaDkvt9UBiDDEjYcNv_p","MINOR","OPEN","typescript:S7758","apps/app-partner/src/features/order-management/order-management.tsx","222","Prefer `String#codePointAt()` over `String#charCodeAt()`.","2026-09-23T02:15:29+0000","CONSISTENT","CONVENTIONAL"
"AaDkvt9UBiDDEjYcNv_q","MINOR","OPEN","typescript:S7758","apps/app-partner/src/features/order-management/order-management.tsx","222","Prefer `String#codePointAt()` over `String#charCodeAt()`.","2026-09-23T02:15:29+0000","CONSISTENT","CONVENTIONAL"
"AaDkvtwaBiDDEjYcNv4L","MINOR","OPEN","typescript:S7776","apps/control-panel/app/api/finance/partner-earnings/route.ts","18","`fields` should be a `Set`, and use `fields.has()` to check existence or non-existence.","2026-09-23T02:15:29+0000","INTENTIONAL","EFFICIENT"
"AaDkvt0xBiDDEjYcNv6X","MINOR","OPEN","typescript:S7718","apps/control-panel/src/features/finance/partner-earnings-workspace.tsx","219","The catch parameter `value` should be named `error_`.","2026-09-23T02:15:29+0000","CONSISTENT","CONVENTIONAL"
"AaDkvtokBiDDEjYcNv01","MAJOR","OPEN","go:S107","services/dsh/backend/internal/field/service.go","278","This function has 12 parameters, which is greater than the 7 authorized.","2026-09-23T02:15:29+0000","ADAPTABLE","FOCUSED"
"AaDkvtoLBiDDEjYcNv0Y","MAJOR","OPEN","go:S107","services/dsh/backend/internal/integrations/wlt/client.go","824","This function has 9 parameters, which is greater than the 7 authorized.","2026-09-23T02:15:29+0000","ADAPTABLE","FOCUSED"
"AaDkvtoLBiDDEjYcNv0d","MAJOR","OPEN","go:S107","services/dsh/backend/internal/integrations/wlt/client.go","1168","This function has 8 parameters, which is greater than the 7 authorized.","2026-09-23T02:15:29+0000","ADAPTABLE","FOCUSED"
"AaDkvtocBiDDEjYcNv0w","MAJOR","OPEN","go:S107","services/dsh/backend/internal/order/service.go","211","This function has 8 parameters, which is greater than the 7 authorized.","2026-09-23T02:15:29+0000","ADAPTABLE","FOCUSED"
"AaDkvtjLBiDDEjYcNvxU","MAJOR","OPEN","go:S107","services/dsh/backend/internal/storage/postgres/field.go","75","This function has 9 parameters, which is greater than the 7 authorized.","2026-09-23T02:15:29+0000","ADAPTABLE","FOCUSED"
"AaDkvthHBiDDEjYcNvwF","MAJOR","OPEN","go:S107","services/dsh/backend/internal/storage/postgres/joining_case.go","97","This function has 8 parameters, which is greater than the 7 authorized.","2026-09-23T02:15:29+0000","ADAPTABLE","FOCUSED"
"AaDkvthHBiDDEjYcNvwH","MAJOR","OPEN","go:S107","services/dsh/backend/internal/storage/postgres/joining_case.go","121","This function has 14 parameters, which is greater than the 7 authorized.","2026-09-23T02:15:29+0000","ADAPTABLE","FOCUSED"
"AaDkvthHBiDDEjYcNvwI","MAJOR","OPEN","go:S107","services/dsh/backend/internal/storage/postgres/joining_case.go","125","This function has 14 parameters, which is greater than the 7 authorized.","2026-09-23T02:15:29+0000","ADAPTABLE","FOCUSED"
"AaDkvthHBiDDEjYcNvwJ","MAJOR","OPEN","go:S107","services/dsh/backend/internal/storage/postgres/joining_case.go","129","This function has 16 parameters, which is greater than the 7 authorized.","2026-09-23T02:15:29+0000","ADAPTABLE","FOCUSED"
"AaDkvtkMBiDDEjYcNvyO","CRITICAL","OPEN","go:S3776","services/dsh/backend/internal/storage/postgres/order.go","1087","Refactor this method to reduce its Cognitive Complexity from 26 to the 15 allowed.","2026-09-23T02:15:29+0000","ADAPTABLE","FOCUSED"
"AaDkvt3JBiDDEjYcNv8p","CRITICAL","OPEN","typescript:S3776","apps/control-panel/src/features/marketing/marketing-workspace.tsx","638","Refactor this function to reduce its Cognitive Complexity from 51 to the 15 allowed.","2026-09-22T23:44:12+0000","ADAPTABLE","FOCUSED"
"AaDkvt3JBiDDEjYcNv8s","MAJOR","OPEN","typescript:S6819","apps/control-panel/src/features/marketing/marketing-workspace.tsx","773","Use <output> instead of the ""status"" role to ensure accessibility across all devices.","2026-09-22T23:44:12+0000","CONSISTENT","CONVENTIONAL"
"AaDkvtgEBiDDEjYcNvvp","BLOCKER","OPEN","javascript:S2187","services/identity/tests/contract-guard.test.mjs","","Add some tests to this file or delete it.","2026-09-22T21:16:36+0000","ADAPTABLE","TESTED"
"AaDkvt-2BiDDEjYcNwAW","CRITICAL","OPEN","typescript:S3776","apps/app-captain/src/features/notifications/notifications-inbox.tsx","26","Refactor this function to reduce its Cognitive Complexity from 27 to the 15 allowed.","2026-09-22T20:50:06+0000","ADAPTABLE","FOCUSED"
"AaDkvt-2BiDDEjYcNwAX","MAJOR","OPEN","typescript:S3358","apps/app-captain/src/features/notifications/notifications-inbox.tsx","118","Extract this nested ternary operation into an independent statement.","2026-09-22T20:50:06+0000","INTENTIONAL","CLEAR"
"AaDkvt-2BiDDEjYcNwAY","MAJOR","OPEN","typescript:S3358","apps/app-captain/src/features/notifications/notifications-inbox.tsx","124","Extract this nested ternary operation into an independent statement.","2026-09-22T20:50:06+0000","INTENTIONAL","CLEAR"
"AaDkvt7gBiDDEjYcNv-v","CRITICAL","OPEN","typescript:S3776","apps/app-client/src/features/notifications/notifications-inbox.tsx","16","Refactor this function to reduce its Cognitive Complexity from 27 to the 15 allowed.","2026-09-22T20:50:06+0000","ADAPTABLE","FOCUSED"
"AaDkvt7gBiDDEjYcNv-w","MAJOR","OPEN","typescript:S3358","apps/app-client/src/features/notifications/notifications-inbox.tsx","108","Extract this nested ternary operation into an independent statement.","2026-09-22T20:50:06+0000","INTENTIONAL","CLEAR"
"AaDkvt7gBiDDEjYcNv-x","MAJOR","OPEN","typescript:S3358","apps/app-client/src/features/notifications/notifications-inbox.tsx","114","Extract this nested ternary operation into an independent statement.","2026-09-22T20:50:06+0000","INTENTIONAL","CLEAR"
"AaDkvt-QBiDDEjYcNwAA","CRITICAL","OPEN","typescript:S3776","apps/app-field/src/features/notifications/notifications-inbox.tsx","26","Refactor this function to reduce its Cognitive Complexity from 27 to the 15 allowed.","2026-09-22T20:50:06+0000","ADAPTABLE","FOCUSED"
"AaDkvt-QBiDDEjYcNwAB","MAJOR","OPEN","typescript:S3358","apps/app-field/src/features/notifications/notifications-inbox.tsx","118","Extract this nested ternary operation into an independent statement.","2026-09-22T20:50:06+0000","INTENTIONAL","CLEAR"
"AaDkvt-QBiDDEjYcNwAC","MAJOR","OPEN","typescript:S3358","apps/app-field/src/features/notifications/notifications-inbox.tsx","124","Extract this nested ternary operation into an independent statement.","2026-09-22T20:50:06+0000","INTENTIONAL","CLEAR"
"AaDkvt9hBiDDEjYcNv_y","CRITICAL","OPEN","typescript:S3776","apps/app-partner/src/features/notifications/notifications-inbox.tsx","26","Refactor this function to reduce its Cognitive Complexity from 27 to the 15 allowed.","2026-09-22T20:50:06+0000","ADAPTABLE","FOCUSED"
"AaDkvt9hBiDDEjYcNv_z","MAJOR","OPEN","typescript:S3358","apps/app-partner/src/features/notifications/notifications-inbox.tsx","118","Extract this nested ternary operation into an independent statement.","2026-09-22T20:50:06+0000","INTENTIONAL","CLEAR"
"AaDkvt9hBiDDEjYcNv_0","MAJOR","OPEN","typescript:S3358","apps/app-partner/src/features/notifications/notifications-inbox.tsx","124","Extract this nested ternary operation into an independent statement.","2026-09-22T20:50:06+0000","INTENTIONAL","CLEAR"
"AaDkvty0BiDDEjYcNv42","MINOR","OPEN","typescript:S7773","apps/control-panel/app/api/notifications/route.ts","16","Prefer `Number.NaN` over `NaN`.","2026-09-22T20:50:06+0000","CONSISTENT","CONVENTIONAL"
"AaDkvt2KBiDDEjYcNv7q","MAJOR","OPEN","typescript:S6819","apps/control-panel/src/features/notifications/operator-notifications.tsx","82","Use <output> instead of the ""status"" role to ensure accessibility across all devices.","2026-09-22T20:50:06+0000","CONSISTENT","CONVENTIONAL"
"AaDkvt3oBiDDEjYcNv9N","MAJOR","OPEN","css:S4666","apps/control-panel/src/shell/responsive-shell.module.css","64","Duplicate selector "":global(.workspace-header)"", first used at line 48","2026-09-22T20:50:06+0000","INTENTIONAL","LOGICAL"
"AaDkvt-qBiDDEjYcNwAS","MAJOR","OPEN","typescript:S2681","apps/app-captain/src/features/captain-operations/captain-offers.tsx","37","This statement will not be executed conditionally; only the first statement will be. The rest will execute unconditionally.","2026-09-22T18:38:33+0000","CONSISTENT","FORMATTED"
"AaDkvt_DBiDDEjYcNwAb","MINOR","OPEN","typescript:S1128","apps/app-captain/src/features/wallet/wallet.tsx","1","Remove this unused import of 'typography'.","2026-09-22T18:38:33+0000","INTENTIONAL","CLEAR"
"AaDkvt6UBiDDEjYcNv92","MAJOR","OPEN","typescript:S3358","apps/app-client/app/discovery-content/[contentId].tsx","28","Extract this nested ternary operation into an independent statement.","2026-09-22T18:38:33+0000","INTENTIONAL","CLEAR"
"AaDkvt6dBiDDEjYcNv94","MINOR","OPEN","typescript:S6759","apps/app-client/src/features/store-discovery/store-detail.tsx","30","Mark the props of the component as read-only.","2026-09-22T18:38:33+0000","CONSISTENT","CONVENTIONAL"
"AaDkvt6nBiDDEjYcNv-F","MAJOR","OPEN","typescript:S3358","apps/app-client/src/features/store-discovery/store-discovery.tsx","344","Extract this nested ternary operation into an independent statement.","2026-09-22T18:38:33+0000","INTENTIONAL","CLEAR"
"AaDobyBSXR70GwIMNYLI","MINOR","OPEN","typescript:S1874","apps/app-field/src/features/field-operations/field-new-case.tsx","162","'MediaTypeOptions' is deprecated.","2026-09-22T18:38:33+0000","CONSISTENT","CONVENTIONAL"
"AaDkvt8dBiDDEjYcNv_B","MINOR","OPEN","typescript:S1128","apps/app-partner/src/features/wallet/wallet.tsx","1","Remove this unused import of 'typography'.","2026-09-22T18:38:33+0000","INTENTIONAL","CLEAR"
"AaDkvtzRBiDDEjYcNv5C","MAJOR","OPEN","typescript:S3358","apps/control-panel/app/(workspace)/layout.tsx","313","Extract this nested ternary operation into an independent statement.","2026-09-22T18:38:33+0000","INTENTIONAL","CLEAR"
"AaDkvt1YBiDDEjYcNv7V","MINOR","OPEN","typescript:S6759","apps/control-panel/src/features/finance/finance-workspace.tsx","26","Mark the props of the component as read-only.","2026-09-22T18:38:33+0000","CONSISTENT","CONVENTIONAL"
"AaDkvt3JBiDDEjYcNv8i","MINOR","OPEN","typescript:S1128","apps/control-panel/src/features/marketing/marketing-workspace.tsx","4","Remove this unused import of 'Link'.","2026-09-22T18:38:33+0000","INTENTIONAL","CLEAR"
"AaDkvt3JBiDDEjYcNv8j","MINOR","OPEN","typescript:S6759","apps/control-panel/src/features/marketing/marketing-workspace.tsx","184","Mark the props of the component as read-only.","2026-09-22T18:38:33+0000","CONSISTENT","CONVENTIONAL"
"AaDkvt3JBiDDEjYcNv8k","MAJOR","OPEN","typescript:S6819","apps/control-panel/src/features/marketing/marketing-workspace.tsx","422","Use <output> instead of the ""status"" role to ensure accessibility across all devices.","2026-09-22T18:38:33+0000","CONSISTENT","CONVENTIONAL"
"AaDkvt3JBiDDEjYcNv8t","MAJOR","OPEN","typescript:S6819","apps/control-panel/src/features/marketing/marketing-workspace.tsx","784","Use <output> instead of the ""status"" role to ensure accessibility across all devices.","2026-09-22T18:38:33+0000","CONSISTENT","CONVENTIONAL"
"AaDkvtneBiDDEjYcNvz3","CRITICAL","OPEN","go:S1192","services/dsh/backend/internal/media/object_store.go","12","Define a constant instead of duplicating this literal ""image/png"" 6 times.","2026-09-22T18:38:33+0000","ADAPTABLE","DISTINCT"
"AaDkvtiaBiDDEjYcNvw7","MAJOR","OPEN","go:S107","services/dsh/backend/internal/storage/postgres/store_profile_media.go","229","This function has 9 parameters, which is greater than the 7 authorized.","2026-09-22T18:38:33+0000","ADAPTABLE","FOCUSED"
"AaDkvtrdBiDDEjYcNv16","MAJOR","OPEN","typescript:S3696","services/dsh/clients/mobile.ts","132","Expected an error object to be thrown.","2026-09-22T18:38:33+0000","CONSISTENT","CONVENTIONAL"
"AaDkvtrdBiDDEjYcNv17","MAJOR","OPEN","typescript:S3696","services/dsh/clients/mobile.ts","138","Expected an error object to be thrown.","2026-09-22T18:38:33+0000","CONSISTENT","CONVENTIONAL"
"AaDkvt69BiDDEjYcNv-f","MAJOR","OPEN","typescript:S3358","apps/app-client/src/features/multi-store-checkout/multi-store-checkout.tsx","402","Extract this nested ternary operation into an independent statement.","2026-09-22T09:12:47+0000","INTENTIONAL","CLEAR"
"AaDkvt69BiDDEjYcNv-g","MAJOR","OPEN","typescript:S3358","apps/app-client/src/features/multi-store-checkout/multi-store-checkout.tsx","402","Extract this nested ternary operation into an independent statement.","2026-09-22T09:12:47+0000","INTENTIONAL","CLEAR"
"AaDkvt69BiDDEjYcNv-h","MAJOR","OPEN","typescript:S3358","apps/app-client/src/features/multi-store-checkout/multi-store-checkout.tsx","402","Extract this nested ternary operation into an independent statement.","2026-09-22T09:12:47+0000","INTENTIONAL","CLEAR"
"AaDkvtnzBiDDEjYcNv0G","MAJOR","OPEN","go:S107","services/dsh/backend/internal/cart/service.go","123","This function has 8 parameters, which is greater than the 7 authorized.","2026-09-22T09:12:47+0000","ADAPTABLE","FOCUSED"
"AaDkvtijBiDDEjYcNvw9","CRITICAL","OPEN","go:S1192","services/dsh/backend/internal/storage/postgres/marketing.go","175","Define a constant instead of duplicating this literal ""SELECT "" 12 times.","2026-09-22T09:12:47+0000","ADAPTABLE","DISTINCT"
"AaDkvtijBiDDEjYcNvw_","CRITICAL","OPEN","go:S1192","services/dsh/backend/internal/storage/postgres/marketing.go","175","Define a constant instead of duplicating this literal "" FROM dsh.commerce_promotions WHERE id=$1"" 5 times.","2026-09-22T09:12:47+0000","ADAPTABLE","DISTINCT"
"AaDkvtijBiDDEjYcNvw-","CRITICAL","OPEN","go:S1192","services/dsh/backend/internal/storage/postgres/marketing.go","225","Define a constant instead of duplicating this literal ""dsh:marketing:idempotency:"" 3 times.","2026-09-22T09:12:47+0000","ADAPTABLE","DISTINCT"
"AaDkvtijBiDDEjYcNvxA","CRITICAL","OPEN","go:S1192","services/dsh/backend/internal/storage/postgres/marketing.go","225","Define a constant instead of duplicating this literal ""SELECT pg_advisory_xact_lock(hashtextextended($1,0))"" 3 times.","2026-09-22T09:12:47+0000","ADAPTABLE","DISTINCT"
"AaDkvtijBiDDEjYcNvxB","CRITICAL","OPEN","go:S1192","services/dsh/backend/internal/storage/postgres/marketing.go","229","Define a constant instead of duplicating this literal ""SELECT resource_id,request_hash FROM dsh.commerce_marketing_mutation_idempotency WHERE idempotency_key=$1 FOR UPDATE"" 4 times.","2026-09-22T09:12:47+0000","ADAPTABLE","DISTINCT"
"AaDkvtijBiDDEjYcNvxC","CRITICAL","OPEN","go:S3776","services/dsh/backend/internal/storage/postgres/marketing.go","325","Refactor this method to reduce its Cognitive Complexity from 17 to the 15 allowed.","2026-09-22T09:12:47+0000","ADAPTABLE","FOCUSED"
"AaDkvtgaBiDDEjYcNvv0","CRITICAL","OPEN","go:S1192","services/dsh/backend/internal/storage/postgres/multi_store_checkout.go","122","Define a constant instead of duplicating this literal ""SELECT pg_advisory_xact_lock(hashtextextended($1,0))"" 3 times.","2026-09-22T09:12:47+0000","ADAPTABLE","DISTINCT"
"AaDkvtgaBiDDEjYcNvv1","MAJOR","OPEN","go:S107","services/dsh/backend/internal/storage/postgres/multi_store_checkout.go","223","This function has 8 parameters, which is greater than the 7 authorized.","2026-09-22T09:12:47+0000","ADAPTABLE","FOCUSED"
"AaDkvt-fBiDDEjYcNwAH","MINOR","OPEN","typescript:S6353","apps/app-captain/src/features/captain-operations/captain-deliveries.tsx","313","Use concise character class syntax '\d' instead of '[0-9]'.","2026-09-22T04:25:45+0000","INTENTIONAL","CLEAR"
"AaDkvt-fBiDDEjYcNwAI","MAJOR","OPEN","typescript:S3358","apps/app-captain/src/features/captain-operations/captain-deliveries.tsx","318","Extract this nested ternary operation into an independent statement.","2026-09-22T04:25:45+0000","INTENTIONAL","CLEAR"
"AaDkvt-fBiDDEjYcNwAJ","MINOR","OPEN","typescript:S6353","apps/app-captain/src/features/captain-operations/captain-deliveries.tsx","343","Use concise character class syntax '\D' instead of '[^0-9]'.","2026-09-22T04:25:45+0000","INTENTIONAL","CLEAR"
"AaDkvt-fBiDDEjYcNwAK","MINOR","OPEN","typescript:S6353","apps/app-captain/src/features/captain-operations/captain-deliveries.tsx","351","Use concise character class syntax '\D' instead of '[^0-9]'.","2026-09-22T04:25:45+0000","INTENTIONAL","CLEAR"
"AaDkvt-kBiDDEjYcNwAL","MAJOR","OPEN","typescript:S2681","apps/app-captain/src/features/captain-operations/order-conversation.tsx","10","This statement will not be executed conditionally; only the first statement will be. The rest will execute unconditionally.","2026-09-22T04:25:45+0000","CONSISTENT","FORMATTED"
"AaDkvt-kBiDDEjYcNwAM","MAJOR","OPEN","typescript:S3358","apps/app-captain/src/features/captain-operations/order-conversation.tsx","11","Extract this nested ternary operation into an independent statement.","2026-09-22T04:25:45+0000","INTENTIONAL","CLEAR"
"AaDkvt-kBiDDEjYcNwAN","MINOR","OPEN","typescript:S6759","apps/app-captain/src/features/captain-operations/order-conversation.tsx","13","Mark the props of the component as read-only.","2026-09-22T04:25:45+0000","CONSISTENT","CONVENTIONAL"
"AaDkvt-kBiDDEjYcNwAQ","MAJOR","OPEN","typescript:S2681","apps/app-captain/src/features/captain-operations/order-conversation.tsx","78","This statement will not be executed conditionally; only the first statement will be. The rest will execute unconditionally.","2026-09-22T04:25:45+0000","CONSISTENT","FORMATTED"
"AaDkvt-kBiDDEjYcNwAR","MAJOR","OPEN","typescript:S2681","apps/app-captain/src/features/captain-operations/order-conversation.tsx","78","This statement will not be executed conditionally; only the first statement will be. The rest will execute unconditionally.","2026-09-22T04:25:45+0000","CONSISTENT","FORMATTED"
"AaDkvt7KBiDDEjYcNv-m","MAJOR","OPEN","typescript:S3358","apps/app-client/src/features/orders/order-conversation.tsx","19","Extract this nested ternary operation into an independent statement.","2026-09-22T04:25:45+0000","INTENTIONAL","CLEAR"
"AaDkvt7KBiDDEjYcNv-n","MINOR","OPEN","typescript:S6759","apps/app-client/src/features/orders/order-conversation.tsx","22","Mark the props of the component as read-only.","2026-09-22T04:25:45+0000","CONSISTENT","CONVENTIONAL"
"AaDkvt9aBiDDEjYcNv_r","MAJOR","OPEN","typescript:S2681","apps/app-partner/src/features/order-management/order-conversation.tsx","10","This statement will not be executed conditionally; only the first statement will be. The rest will execute unconditionally.","2026-09-22T04:25:45+0000","CONSISTENT","FORMATTED"
"AaDkvt9aBiDDEjYcNv_s","MAJOR","OPEN","typescript:S3358","apps/app-partner/src/features/order-management/order-conversation.tsx","11","Extract this nested ternary operation into an independent statement.","2026-09-22T04:25:45+0000","INTENTIONAL","CLEAR"
"AaDkvt9aBiDDEjYcNv_t","MINOR","OPEN","typescript:S6759","apps/app-partner/src/features/order-management/order-conversation.tsx","13","Mark the props of the component as read-only.","2026-09-22T04:25:45+0000","CONSISTENT","CONVENTIONAL"
"AaDkvt9aBiDDEjYcNv_w","MAJOR","OPEN","typescript:S2681","apps/app-partner/src/features/order-management/order-conversation.tsx","78","This statement will not be executed conditionally; only the first statement will be. The rest will execute unconditionally.","2026-09-22T04:25:45+0000","CONSISTENT","FORMATTED"
"AaDkvt9aBiDDEjYcNv_x","MAJOR","OPEN","typescript:S2681","apps/app-partner/src/features/order-management/order-conversation.tsx","78","This statement will not be executed conditionally; only the first statement will be. The rest will execute unconditionally.","2026-09-22T04:25:45+0000","CONSISTENT","FORMATTED"
"AaDkvti3BiDDEjYcNvxM","MAJOR","OPEN","go:S107","services/dsh/backend/internal/storage/postgres/order_conversation.go","112","This function has 9 parameters, which is greater than the 7 authorized.","2026-09-22T04:25:45+0000","ADAPTABLE","FOCUSED"
"AaDkvtmxBiDDEjYcNvzj","CRITICAL","OPEN","go:S1192","services/dsh/backend/internal/transport/http/order.go","243","Define a constant instead of duplicating this literal ""an active Order conversation session is required"" 3 times.","2026-09-22T04:25:45+0000","ADAPTABLE","DISTINCT"
"AaDkvt7SBiDDEjYcNv-s","MAJOR","OPEN","typescript:S3358","apps/app-client/src/features/orders/order-detail.tsx","219","Extract this nested ternary operation into an independent statement.","2026-09-21T22:06:09+0000","INTENTIONAL","CLEAR"
"AaDkvtj7BiDDEjYcNvxu","CRITICAL","OPEN","go:S1192","services/dsh/backend/internal/storage/postgres/captain.go","1088","Define a constant instead of duplicating this literal ""offer.id=$1"" 4 times.","2026-09-21T14:29:18+0000","ADAPTABLE","DISTINCT"
"AaDkvtj7BiDDEjYcNvxy","CRITICAL","OPEN","go:S3776","services/dsh/backend/internal/storage/postgres/captain.go","747","Refactor this method to reduce its Cognitive Complexity from 21 to the 15 allowed.","2026-09-21T09:16:04+0000","ADAPTABLE","FOCUSED"
"AaDkvtj7BiDDEjYcNvxs","CRITICAL","OPEN","go:S1192","services/dsh/backend/internal/storage/postgres/captain.go","1282","Define a constant instead of duplicating this literal ""system:captain-timeout"" 6 times.","2026-09-21T09:16:04+0000","ADAPTABLE","DISTINCT"
"AaDkvtkMBiDDEjYcNvyN","MAJOR","OPEN","go:S107","services/dsh/backend/internal/storage/postgres/order.go","1083","This function has 10 parameters, which is greater than the 7 authorized.","2026-09-21T09:00:11+0000","ADAPTABLE","FOCUSED"
"AaDkvtkMBiDDEjYcNvyP","MAJOR","OPEN","go:S107","services/dsh/backend/internal/storage/postgres/order.go","1087","This function has 10 parameters, which is greater than the 7 authorized.","2026-09-21T09:00:11+0000","ADAPTABLE","FOCUSED"
"AaDkvtoLBiDDEjYcNv0X","MAJOR","OPEN","go:S107","services/dsh/backend/internal/integrations/wlt/client.go","820","This function has 8 parameters, which is greater than the 7 authorized.","2026-09-21T08:40:24+0000","ADAPTABLE","FOCUSED"
"AaDkvttjBiDDEjYcNv3d","CRITICAL","OPEN","go:S3776","services/wlt/backend/internal/storage/postgres/payout_request.go","62","Refactor this method to reduce its Cognitive Complexity from 22 to the 15 allowed.","2026-09-21T08:16:25+0000","ADAPTABLE","FOCUSED"
"AaDkvtvgBiDDEjYcNv39","CRITICAL","OPEN","go:S3776","services/wlt/backend/internal/transport/http/server_contract_test.go","12","Refactor this method to reduce its Cognitive Complexity from 21 to the 15 allowed.","2026-09-21T08:11:36+0000","ADAPTABLE","FOCUSED"
"AaDkvt-wBiDDEjYcNwAT","MINOR","OPEN","typescript:S6353","apps/app-captain/src/features/account/captain-payout-card.tsx","42","Use concise character class syntax '\D' instead of '[^0-9]'.","2026-09-21T07:53:26+0000","INTENTIONAL","CLEAR"
"AaDkvt-KBiDDEjYcNv_9","MINOR","OPEN","typescript:S6353","apps/app-field/src/features/account/field-payout-card.tsx","42","Use concise character class syntax '\D' instead of '[^0-9]'.","2026-09-21T07:53:26+0000","INTENTIONAL","CLEAR"
"AaDkvt9NBiDDEjYcNv_d","MINOR","OPEN","typescript:S6353","apps/app-partner/src/features/account/partner-payout-card.tsx","47","Use concise character class syntax '\D' instead of '[^0-9]'.","2026-09-21T07:53:26+0000","INTENTIONAL","CLEAR"
"AaDkvt-DBiDDEjYcNv_8","MAJOR","OPEN","typescript:S3358","apps/app-field/src/features/account/field-financial-summary.tsx","25","Extract this nested ternary operation into an independent statement.","2026-09-21T07:34:07+0000","INTENTIONAL","CLEAR"
"AaDkvtoLBiDDEjYcNv0P","CRITICAL","OPEN","go:S1192","services/dsh/backend/internal/integrations/wlt/client.go","1407","Define a constant instead of duplicating this literal ""/wlt/v1/operator/payout-requests/"" 4 times.","2026-09-21T06:01:42+0000","ADAPTABLE","DISTINCT"
"AaDkvttWBiDDEjYcNv3X","MAJOR","OPEN","go:S107","services/wlt/backend/internal/storage/postgres/payout_settlement.go","355","This function has 10 parameters, which is greater than the 7 authorized.","2026-09-21T06:01:42+0000","ADAPTABLE","FOCUSED"
"AaDkvttWBiDDEjYcNv3Y","CRITICAL","OPEN","go:S3776","services/wlt/backend/internal/storage/postgres/payout_settlement.go","409","Refactor this method to reduce its Cognitive Complexity from 18 to the 15 allowed.","2026-09-21T06:01:42+0000","ADAPTABLE","FOCUSED"
"AaDkvttWBiDDEjYcNv3Z","MAJOR","OPEN","go:S107","services/wlt/backend/internal/storage/postgres/payout_settlement.go","1079","This function has 11 parameters, which is greater than the 7 authorized.","2026-09-21T06:01:42+0000","ADAPTABLE","FOCUSED"
"AaDkvt4IBiDDEjYcNv9p","MAJOR","OPEN","typescript:S2681","apps/control-panel/src/server/dsh/dsh-bff.ts","336","This line will not be executed conditionally; only the first statement will be. The rest will execute unconditionally.","2026-09-21T05:16:29+0000","CONSISTENT","FORMATTED"
"AaDkvt09BiDDEjYcNv6n","MINOR","OPEN","typescript:S7718","apps/control-panel/src/features/finance/field-commission-policy-workspace.tsx","179","The catch parameter `value` should be named `error_`.","2026-09-21T04:28:08+0000","CONSISTENT","CONVENTIONAL"
"AaDkvt09BiDDEjYcNv6t","MAJOR","OPEN","typescript:S6819","apps/control-panel/src/features/finance/field-commission-policy-workspace.tsx","210","Use <output> instead of the ""status"" role to ensure accessibility across all devices.","2026-09-21T04:28:08+0000","CONSISTENT","CONVENTIONAL"
"AaDkvtuxBiDDEjYcNv3y","CRITICAL","OPEN","go:S1192","services/wlt/backend/internal/storage/postgres/field_commission.go","97","Define a constant instead of duplicating this literal ""SELECT pg_advisory_xact_lock(hashtextextended($1,0))"" 3 times.","2026-09-21T04:28:08+0000","ADAPTABLE","DISTINCT"
"AaDkvt4IBiDDEjYcNv9q","MAJOR","OPEN","typescript:S2681","apps/control-panel/src/server/dsh/dsh-bff.ts","362","This line will not be executed conditionally; only the first statement will be. The rest will execute unconditionally.","2026-09-21T03:47:38+0000","CONSISTENT","FORMATTED"
"AaDkvtoLBiDDEjYcNv0f","MAJOR","OPEN","go:S107","services/dsh/backend/internal/integrations/wlt/client.go","1235","This function has 9 parameters, which is greater than the 7 authorized.","2026-09-21T03:47:38+0000","ADAPTABLE","FOCUSED"
"AaDkvtuABiDDEjYcNv3k","MAJOR","OPEN","go:S107","services/wlt/backend/internal/storage/postgres/official_wallet_destination.go","225","This function has 8 parameters, which is greater than the 7 authorized.","2026-09-21T03:47:38+0000","ADAPTABLE","FOCUSED"
"AaDkvtuABiDDEjYcNv3l","MAJOR","OPEN","go:S978","services/wlt/backend/internal/storage/postgres/official_wallet_destination.go","375","Rename this identifier, ""min"" shadows a predeclared identifier.","2026-09-21T03:47:38+0000","INTENTIONAL","CLEAR"
"AaDkvtuABiDDEjYcNv3m","MAJOR","OPEN","go:S978","services/wlt/backend/internal/storage/postgres/official_wallet_destination.go","375","Rename this identifier, ""max"" shadows a predeclared identifier.","2026-09-21T03:47:38+0000","INTENTIONAL","CLEAR"
"AaDkvt9HBiDDEjYcNv_c","MAJOR","OPEN","typescript:S2681","apps/app-partner/src/features/account/partner-financial-summary.tsx","9","This statement will not be executed conditionally; only the first statement will be. The rest will execute unconditionally.","2026-09-21T02:49:18+0000","CONSISTENT","FORMATTED"
"AaDkvt03BiDDEjYcNv6c","MINOR","OPEN","typescript:S7718","apps/control-panel/src/features/finance/delivery-fee-policy-workspace.tsx","60","The catch parameter `value` should be named `error_`.","2026-09-21T02:11:27+0000","CONSISTENT","CONVENTIONAL"
"AaDkvt03BiDDEjYcNv6e","MINOR","OPEN","typescript:S7718","apps/control-panel/src/features/finance/delivery-fee-policy-workspace.tsx","101","The catch parameter `value` should be named `error_`.","2026-09-21T02:11:27+0000","CONSISTENT","CONVENTIONAL"
"AaDkvt03BiDDEjYcNv6h","MAJOR","OPEN","typescript:S6819","apps/control-panel/src/features/finance/delivery-fee-policy-workspace.tsx","115","Use <output> instead of the ""status"" role to ensure accessibility across all devices.","2026-09-21T02:11:27+0000","CONSISTENT","CONVENTIONAL"
"AaDkvthNBiDDEjYcNvwX","CRITICAL","OPEN","go:S3776","services/dsh/backend/internal/storage/postgres/serviceability.go","38","Refactor this method to reduce its Cognitive Complexity from 17 to the 15 allowed.","2026-09-21T02:11:27+0000","ADAPTABLE","FOCUSED"
"AaDkvtoLBiDDEjYcNv0n","MAJOR","OPEN","go:S107","services/dsh/backend/internal/integrations/wlt/client.go","1661","This function has 9 parameters, which is greater than the 7 authorized.","2026-09-21T01:10:22+0000","ADAPTABLE","FOCUSED"
"AaDkvtnPBiDDEjYcNvz0","MAJOR","OPEN","go:S4144","services/dsh/backend/internal/transport/http/helpers.go","158","Update this function so that its implementation is not identical to ""optionalRequestString"" on line 31.","2026-09-21T01:10:22+0000","ADAPTABLE","DISTINCT"
"AaDkvtvFBiDDEjYcNv32","CRITICAL","OPEN","go:S1192","services/wlt/backend/internal/storage/postgres/financial_profile.go","84","Define a constant instead of duplicating this literal ""SELECT pg_advisory_xact_lock(hashtextextended($1,0))"" 3 times.","2026-09-21T01:10:22+0000","ADAPTABLE","DISTINCT"
"AaDkvt9BBiDDEjYcNv_b","MAJOR","OPEN","typescript:S3358","apps/app-partner/src/features/store-offer/store-offer.tsx","553","Extract this nested ternary operation into an independent statement.","2026-09-20T21:59:56+0000","INTENTIONAL","CLEAR"
"AaDkvtk7BiDDEjYcNvy9","MAJOR","OPEN","go:S107","services/dsh/backend/internal/catalog/catalog_offer.go","32","This function has 15 parameters, which is greater than the 7 authorized.","2026-09-20T21:59:56+0000","ADAPTABLE","FOCUSED"
"AaDkvtk7BiDDEjYcNvy-","MAJOR","OPEN","go:S107","services/dsh/backend/internal/catalog/catalog_offer.go","49","This function has 18 parameters, which is greater than the 7 authorized.","2026-09-20T21:59:56+0000","ADAPTABLE","FOCUSED"
"AaDkvtkaBiDDEjYcNvyr","CRITICAL","OPEN","go:S3776","services/dsh/backend/internal/storage/postgres/catalog.go","1680","Refactor this method to reduce its Cognitive Complexity from 21 to the 15 allowed.","2026-09-20T21:59:56+0000","ADAPTABLE","FOCUSED"
"AaDkvtrdBiDDEjYcNv2C","MAJOR","OPEN","typescript:S107","services/dsh/clients/mobile.ts","410","Async method 'createStoreOffer' has too many parameters (12). Maximum allowed is 7.","2026-09-20T21:59:56+0000","ADAPTABLE","FOCUSED"
"AaDkvtrdBiDDEjYcNv2D","MAJOR","OPEN","typescript:S107","services/dsh/clients/mobile.ts","418","Async method 'updateStoreOffer' has too many parameters (15). Maximum allowed is 7.","2026-09-20T21:59:56+0000","ADAPTABLE","FOCUSED"
"AaDkvtmxBiDDEjYcNvzi","CRITICAL","OPEN","go:S1192","services/dsh/backend/internal/transport/http/order.go","62","Define a constant instead of duplicating this literal ""service authentication is required"" 3 times.","2026-09-20T19:49:47+0000","ADAPTABLE","DISTINCT"
"AaDkvuCWBiDDEjYcNwCW","MINOR","OPEN","javascript:S4036","tools/dev/verify-local-runtime-ownership.mjs","27","Make sure the ""PATH"" variable only contains fixed, unwriteable directories.","2026-09-20T19:11:46+0000","INTENTIONAL","COMPLETE"
"AaDkvt9BBiDDEjYcNv_R","MINOR","OPEN","typescript:S6582","apps/app-partner/src/features/store-offer/store-offer.tsx","426","Prefer using an optional chain expression instead, as it's more concise and easier to read.","2026-09-20T18:06:35+0000","INTENTIONAL","CLEAR"
"AaDobx6SXR70GwIMNYK3","MINOR","OPEN","typescript:S1874","apps/app-partner/src/features/store-offer/store-offer.tsx","429","'MediaTypeOptions' is deprecated.","2026-09-20T18:06:35+0000","CONSISTENT","CONVENTIONAL"
"AaDkvtk2BiDDEjYcNvy5","MAJOR","OPEN","go:S107","services/dsh/backend/internal/catalog/catalog_product.go","358","This function has 8 parameters, which is greater than the 7 authorized.","2026-09-20T18:06:35+0000","ADAPTABLE","FOCUSED"
"AaDobx6SXR70GwIMNYK2","MINOR","OPEN","typescript:S1874","apps/app-partner/src/features/store-offer/store-offer.tsx","367","'MediaTypeOptions' is deprecated.","2026-09-20T16:32:47+0000","CONSISTENT","CONVENTIONAL"
"AaDkvtnKBiDDEjYcNvzv","CRITICAL","OPEN","go:S1192","services/dsh/backend/internal/transport/http/catalog_product.go","308","Define a constant instead of duplicating this literal ""media storage is unavailable"" 6 times.","2026-09-20T16:32:47+0000","ADAPTABLE","DISTINCT"
"AaDkvtrdBiDDEjYcNv1-","MINOR","OPEN","typescript:S7737","services/dsh/clients/mobile.ts","162","Do not use an object literal as default for parameter `uploadMeta`.","2026-09-20T16:32:47+0000","INTENTIONAL","CLEAR"
"AaDkvtrdBiDDEjYcNv1_","MAJOR","OPEN","typescript:S3696","services/dsh/clients/mobile.ts","178","Expected an error object to be thrown.","2026-09-20T16:32:47+0000","CONSISTENT","CONVENTIONAL"
"AaDkvtrdBiDDEjYcNv2A","MAJOR","OPEN","typescript:S3696","services/dsh/clients/mobile.ts","186","Expected an error object to be thrown.","2026-09-20T16:32:47+0000","CONSISTENT","CONVENTIONAL"
"AaDkvtnlBiDDEjYcNvz7","MAJOR","OPEN","go:S107","services/dsh/backend/internal/captain/service.go","303","This function has 8 parameters, which is greater than the 7 authorized.","2026-09-20T11:35:39+0000","ADAPTABLE","FOCUSED"
"AaDkvtoLBiDDEjYcNv0Q","CRITICAL","OPEN","go:S1192","services/dsh/backend/internal/integrations/wlt/client.go","892","Define a constant instead of duplicating this literal ""/wlt/v1/payment-intents/"" 4 times.","2026-09-20T11:35:39+0000","ADAPTABLE","DISTINCT"
"AaDkvtoLBiDDEjYcNv0a","MAJOR","OPEN","go:S107","services/dsh/backend/internal/integrations/wlt/client.go","1018","This function has 8 parameters, which is greater than the 7 authorized.","2026-09-20T11:35:39+0000","ADAPTABLE","FOCUSED"
"AaDkvtocBiDDEjYcNv0r","CRITICAL","OPEN","go:S1192","services/dsh/backend/internal/order/service.go","45","Define a constant instead of duplicating this literal ""app-client"" 7 times.","2026-09-20T10:57:31+0000","ADAPTABLE","DISTINCT"
"AaDkvtocBiDDEjYcNv0t","MAJOR","OPEN","go:S107","services/dsh/backend/internal/order/service.go","90","This function has 8 parameters, which is greater than the 7 authorized.","2026-09-20T10:57:31+0000","ADAPTABLE","FOCUSED"
"AaDkvtjnBiDDEjYcNvxn","MAJOR","OPEN","go:S107","services/dsh/backend/internal/storage/postgres/order_rating.go","57","This function has 10 parameters, which is greater than the 7 authorized.","2026-09-20T10:57:31+0000","ADAPTABLE","FOCUSED"
"AaDkvtmxBiDDEjYcNvzm","CRITICAL","OPEN","go:S1192","services/dsh/backend/internal/transport/http/order.go","207","Define a constant instead of duplicating this literal ""client session is required"" 6 times.","2026-09-20T10:57:31+0000","ADAPTABLE","DISTINCT"
"AaDkvtnmBiDDEjYcNvz9","MAJOR","OPEN","go:S107","services/dsh/backend/internal/captain/service.go","354","This function has 9 parameters, which is greater than the 7 authorized.","2026-09-20T10:21:26+0000","ADAPTABLE","FOCUSED"
"AaDkvtrdBiDDEjYcNv2E","MINOR","OPEN","typescript:S6353","services/dsh/clients/mobile.ts","683","Use concise character class syntax '\d' instead of '[0-9]'.","2026-09-20T10:21:26+0000","INTENTIONAL","CLEAR"
"AaDkvtgpBiDDEjYcNvv4","MAJOR","OPEN","go:S107","services/dsh/backend/internal/storage/postgres/favorite_store.go","58","This function has 8 parameters, which is greater than the 7 authorized.","2026-09-20T09:15:14+0000","ADAPTABLE","FOCUSED"
"AaDkvthbBiDDEjYcNvwZ","MAJOR","OPEN","go:S2077","services/dsh/backend/internal/storage/postgres/notification.go","38","Make sure using a dynamically formatted SQL query is safe here.","2026-09-20T08:21:34+0000","INTENTIONAL","COMPLETE"
"AaDkvthbBiDDEjYcNvwa","MAJOR","OPEN","go:S2077","services/dsh/backend/internal/storage/postgres/notification.go","67","Make sure using a dynamically formatted SQL query is safe here.","2026-09-20T08:21:34+0000","INTENTIONAL","COMPLETE"
"AaDkvthbBiDDEjYcNvwb","MAJOR","OPEN","go:S2077","services/dsh/backend/internal/storage/postgres/notification.go","89","Make sure using a dynamically formatted SQL query is safe here.","2026-09-20T08:21:34+0000","INTENTIONAL","COMPLETE"
"AaDkvtkCBiDDEjYcNvyA","MAJOR","OPEN","go:S107","services/dsh/backend/internal/storage/postgres/tracking.go","44","This function has 9 parameters, which is greater than the 7 authorized.","2026-09-20T07:53:07+0000","ADAPTABLE","FOCUSED"
"AaDkvtrrBiDDEjYcNv2a","CRITICAL","OPEN","javascript:S3776","services/dsh/tools/generate-types.mjs","318","Refactor this function to reduce its Cognitive Complexity from 57 to the 15 allowed.","2026-09-20T07:53:07+0000","ADAPTABLE","FOCUSED"
"AaDkvt4IBiDDEjYcNv9j","MAJOR","OPEN","typescript:S3696","apps/control-panel/src/server/dsh/dsh-bff.ts","134","Expected an error object to be thrown.","2026-09-20T05:47:01+0000","CONSISTENT","CONVENTIONAL"
"AaDkvt4IBiDDEjYcNv9k","MAJOR","OPEN","typescript:S3696","apps/control-panel/src/server/dsh/dsh-bff.ts","138","Expected an error object to be thrown.","2026-09-20T05:47:01+0000","CONSISTENT","CONVENTIONAL"
"AaDkvtkhBiDDEjYcNvyy","MINOR","OPEN","godre:S8193","services/dsh/backend/internal/catalog/catalog_media_upload.go","135","Remove this unnecessary variable declaration and use the expression directly in the condition.","2026-09-20T05:47:01+0000","INTENTIONAL","CLEAR"
"AaDkvtneBiDDEjYcNvz4","MINOR","OPEN","godre:S8184","services/dsh/backend/internal/media/object_store.go","11","Add a comment explaining why this blank import is needed.","2026-09-20T05:47:01+0000","INTENTIONAL","CLEAR"
"AaDkvtneBiDDEjYcNvz5","MINOR","OPEN","godre:S8184","services/dsh/backend/internal/media/object_store.go","12","Add a comment explaining why this blank import is needed.","2026-09-20T05:47:01+0000","INTENTIONAL","CLEAR"
"AaDkvtkaBiDDEjYcNvyn","MAJOR","OPEN","go:S107","services/dsh/backend/internal/storage/postgres/catalog.go","1318","This function has 10 parameters, which is greater than the 7 authorized.","2026-09-20T05:47:01+0000","ADAPTABLE","FOCUSED"
"AaDkvtkaBiDDEjYcNvyo","CRITICAL","OPEN","go:S3776","services/dsh/backend/internal/storage/postgres/catalog.go","1329","Refactor this method to reduce its Cognitive Complexity from 21 to the 15 allowed.","2026-09-20T05:47:01+0000","ADAPTABLE","FOCUSED"
"AaDkvtkaBiDDEjYcNvyp","MAJOR","OPEN","go:S107","services/dsh/backend/internal/storage/postgres/catalog.go","1329","This function has 10 parameters, which is greater than the 7 authorized.","2026-09-20T05:47:01+0000","ADAPTABLE","FOCUSED"
"AaDkvtk2BiDDEjYcNvy7","CRITICAL","OPEN","go:S3776","services/dsh/backend/internal/catalog/catalog_product.go","563","Refactor this method to reduce its Cognitive Complexity from 18 to the 15 allowed.","2026-09-20T04:59:06+0000","ADAPTABLE","FOCUSED"
"AaDkvtkaBiDDEjYcNvym","MAJOR","OPEN","go:S107","services/dsh/backend/internal/storage/postgres/catalog.go","1314","This function has 9 parameters, which is greater than the 7 authorized.","2026-09-20T04:59:06+0000","ADAPTABLE","FOCUSED"
"AaDkvtkaBiDDEjYcNvyd","MAJOR","OPEN","go:S2077","services/dsh/backend/internal/storage/postgres/catalog.go","2053","Make sure using a dynamically formatted SQL query is safe here.","2026-09-20T04:59:06+0000","INTENTIONAL","COMPLETE"
"AaDkvtoLBiDDEjYcNv0Z","MAJOR","OPEN","go:S107","services/dsh/backend/internal/integrations/wlt/client.go","904","This function has 8 parameters, which is greater than the 7 authorized.","2026-09-20T03:54:25+0000","ADAPTABLE","FOCUSED"
"AaDkvtoLBiDDEjYcNv0m","MAJOR","OPEN","go:S107","services/dsh/backend/internal/integrations/wlt/client.go","1657","This function has 8 parameters, which is greater than the 7 authorized.","2026-09-20T03:54:25+0000","ADAPTABLE","FOCUSED"
"AaDkvtkMBiDDEjYcNvyM","MAJOR","OPEN","go:S107","services/dsh/backend/internal/storage/postgres/order.go","1076","This function has 10 parameters, which is greater than the 7 authorized.","2026-09-20T03:54:25+0000","ADAPTABLE","FOCUSED"
"AaDkvtuiBiDDEjYcNv3s","MINOR","OPEN","godre:S8184","services/wlt/backend/internal/storage/postgres/migrate.go","15","Add a comment explaining why this blank import is needed.","2026-09-20T01:44:11+0000","INTENTIONAL","CLEAR"
"AaDkvttrBiDDEjYcNv3g","MAJOR","OPEN","go:S107","services/wlt/backend/internal/storage/postgres/payment.go","445","This function has 12 parameters, which is greater than the 7 authorized.","2026-09-20T01:44:11+0000","ADAPTABLE","FOCUSED"
"AaDkvtdfBiDDEjYcNvts","CRITICAL","OPEN","go:S3776","services/identity/backend/internal/session/service.go","196","Refactor this method to reduce its Cognitive Complexity from 27 to the 15 allowed.","2026-09-19T20:35:59+0000","ADAPTABLE","FOCUSED"
"AaDkvuCWBiDDEjYcNwCY","MAJOR","OPEN","javascript:S6535","tools/dev/verify-local-runtime-ownership.mjs","55","Unnecessary escape character: \'.","2026-09-19T19:41:02+0000","INTENTIONAL","CLEAR"
"AaDkvuCWBiDDEjYcNwCZ","MAJOR","OPEN","javascript:S6535","tools/dev/verify-local-runtime-ownership.mjs","55","Unnecessary escape character: \'.","2026-09-19T19:41:02+0000","INTENTIONAL","CLEAR"
"AaDkvuCWBiDDEjYcNwCa","MAJOR","OPEN","javascript:S6535","tools/dev/verify-local-runtime-ownership.mjs","55","Unnecessary escape character: \'.","2026-09-19T19:41:02+0000","INTENTIONAL","CLEAR"
"AaDkvuCWBiDDEjYcNwCb","MAJOR","OPEN","javascript:S6535","tools/dev/verify-local-runtime-ownership.mjs","55","Unnecessary escape character: \'.","2026-09-19T19:41:02+0000","INTENTIONAL","CLEAR"
"AaDkvuCWBiDDEjYcNwCc","MAJOR","OPEN","javascript:S6535","tools/dev/verify-local-runtime-ownership.mjs","55","Unnecessary escape character: \'.","2026-09-19T19:41:02+0000","INTENTIONAL","CLEAR"
"AaDkvuCWBiDDEjYcNwCd","MAJOR","OPEN","javascript:S6535","tools/dev/verify-local-runtime-ownership.mjs","55","Unnecessary escape character: \'.","2026-09-19T19:41:02+0000","INTENTIONAL","CLEAR"
"AaDkvuCWBiDDEjYcNwCe","MAJOR","OPEN","javascript:S6535","tools/dev/verify-local-runtime-ownership.mjs","55","Unnecessary escape character: \'.","2026-09-19T19:41:02+0000","INTENTIONAL","CLEAR"
"AaDkvuCWBiDDEjYcNwCf","MAJOR","OPEN","javascript:S6535","tools/dev/verify-local-runtime-ownership.mjs","55","Unnecessary escape character: \'.","2026-09-19T19:41:02+0000","INTENTIONAL","CLEAR"
"AaDkvuCWBiDDEjYcNwCg","MAJOR","OPEN","javascript:S6535","tools/dev/verify-local-runtime-ownership.mjs","55","Unnecessary escape character: \'.","2026-09-19T19:41:02+0000","INTENTIONAL","CLEAR"
"AaDkvuCWBiDDEjYcNwCh","MAJOR","OPEN","javascript:S6535","tools/dev/verify-local-runtime-ownership.mjs","55","Unnecessary escape character: \'.","2026-09-19T19:41:02+0000","INTENTIONAL","CLEAR"
"AaDkvuCWBiDDEjYcNwCi","MAJOR","OPEN","javascript:S6535","tools/dev/verify-local-runtime-ownership.mjs","55","Unnecessary escape character: \'.","2026-09-19T19:41:02+0000","INTENTIONAL","CLEAR"
"AaDkvuCWBiDDEjYcNwCj","MAJOR","OPEN","javascript:S6535","tools/dev/verify-local-runtime-ownership.mjs","55","Unnecessary escape character: \'.","2026-09-19T19:41:02+0000","INTENTIONAL","CLEAR"
"AaDkvuCWBiDDEjYcNwCk","MAJOR","OPEN","javascript:S6535","tools/dev/verify-local-runtime-ownership.mjs","55","Unnecessary escape character: \'.","2026-09-19T19:41:02+0000","INTENTIONAL","CLEAR"
"AaDkvuCWBiDDEjYcNwCl","MAJOR","OPEN","javascript:S6535","tools/dev/verify-local-runtime-ownership.mjs","55","Unnecessary escape character: \'.","2026-09-19T19:41:02+0000","INTENTIONAL","CLEAR"
"AaDkvuCWBiDDEjYcNwCm","MAJOR","OPEN","javascript:S6535","tools/dev/verify-local-runtime-ownership.mjs","56","Unnecessary escape character: \'.","2026-09-19T19:41:02+0000","INTENTIONAL","CLEAR"
"AaDkvuCWBiDDEjYcNwCn","MAJOR","OPEN","javascript:S6535","tools/dev/verify-local-runtime-ownership.mjs","56","Unnecessary escape character: \'.","2026-09-19T19:41:02+0000","INTENTIONAL","CLEAR"
"AaDkvuCWBiDDEjYcNwCo","MAJOR","OPEN","javascript:S6535","tools/dev/verify-local-runtime-ownership.mjs","56","Unnecessary escape character: \'.","2026-09-19T19:41:02+0000","INTENTIONAL","CLEAR"
"AaDkvuCWBiDDEjYcNwCp","MAJOR","OPEN","javascript:S6535","tools/dev/verify-local-runtime-ownership.mjs","56","Unnecessary escape character: \'.","2026-09-19T19:41:02+0000","INTENTIONAL","CLEAR"
"AaDkvuCWBiDDEjYcNwCq","MAJOR","OPEN","javascript:S6535","tools/dev/verify-local-runtime-ownership.mjs","56","Unnecessary escape character: \'.","2026-09-19T19:41:02+0000","INTENTIONAL","CLEAR"
"AaDkvuCWBiDDEjYcNwCr","MAJOR","OPEN","javascript:S6535","tools/dev/verify-local-runtime-ownership.mjs","56","Unnecessary escape character: \'.","2026-09-19T19:41:02+0000","INTENTIONAL","CLEAR"
"AaDkvuCWBiDDEjYcNwCs","MAJOR","OPEN","javascript:S6535","tools/dev/verify-local-runtime-ownership.mjs","56","Unnecessary escape character: \'.","2026-09-19T19:41:02+0000","INTENTIONAL","CLEAR"
"AaDkvuCWBiDDEjYcNwCt","MAJOR","OPEN","javascript:S6535","tools/dev/verify-local-runtime-ownership.mjs","56","Unnecessary escape character: \'.","2026-09-19T19:41:02+0000","INTENTIONAL","CLEAR"
"AaDkvuCWBiDDEjYcNwCX","MINOR","OPEN","javascript:S7780","tools/dev/verify-local-runtime-ownership.mjs","53","`String.raw` should be used to avoid escaping `\`.","2026-09-19T18:17:59+0000","INTENTIONAL","CLEAR"
"AaDkvuCWBiDDEjYcNwCV","MINOR","OPEN","javascript:S4036","tools/dev/verify-local-runtime-ownership.mjs","23","Make sure the ""PATH"" variable only contains fixed, unwriteable directories.","2026-09-19T15:35:26+0000","INTENTIONAL","COMPLETE"
"AaDkvuCWBiDDEjYcNwCu","CRITICAL","OPEN","javascript:S2871","tools/dev/verify-local-runtime-ownership.mjs","92","Provide a compare function to avoid sorting elements alphabetically.","2026-09-19T14:35:20+0000","INTENTIONAL","CLEAR"
"AaDkvtrdBiDDEjYcNv2F","MINOR","OPEN","typescript:S6353","services/dsh/clients/mobile.ts","707","Use concise character class syntax '\d' instead of '[0-9]'.","2026-09-19T06:23:44+0000","INTENTIONAL","CLEAR"
"AaDkvuDKBiDDEjYcNwDQ","CRITICAL","OPEN","powershelldre:S8652","tools/mobile/eas-credential-materialization.psm1","50","Use the 'PSCredential' type for this credential parameter.","2026-09-19T04:23:47+0000","RESPONSIBLE","TRUSTWORTHY"
"AaDkvuDQBiDDEjYcNwDR","MINOR","OPEN","powershelldre:S8657","tools/mobile/test-build-development.ps1","100","Add error handling to this empty catch block.","2026-09-19T04:23:47+0000","INTENTIONAL","COMPLETE"
"AaDkvt2XBiDDEjYcNv78","CRITICAL","OPEN","typescript:S3776","apps/control-panel/src/features/central-catalog/catalog-proposal-review.tsx","30","Refactor this function to reduce its Cognitive Complexity from 19 to the 15 allowed.","2026-09-18T19:17:49+0000","ADAPTABLE","FOCUSED"
"AaDkvtzRBiDDEjYcNv5D","MINOR","OPEN","typescript:S7755","apps/control-panel/app/(workspace)/layout.tsx","374","Prefer `.at(���)` over `[���.length - index]`.","2026-09-18T19:17:34+0000","CONSISTENT","CONVENTIONAL"
"AaDkvuC9BiDDEjYcNwC-","MINOR","OPEN","javascript:S7780","tools/mobile/verify-mobile-config.mjs","241","`String.raw` should be used to avoid escaping `\`.","2026-09-18T14:06:33+0000","INTENTIONAL","CLEAR"
"AaDkvuC9BiDDEjYcNwC_","MINOR","OPEN","javascript:S7780","tools/mobile/verify-mobile-config.mjs","268","`String.raw` should be used to avoid escaping `\`.","2026-09-18T14:06:33+0000","INTENTIONAL","CLEAR"
"AaDkvuC9BiDDEjYcNwDA","MINOR","OPEN","javascript:S7780","tools/mobile/verify-mobile-config.mjs","273","`String.raw` should be used to avoid escaping `\`.","2026-09-18T14:06:33+0000","INTENTIONAL","CLEAR"
"AaDkvuC9BiDDEjYcNwC9","MINOR","OPEN","javascript:S6653","tools/mobile/verify-mobile-config.mjs","217","Use 'Object.hasOwn()' instead of 'Object.prototype.hasOwnProperty.call()'.","2026-09-18T13:17:13+0000","INTENTIONAL","CLEAR"
"AaDkvt_gBiDDEjYcNwAo","MAJOR","OPEN","typescript:S3358","packages/design-system/src/native/primitives.tsx","83","Extract this nested ternary operation into an independent statement.","2026-09-18T10:03:22+0000","INTENTIONAL","CLEAR"
"AaDkvt_gBiDDEjYcNwAq","MINOR","OPEN","typescript:S6759","packages/design-system/src/native/primitives.tsx","121","Mark the props of the component as read-only.","2026-09-18T10:03:22+0000","CONSISTENT","CONVENTIONAL"
"AaDkvt23BiDDEjYcNv8X","CRITICAL","OPEN","typescript:S3776","apps/control-panel/src/features/central-catalog/catalog-import-workspace.tsx","38","Refactor this function to reduce its Cognitive Complexity from 27 to the 15 allowed.","2026-09-18T07:33:43+0000","ADAPTABLE","FOCUSED"
"AaDkvt23BiDDEjYcNv8Y","CRITICAL","OPEN","typescript:S3776","apps/control-panel/src/features/central-catalog/catalog-import-workspace.tsx","82","Refactor this function to reduce its Cognitive Complexity from 25 to the 15 allowed.","2026-09-18T07:33:43+0000","ADAPTABLE","FOCUSED"
"AaDkvt23BiDDEjYcNv8Z","CRITICAL","OPEN","typescript:S3776","apps/control-panel/src/features/central-catalog/catalog-import-workspace.tsx","129","Refactor this function to reduce its Cognitive Complexity from 24 to the 15 allowed.","2026-09-18T07:33:43+0000","ADAPTABLE","FOCUSED"
"AaDkvt23BiDDEjYcNv8a","CRITICAL","OPEN","typescript:S3776","apps/control-panel/src/features/central-catalog/catalog-import-workspace.tsx","171","Refactor this function to reduce its Cognitive Complexity from 21 to the 15 allowed.","2026-09-18T07:33:43+0000","ADAPTABLE","FOCUSED"
"AaDkvt23BiDDEjYcNv8b","MINOR","OPEN","typescript:S6582","apps/control-panel/src/features/central-catalog/catalog-import-workspace.tsx","239","Prefer using an optional chain expression instead, as it's more concise and easier to read.","2026-09-18T07:33:43+0000","INTENTIONAL","CLEAR"
"AaDkvt23BiDDEjYcNv8c","MAJOR","OPEN","typescript:S6819","apps/control-panel/src/features/central-catalog/catalog-import-workspace.tsx","273","Use <output> instead of the ""status"" role to ensure accessibility across all devices.","2026-09-18T07:33:43+0000","CONSISTENT","CONVENTIONAL"
"AaDkvt23BiDDEjYcNv8d","MAJOR","OPEN","typescript:S3358","apps/control-panel/src/features/central-catalog/catalog-import-workspace.tsx","274","Extract this nested ternary operation into an independent statement.","2026-09-18T07:33:43+0000","INTENTIONAL","CLEAR"
"AaDkvt23BiDDEjYcNv8e","MAJOR","OPEN","typescript:S6819","apps/control-panel/src/features/central-catalog/catalog-import-workspace.tsx","285","Use <output> instead of the ""status"" role to ensure accessibility across all devices.","2026-09-18T07:33:43+0000","CONSISTENT","CONVENTIONAL"
"AaDkvt2XBiDDEjYcNv7-","MAJOR","OPEN","typescript:S6819","apps/control-panel/src/features/central-catalog/catalog-proposal-review.tsx","200","Use <output> instead of the ""status"" role to ensure accessibility across all devices.","2026-09-18T07:33:43+0000","CONSISTENT","CONVENTIONAL"
"AaDkvt28BiDDEjYcNv8f","MINOR","OPEN","typescript:S6759","apps/control-panel/src/features/central-catalog/catalog-workspace.tsx","20","Mark the props of the component as read-only.","2026-09-18T07:33:43+0000","CONSISTENT","CONVENTIONAL"
"AaDkvt1-BiDDEjYcNv7m","MAJOR","OPEN","typescript:S2681","apps/control-panel/src/features/operations/operator-actions.ts","15","This line will not be executed conditionally; only the first statement will be. The rest will execute unconditionally.","2026-09-18T07:33:43+0000","CONSISTENT","FORMATTED"
"AaDkvtz1BiDDEjYcNv5i","MINOR","OPEN","typescript:S6353","apps/control-panel/src/features/partner-onboarding/joining-case-create.tsx","11","Use concise character class syntax '\d' instead of '[0-9]'.","2026-09-18T07:33:43+0000","INTENTIONAL","CLEAR"
"AaDkvt0HBiDDEjYcNv5p","MINOR","OPEN","typescript:S6759","apps/control-panel/src/features/partner-onboarding/joining-case-detail.tsx","16","Mark the props of the component as read-only.","2026-09-18T07:33:43+0000","CONSISTENT","CONVENTIONAL"
"AaDkvt0HBiDDEjYcNv5q","MAJOR","OPEN","typescript:S6819","apps/control-panel/src/features/partner-onboarding/joining-case-detail.tsx","197","Use <output> instead of the ""status"" role to ensure accessibility across all devices.","2026-09-18T07:33:43+0000","CONSISTENT","CONVENTIONAL"
"AaDkvtz6BiDDEjYcNv5m","MINOR","OPEN","typescript:S6759","apps/control-panel/src/features/partner-onboarding/partner-workspace.tsx","6","Mark the props of the component as read-only.","2026-09-18T07:33:43+0000","CONSISTENT","CONVENTIONAL"
"AaDkvtxsBiDDEjYcNv4e","MINOR","OPEN","typescript:S7773","apps/control-panel/app/api/catalog/proposals/[proposalId]/review/route.ts","22","Prefer `Number.NaN` over `NaN`.","2026-09-18T05:25:53+0000","CONSISTENT","CONVENTIONAL"
"AaDkvtxnBiDDEjYcNv4d","MINOR","OPEN","typescript:S7773","apps/control-panel/app/api/catalog/proposals/route.ts","19","Prefer `Number.NaN` over `NaN`.","2026-09-18T05:25:53+0000","CONSISTENT","CONVENTIONAL"
"AaDkvtxUBiDDEjYcNv4Z","MINOR","OPEN","typescript:S7773","apps/control-panel/app/api/operations/route.ts","24","Prefer `Number.NaN` over `NaN`.","2026-09-18T05:25:53+0000","CONSISTENT","CONVENTIONAL"
"AaDkvt3iBiDDEjYcNv9I","MAJOR","OPEN","typescript:S6819","apps/control-panel/src/features/workspace/operator-home.tsx","81","Use <output> instead of the ""status"" role to ensure accessibility across all devices.","2026-09-18T05:25:53+0000","CONSISTENT","CONVENTIONAL"
"AaDkvuBlBiDDEjYcNwB8","MINOR","OPEN","javascript:S4036","tools/dev/verify-repository-structure.mjs","6","Make sure the ""PATH"" variable only contains fixed, unwriteable directories.","2026-09-18T02:36:52+0000","INTENTIONAL","COMPLETE"
"AaDkvuBlBiDDEjYcNwB9","CRITICAL","OPEN","javascript:S2871","tools/dev/verify-repository-structure.mjs","32","Provide a compare function to avoid sorting elements alphabetically.","2026-09-18T02:36:52+0000","INTENTIONAL","CLEAR"
"AaDkvuBlBiDDEjYcNwB-","CRITICAL","OPEN","javascript:S2871","tools/dev/verify-repository-structure.mjs","71","Provide a compare function to avoid sorting elements alphabetically.","2026-09-18T02:36:52+0000","INTENTIONAL","CLEAR"
"AaDkvuBlBiDDEjYcNwB_","MINOR","OPEN","javascript:S7780","tools/dev/verify-repository-structure.mjs","185","`String.raw` should be used to avoid escaping `\`.","2026-09-18T02:36:52+0000","INTENTIONAL","CLEAR"
"AaDobyfLXR70GwIMNYMp","MINOR","OPEN","javascript:S6594","tools/dev/verify-repository-structure.mjs","208","Use the ""RegExp.exec()"" method instead.","2026-09-18T02:36:52+0000","INTENTIONAL","EFFICIENT"
"AaDkvuBlBiDDEjYcNwCA","CRITICAL","OPEN","javascript:S2871","tools/dev/verify-repository-structure.mjs","217","Provide a compare function to avoid sorting elements alphabetically.","2026-09-18T02:36:52+0000","INTENTIONAL","CLEAR"
"AaDkvuBlBiDDEjYcNwCB","CRITICAL","OPEN","javascript:S2871","tools/dev/verify-repository-structure.mjs","279","Provide a compare function that depends on ""String.localeCompare"", to reliably sort elements alphabetically.","2026-09-18T02:36:52+0000","INTENTIONAL","CLEAR"
"AaDkvuCjBiDDEjYcNwCz","MAJOR","OPEN","javascript:S8786","tools/dev/query-knowledge.mjs","91","Simplify this regular expression to reduce its runtime, as it has super-linear performance due to backtracking.","2026-09-18T01:40:08+0000","INTENTIONAL","EFFICIENT"
"AaDobyneXR70GwIMNYM5","MINOR","OPEN","javascript:S6594","tools/dev/query-knowledge.mjs","91","Use the ""RegExp.exec()"" method instead.","2026-09-18T01:40:08+0000","INTENTIONAL","EFFICIENT"
"AaDobyneXR70GwIMNYM6","MINOR","OPEN","javascript:S6594","tools/dev/query-knowledge.mjs","92","Use the ""RegExp.exec()"" method instead.","2026-09-18T01:40:08+0000","INTENTIONAL","EFFICIENT"
"AaDkvt7pBiDDEjYcNv-0","MAJOR","OPEN","typescript:S3358","apps/app-client/src/features/access/identity-gate.tsx","399","Extract this nested ternary operation into an independent statement.","2026-09-18T00:15:30+0000","INTENTIONAL","CLEAR"
"AaDkvt61BiDDEjYcNv-U","CRITICAL","OPEN","typescript:S3776","apps/app-client/src/features/location-core/location-core.tsx","26","Refactor this function to reduce its Cognitive Complexity from 26 to the 15 allowed.","2026-09-18T00:15:30+0000","ADAPTABLE","FOCUSED"
"AaDkvt6dBiDDEjYcNv99","MAJOR","OPEN","typescript:S4624","apps/app-client/src/features/store-discovery/store-detail.tsx","350","Refactor this code to not use nested template literals.","2026-09-18T00:15:30+0000","INTENTIONAL","CLEAR"
"AaDkvt_gBiDDEjYcNwAh","CRITICAL","OPEN","typescript:S3776","packages/design-system/src/native/primitives.tsx","18","Refactor this function to reduce its Cognitive Complexity from 17 to the 15 allowed.","2026-09-18T00:15:30+0000","ADAPTABLE","FOCUSED"
"AaDkvt_gBiDDEjYcNwAi","MAJOR","OPEN","typescript:S3358","packages/design-system/src/native/primitives.tsx","22","Extract this nested ternary operation into an independent statement.","2026-09-18T00:15:30+0000","INTENTIONAL","CLEAR"
"AaDkvt_gBiDDEjYcNwAj","MAJOR","OPEN","typescript:S3358","packages/design-system/src/native/primitives.tsx","22","Extract this nested ternary operation into an independent statement.","2026-09-18T00:15:30+0000","INTENTIONAL","CLEAR"
"AaDkvt_gBiDDEjYcNwAk","MAJOR","OPEN","typescript:S3358","packages/design-system/src/native/primitives.tsx","23","Extract this nested ternary operation into an independent statement.","2026-09-18T00:15:30+0000","INTENTIONAL","CLEAR"
"AaDkvt_gBiDDEjYcNwAl","MAJOR","OPEN","typescript:S3358","packages/design-system/src/native/primitives.tsx","23","Extract this nested ternary operation into an independent statement.","2026-09-18T00:15:30+0000","INTENTIONAL","CLEAR"
"AaDkvt_gBiDDEjYcNwAm","MAJOR","OPEN","typescript:S3358","packages/design-system/src/native/primitives.tsx","24","Extract this nested ternary operation into an independent statement.","2026-09-18T00:15:30+0000","INTENTIONAL","CLEAR"
"AaDkvt_gBiDDEjYcNwAg","MAJOR","OPEN","typescript:S3358","packages/design-system/src/native/primitives.tsx","14","Extract this nested ternary operation into an independent statement.","2026-09-17T22:29:01+0000","INTENTIONAL","CLEAR"
"AaDkvt_gBiDDEjYcNwAn","MAJOR","OPEN","typescript:S3358","packages/design-system/src/native/primitives.tsx","69","Extract this nested ternary operation into an independent statement.","2026-09-17T22:29:01+0000","INTENTIONAL","CLEAR"
"AaDkvt_gBiDDEjYcNwAp","MINOR","OPEN","typescript:S6759","packages/design-system/src/native/primitives.tsx","103","Mark the props of the component as read-only.","2026-09-17T22:29:01+0000","CONSISTENT","CONVENTIONAL"
"AaDkvt_gBiDDEjYcNwAr","MINOR","OPEN","typescript:S6759","packages/design-system/src/native/primitives.tsx","139","Mark the props of the component as read-only.","2026-09-17T22:29:01+0000","CONSISTENT","CONVENTIONAL"
"AaDkvt_aBiDDEjYcNwAe","MINOR","OPEN","typescript:S6759","packages/design-system/src/native/appearance.tsx","98","Mark the props of the component as read-only.","2026-09-17T20:52:28+0000","CONSISTENT","CONVENTIONAL"
"AaDkvt_aBiDDEjYcNwAf","MINOR","OPEN","typescript:S6759","packages/design-system/src/native/appearance.tsx","140","Mark the props of the component as read-only.","2026-09-17T20:52:28+0000","CONSISTENT","CONVENTIONAL"
"AaDkvt_rBiDDEjYcNwAt","MINOR","OPEN","typescript:S6759","packages/design-system/src/native/icons.tsx","35","Mark the props of the component as read-only.","2026-09-17T20:52:28+0000","CONSISTENT","CONVENTIONAL"
"AaDkvt6dBiDDEjYcNv98","MINOR","OPEN","typescript:S6353","apps/app-client/src/features/store-discovery/store-detail.tsx","341","Use concise character class syntax '\D' instead of '[^0-9]'.","2026-09-17T20:01:37+0000","INTENTIONAL","CLEAR"
"AaDkvt3uBiDDEjYcNv9O","MAJOR","OPEN","typescript:S7761","apps/control-panel/src/shell/appearance-control.tsx","21","Prefer `.dataset` over `removeAttribute(���)`.","2026-09-17T08:19:41+0000","CONSISTENT","CONVENTIONAL"
"AaDkvt85BiDDEjYcNv_G","MINOR","OPEN","typescript:S6759","apps/app-partner/src/features/partner-onboarding/joining-case-correction.tsx","16","Mark the props of the component as read-only.","2026-09-17T06:06:12+0000","CONSISTENT","CONVENTIONAL"
"AaDobx1FXR70GwIMNYKv","MINOR","OPEN","typescript:S6759","apps/app-client/src/shell/client-shell.tsx","13","Mark the props of the component as read-only.","2026-09-17T05:01:54+0000","CONSISTENT","CONVENTIONAL"
"AaDobyATXR70GwIMNYLE","MINOR","OPEN","typescript:S6759","apps/app-field/src/shell/field-shell.tsx","13","Mark the props of the component as read-only.","2026-09-17T05:01:54+0000","CONSISTENT","CONVENTIONAL"
"AaDobyL0XR70GwIMNYLi","MINOR","OPEN","typescript:S6759","apps/app-captain/src/shell/captain-shell.tsx","13","Mark the props of the component as read-only.","2026-09-17T01:13:23+0000","CONSISTENT","CONVENTIONAL"
"AaDobx1FXR70GwIMNYKw","MINOR","OPEN","typescript:S6759","apps/app-client/src/shell/client-shell.tsx","83","Mark the props of the component as read-only.","2026-09-17T01:13:23+0000","CONSISTENT","CONVENTIONAL"
"AaDobx_AXR70GwIMNYLD","MINOR","OPEN","typescript:S6759","apps/app-partner/src/shell/partner-shell.tsx","13","Mark the props of the component as read-only.","2026-09-17T01:13:23+0000","CONSISTENT","CONVENTIONAL"
"AaDkvtfxBiDDEjYcNvvM","MINOR","OPEN","typescript:S6759","services/identity/clients/presentation/ManagedIdentityFlow.tsx","69","Mark the props of the component as read-only.","2026-09-17T01:13:23+0000","CONSISTENT","CONVENTIONAL"
"AaDkvtfxBiDDEjYcNvvN","MAJOR","OPEN","typescript:S3358","services/identity/clients/presentation/ManagedIdentityFlow.tsx","108","Extract this nested ternary operation into an independent statement.","2026-09-17T01:13:23+0000","INTENTIONAL","CLEAR"
"AaDkvtfxBiDDEjYcNvvO","MAJOR","OPEN","typescript:S3358","services/identity/clients/presentation/ManagedIdentityFlow.tsx","111","Extract this nested ternary operation into an independent statement.","2026-09-17T01:13:23+0000","INTENTIONAL","CLEAR"
"AaDkvt2lBiDDEjYcNv8O","MAJOR","OPEN","typescript:S6819","apps/control-panel/src/features/central-catalog/catalog-category-registry.tsx","287","Use <output> instead of the ""status"" role to ensure accessibility across all devices.","2026-09-16T21:28:57+0000","CONSISTENT","CONVENTIONAL"
"AaDkvt2wBiDDEjYcNv8V","MAJOR","OPEN","typescript:S6819","apps/control-panel/src/features/central-catalog/catalog-vertical-registry.tsx","113","Use <output> instead of the ""status"" role to ensure accessibility across all devices.","2026-09-16T21:28:57+0000","CONSISTENT","CONVENTIONAL"
"AaDkvt3CBiDDEjYcNv8g","MAJOR","OPEN","typescript:S1854","apps/control-panel/src/features/service-city/service-city-panel.tsx","51","Remove this useless assignment to variable ""result"".","2026-09-16T21:28:57+0000","INTENTIONAL","LOGICAL"
"AaDkvt4IBiDDEjYcNv9Y","MAJOR","OPEN","typescript:S6564","apps/control-panel/src/server/dsh/dsh-bff.ts","29","Remove this redundant type alias and replace its occurrences with ""JoiningCaseMutationContext"".","2026-09-16T21:28:57+0000","INTENTIONAL","CLEAR"
"AaDkvt4IBiDDEjYcNv9Z","MAJOR","OPEN","typescript:S6564","apps/control-panel/src/server/dsh/dsh-bff.ts","30","Remove this redundant type alias and replace its occurrences with ""JoiningCaseMutationContext"".","2026-09-16T21:28:57+0000","INTENTIONAL","CLEAR"
"AaDkvtiqBiDDEjYcNvxH","MAJOR","OPEN","go:S107","services/dsh/backend/internal/storage/postgres/service_city.go","98","This function has 8 parameters, which is greater than the 7 authorized.","2026-09-16T21:28:57+0000","ADAPTABLE","FOCUSED"
"AaDkvtiwBiDDEjYcNvxK","CRITICAL","OPEN","go:S3776","services/dsh/backend/internal/storage/postgres/service_city_test.go","16","Refactor this method to reduce its Cognitive Complexity from 31 to the 15 allowed.","2026-09-16T21:28:57+0000","ADAPTABLE","FOCUSED"
"AaDkvtfxBiDDEjYcNvvP","CRITICAL","OPEN","typescript:S3776","services/identity/clients/presentation/ManagedIdentityFlow.tsx","130","Refactor this function to reduce its Cognitive Complexity from 57 to the 15 allowed.","2026-09-16T18:21:04+0000","ADAPTABLE","FOCUSED"
"AaDkvtxOBiDDEjYcNv4U","MAJOR","OPEN","typescript:S3358","apps/control-panel/app/api/captains/route.ts","45","Extract this nested ternary operation into an independent statement.","2026-09-16T15:44:00+0000","INTENTIONAL","CLEAR"
"AaDkvtxOBiDDEjYcNv4V","MINOR","OPEN","typescript:S7773","apps/control-panel/app/api/captains/route.ts","45","Prefer `Number.NaN` over `NaN`.","2026-09-16T15:44:00+0000","CONSISTENT","CONVENTIONAL"
"AaDkvt4IBiDDEjYcNv9w","MINOR","OPEN","typescript:S6353","apps/control-panel/src/server/dsh/dsh-bff.ts","1125","Use concise character class syntax '\d' instead of '[0-9]'.","2026-09-16T15:44:00+0000","INTENTIONAL","CLEAR"
"AaDkvtokBiDDEjYcNv0z","MAJOR","OPEN","go:S107","services/dsh/backend/internal/field/service.go","187","This function has 8 parameters, which is greater than the 7 authorized.","2026-09-16T15:44:00+0000","ADAPTABLE","FOCUSED"
"AaDkvtj7BiDDEjYcNvx-","MAJOR","OPEN","go:S107","services/dsh/backend/internal/storage/postgres/captain.go","1828","This function has 8 parameters, which is greater than the 7 authorized.","2026-09-16T15:44:00+0000","ADAPTABLE","FOCUSED"
"AaDkvtjLBiDDEjYcNvxV","MAJOR","OPEN","go:S107","services/dsh/backend/internal/storage/postgres/field.go","388","This function has 8 parameters, which is greater than the 7 authorized.","2026-09-16T15:44:00+0000","ADAPTABLE","FOCUSED"
"AaDkvtjLBiDDEjYcNvxW","MAJOR","OPEN","go:S107","services/dsh/backend/internal/storage/postgres/field.go","464","This function has 9 parameters, which is greater than the 7 authorized.","2026-09-16T15:44:00+0000","ADAPTABLE","FOCUSED"
"AaDkvthHBiDDEjYcNvwC","MAJOR","OPEN","go:S2077","services/dsh/backend/internal/storage/postgres/joining_case.go","830","Make sure using a dynamically formatted SQL query is safe here.","2026-09-16T15:44:00+0000","INTENTIONAL","COMPLETE"
"AaDkvtnmBiDDEjYcNv0B","MAJOR","OPEN","go:S107","services/dsh/backend/internal/captain/service.go","453","This function has 9 parameters, which is greater than the 7 authorized.","2026-09-16T13:09:38+0000","ADAPTABLE","FOCUSED"
"AaDkvtj7BiDDEjYcNvxq","CRITICAL","OPEN","go:S1192","services/dsh/backend/internal/storage/postgres/captain.go","580","Define a constant instead of duplicating this literal ""actor_id=$1"" 3 times.","2026-09-16T13:09:38+0000","ADAPTABLE","DISTINCT"
"AaDkvtm6BiDDEjYcNvzp","CRITICAL","OPEN","go:S1192","services/dsh/backend/internal/transport/http/captain.go","105","Define a constant instead of duplicating this literal ""X-Acting-Actor-ID"" 4 times.","2026-09-16T13:09:38+0000","ADAPTABLE","DISTINCT"
"AaDkvt4IBiDDEjYcNv9v","MINOR","OPEN","typescript:S6353","apps/control-panel/src/server/dsh/dsh-bff.ts","1085","Use concise character class syntax '\d' instead of '[0-9]'.","2026-09-16T08:33:34+0000","INTENTIONAL","CLEAR"
"AaDkvtnmBiDDEjYcNvz_","MAJOR","OPEN","go:S107","services/dsh/backend/internal/captain/service.go","436","This function has 8 parameters, which is greater than the 7 authorized.","2026-09-16T08:33:34+0000","ADAPTABLE","FOCUSED"
"AaDkvtn_BiDDEjYcNv0M","MAJOR","OPEN","go:S107","services/dsh/backend/internal/integrations/identity/client.go","128","This function has 8 parameters, which is greater than the 7 authorized.","2026-09-16T08:33:34+0000","ADAPTABLE","FOCUSED"
"AaDkvtj7BiDDEjYcNvxw","MAJOR","OPEN","go:S107","services/dsh/backend/internal/storage/postgres/captain.go","624","This function has 8 parameters, which is greater than the 7 authorized.","2026-09-16T08:33:34+0000","ADAPTABLE","FOCUSED"
"AaDkvtj7BiDDEjYcNvx1","MAJOR","OPEN","go:S107","services/dsh/backend/internal/storage/postgres/captain.go","1071","This function has 9 parameters, which is greater than the 7 authorized.","2026-09-16T08:33:34+0000","ADAPTABLE","FOCUSED"
"AaDkvtj7BiDDEjYcNvx3","MAJOR","OPEN","go:S107","services/dsh/backend/internal/storage/postgres/captain.go","1220","This function has 9 parameters, which is greater than the 7 authorized.","2026-09-16T08:33:34+0000","ADAPTABLE","FOCUSED"
"AaDkvtj7BiDDEjYcNvx5","MAJOR","OPEN","go:S107","services/dsh/backend/internal/storage/postgres/captain.go","1537","This function has 10 parameters, which is greater than the 7 authorized.","2026-09-16T08:33:34+0000","ADAPTABLE","FOCUSED"
"AaDkvtj7BiDDEjYcNvx6","MAJOR","OPEN","go:S107","services/dsh/backend/internal/storage/postgres/captain.go","1593","This function has 8 parameters, which is greater than the 7 authorized.","2026-09-16T08:33:34+0000","ADAPTABLE","FOCUSED"
"AaDkvtj7BiDDEjYcNvx_","MAJOR","OPEN","go:S107","services/dsh/backend/internal/storage/postgres/captain.go","2256","This function has 8 parameters, which is greater than the 7 authorized.","2026-09-16T08:33:34+0000","ADAPTABLE","FOCUSED"
"AaDkvt9BBiDDEjYcNv_P","MAJOR","OPEN","typescript:S3358","apps/app-partner/src/features/store-offer/store-offer.tsx","283","Extract this nested ternary operation into an independent statement.","2026-09-16T05:04:22+0000","INTENTIONAL","CLEAR"
"AaDkvt9BBiDDEjYcNv_Y","MAJOR","OPEN","typescript:S3358","apps/app-partner/src/features/store-offer/store-offer.tsx","536","Extract this nested ternary operation into an independent statement.","2026-09-16T05:04:22+0000","INTENTIONAL","CLEAR"
"AaDkvtzoBiDDEjYcNv5V","CRITICAL","OPEN","typescript:S3776","apps/control-panel/src/features/access/identity-surface.tsx","76","Refactor this function to reduce its Cognitive Complexity from 53 to the 15 allowed.","2026-09-16T02:21:14+0000","ADAPTABLE","FOCUSED"
"AaDkvtzoBiDDEjYcNv5b","MAJOR","OPEN","typescript:S3358","apps/control-panel/src/features/access/identity-surface.tsx","242","Extract this nested ternary operation into an independent statement.","2026-09-16T02:21:14+0000","INTENTIONAL","CLEAR"
"AaDkvtrGBiDDEjYcNv12","MAJOR","OPEN","typescript:S3358","services/dsh/clients/presentation/order-presentation.ts","72","Extract this nested ternary operation into an independent statement.","2026-09-16T00:41:19+0000","INTENTIONAL","CLEAR"
"AaDkvtfxBiDDEjYcNvvQ","MAJOR","OPEN","typescript:S3358","services/identity/clients/presentation/ManagedIdentityFlow.tsx","371","Extract this nested ternary operation into an independent statement.","2026-09-16T00:41:19+0000","INTENTIONAL","CLEAR"
"AaDkvtfnBiDDEjYcNvvJ","CRITICAL","OPEN","typescript:S3776","services/identity/clients/session.ts","320","Refactor this function to reduce its Cognitive Complexity from 31 to the 15 allowed.","2026-09-15T23:17:08+0000","ADAPTABLE","FOCUSED"
"AaDkvtfnBiDDEjYcNvvK","MINOR","OPEN","typescript:S6606","services/identity/clients/session.ts","330","Prefer using nullish coalescing operator (`??=`) instead of an assignment expression, as it is simpler to read.","2026-09-15T23:17:08+0000","CONSISTENT","CONVENTIONAL"
"AaDkvuB-BiDDEjYcNwCL","CRITICAL","OPEN","javascript:S2871","tools/dev/verify-knowledge-system.mjs","119","Provide a compare function that depends on ""String.localeCompare"", to reliably sort elements alphabetically.","2026-09-15T20:55:27+0000","INTENTIONAL","CLEAR"
"AaDkvt32BiDDEjYcNv9P","MINOR","OPEN","typescript:S2486","apps/control-panel/src/server/identity/identity-bff.ts","356","Handle this exception, don't catch it at all, or explain in a comment why it is ignored.","2026-09-15T19:46:32+0000","INTENTIONAL","CLEAR"
"AaDkvt9BBiDDEjYcNv_T","MAJOR","OPEN","typescript:S2681","apps/app-partner/src/features/store-offer/store-offer.tsx","514","This statement will not be executed conditionally; only the first statement will be. The rest will execute unconditionally.","2026-09-15T17:24:30+0000","CONSISTENT","FORMATTED"
"AaDkvt9BBiDDEjYcNv_U","MAJOR","OPEN","typescript:S2681","apps/app-partner/src/features/store-offer/store-offer.tsx","514","This statement will not be executed conditionally; only the first statement will be. The rest will execute unconditionally.","2026-09-15T17:24:30+0000","CONSISTENT","FORMATTED"
"AaDkvt2RBiDDEjYcNv75","MAJOR","OPEN","typescript:S3358","apps/control-panel/src/features/central-catalog/central-catalog.tsx","487","Extract this nested ternary operation into an independent statement.","2026-09-15T17:24:30+0000","INTENTIONAL","CLEAR"
"AaDkvtkuBiDDEjYcNvy1","CRITICAL","OPEN","go:S3776","services/dsh/backend/internal/catalog/catalog_imports.go","14","Refactor this method to reduce its Cognitive Complexity from 21 to the 15 allowed.","2026-09-15T17:24:30+0000","ADAPTABLE","FOCUSED"
"AaDkvtk2BiDDEjYcNvy3","MAJOR","OPEN","go:S107","services/dsh/backend/internal/catalog/catalog_product.go","264","This function has 8 parameters, which is greater than the 7 authorized.","2026-09-15T17:24:30+0000","ADAPTABLE","FOCUSED"
"AaDkvtk2BiDDEjYcNvy4","MAJOR","OPEN","go:S107","services/dsh/backend/internal/catalog/catalog_product.go","296","This function has 8 parameters, which is greater than the 7 authorized.","2026-09-15T17:24:30+0000","ADAPTABLE","FOCUSED"
"AaDkvtknBiDDEjYcNvyz","MAJOR","OPEN","go:S107","services/dsh/backend/internal/catalog/catalog_proposals.go","76","This function has 8 parameters, which is greater than the 7 authorized.","2026-09-15T17:24:30+0000","ADAPTABLE","FOCUSED"
"AaDkvtkaBiDDEjYcNvyS","MAJOR","OPEN","go:S2077","services/dsh/backend/internal/storage/postgres/catalog.go","939","Make sure using a dynamically formatted SQL query is safe here.","2026-09-15T17:24:30+0000","INTENTIONAL","COMPLETE"
"AaDkvtkaBiDDEjYcNvyq","MAJOR","OPEN","go:S107","services/dsh/backend/internal/storage/postgres/catalog.go","1592","This function has 9 parameters, which is greater than the 7 authorized.","2026-09-15T17:24:30+0000","ADAPTABLE","FOCUSED"
"AaDkvtkaBiDDEjYcNvyf","CRITICAL","OPEN","go:S1192","services/dsh/backend/internal/storage/postgres/catalog.go","1671","Define a constant instead of duplicating this literal "" WHERE o.id=$1"" 5 times.","2026-09-15T17:24:30+0000","ADAPTABLE","DISTINCT"
"AaDkvtkaBiDDEjYcNvyX","MAJOR","OPEN","go:S2077","services/dsh/backend/internal/storage/postgres/catalog.go","1735","Make sure using a dynamically formatted SQL query is safe here.","2026-09-15T17:24:30+0000","INTENTIONAL","COMPLETE"
"AaDkvtkaBiDDEjYcNvyu","MAJOR","OPEN","go:S107","services/dsh/backend/internal/storage/postgres/catalog.go","1797","This function has 9 parameters, which is greater than the 7 authorized.","2026-09-15T17:24:30+0000","ADAPTABLE","FOCUSED"
"AaDkvtkaBiDDEjYcNvyZ","MAJOR","OPEN","go:S2077","services/dsh/backend/internal/storage/postgres/catalog.go","1818","Make sure using a dynamically formatted SQL query is safe here.","2026-09-15T17:24:30+0000","INTENTIONAL","COMPLETE"
"AaDkvtkaBiDDEjYcNvyb","MAJOR","OPEN","go:S2077","services/dsh/backend/internal/storage/postgres/catalog.go","1908","Make sure using a dynamically formatted SQL query is safe here.","2026-09-15T17:24:30+0000","INTENTIONAL","COMPLETE"
"AaDkvtkaBiDDEjYcNvyc","MAJOR","OPEN","go:S2077","services/dsh/backend/internal/storage/postgres/catalog.go","2043","Make sure using a dynamically formatted SQL query is safe here.","2026-09-15T17:24:30+0000","INTENTIONAL","COMPLETE"
"AaDkvtkaBiDDEjYcNvyv","MAJOR","OPEN","go:S978","services/dsh/backend/internal/storage/postgres/catalog.go","2096","Rename this identifier, ""min"" shadows a predeclared identifier.","2026-09-15T17:24:30+0000","INTENTIONAL","CLEAR"
"AaDkvtkaBiDDEjYcNvyw","MAJOR","OPEN","go:S978","services/dsh/backend/internal/storage/postgres/catalog.go","2096","Rename this identifier, ""max"" shadows a predeclared identifier.","2026-09-15T17:24:30+0000","INTENTIONAL","CLEAR"
"AaDkvtiEBiDDEjYcNvww","MAJOR","OPEN","go:S2077","services/dsh/backend/internal/storage/postgres/catalog_extensions.go","148","Make sure using a dynamically formatted SQL query is safe here.","2026-09-15T17:24:30+0000","INTENTIONAL","COMPLETE"
"AaDkvtiEBiDDEjYcNvwy","CRITICAL","OPEN","go:S3776","services/dsh/backend/internal/storage/postgres/catalog_extensions.go","310","Refactor this method to reduce its Cognitive Complexity from 17 to the 15 allowed.","2026-09-15T17:24:30+0000","ADAPTABLE","FOCUSED"
"AaDkvtjuBiDDEjYcNvxo","MAJOR","OPEN","go:S2077","services/dsh/backend/internal/storage/postgres/catalog_imports.go","68","Make sure using a dynamically formatted SQL query is safe here.","2026-09-15T17:24:30+0000","INTENTIONAL","COMPLETE"
"AaDkvtjuBiDDEjYcNvxp","MAJOR","OPEN","go:S107","services/dsh/backend/internal/storage/postgres/catalog_imports.go","220","This function has 10 parameters, which is greater than the 7 authorized.","2026-09-15T17:24:30+0000","ADAPTABLE","FOCUSED"
"AaDkvthmBiDDEjYcNvwf","CRITICAL","OPEN","go:S3776","services/dsh/backend/internal/storage/postgres/catalog_modifiers.go","13","Refactor this method to reduce its Cognitive Complexity from 19 to the 15 allowed.","2026-09-15T17:24:30+0000","ADAPTABLE","FOCUSED"
"AaDkvtgNBiDDEjYcNvvr","CRITICAL","OPEN","go:S1192","services/dsh/backend/internal/storage/postgres/catalog_proposals.go","117","Define a constant instead of duplicating this literal ""SELECT request_hash,proposal_id,operation FROM dsh.catalog_product_proposal_idempotency WHERE idempotency_key=$1 FOR UPDATE"" 4 times.","2026-09-15T17:24:30+0000","ADAPTABLE","DISTINCT"
"AaDkvtgNBiDDEjYcNvvt","MAJOR","OPEN","go:S107","services/dsh/backend/internal/storage/postgres/catalog_proposals.go","203","This function has 9 parameters, which is greater than the 7 authorized.","2026-09-15T17:24:30+0000","ADAPTABLE","FOCUSED"
"AaDkvtgNBiDDEjYcNvvv","MAJOR","OPEN","go:S107","services/dsh/backend/internal/storage/postgres/catalog_proposals.go","354","This function has 8 parameters, which is greater than the 7 authorized.","2026-09-15T17:24:30+0000","ADAPTABLE","FOCUSED"
"AaDkvtgNBiDDEjYcNvvw","MAJOR","OPEN","go:S107","services/dsh/backend/internal/storage/postgres/catalog_proposals.go","358","This function has 10 parameters, which is greater than the 7 authorized.","2026-09-15T17:24:30+0000","ADAPTABLE","FOCUSED"
"AaDkvtgNBiDDEjYcNvvx","CRITICAL","OPEN","go:S3776","services/dsh/backend/internal/storage/postgres/catalog_proposals.go","414","Refactor this method to reduce its Cognitive Complexity from 18 to the 15 allowed.","2026-09-15T17:24:30+0000","ADAPTABLE","FOCUSED"
"AaDkvtgNBiDDEjYcNvvy","MAJOR","OPEN","go:S107","services/dsh/backend/internal/storage/postgres/catalog_proposals.go","414","This function has 10 parameters, which is greater than the 7 authorized.","2026-09-15T17:24:30+0000","ADAPTABLE","FOCUSED"
"AaDkvth6BiDDEjYcNvwo","MAJOR","OPEN","go:S2077","services/dsh/backend/internal/storage/postgres/catalog_public.go","331","Make sure using a dynamically formatted SQL query is safe here.","2026-09-15T17:24:30+0000","INTENTIONAL","COMPLETE"
"AaDkvth6BiDDEjYcNvwt","CRITICAL","OPEN","go:S3776","services/dsh/backend/internal/storage/postgres/catalog_public.go","479","Refactor this method to reduce its Cognitive Complexity from 17 to the 15 allowed.","2026-09-15T17:24:30+0000","ADAPTABLE","FOCUSED"
"AaDkvth6BiDDEjYcNvwu","MAJOR","OPEN","go:S978","services/dsh/backend/internal/storage/postgres/catalog_public.go","483","Rename this identifier, ""min"" shadows a predeclared identifier.","2026-09-15T17:24:30+0000","INTENTIONAL","CLEAR"
"AaDkvth6BiDDEjYcNvwv","MAJOR","OPEN","go:S978","services/dsh/backend/internal/storage/postgres/catalog_public.go","483","Rename this identifier, ""max"" shadows a predeclared identifier.","2026-09-15T17:24:30+0000","INTENTIONAL","CLEAR"
"AaDkvtl7BiDDEjYcNvzT","CRITICAL","OPEN","go:S1192","services/dsh/backend/internal/transport/http/catalog_proposals.go","128","Define a constant instead of duplicating this literal ""service authentication is required"" 3 times.","2026-09-15T17:24:30+0000","ADAPTABLE","DISTINCT"
"AaDkvtrkBiDDEjYcNv2G","CRITICAL","OPEN","javascript:S3776","services/dsh/tools/import-catalog-products.mjs","16","Refactor this function to reduce its Cognitive Complexity from 25 to the 15 allowed.","2026-09-15T17:24:30+0000","ADAPTABLE","FOCUSED"
"AaDkvtrkBiDDEjYcNv2H","CRITICAL","OPEN","javascript:S3776","services/dsh/tools/import-catalog-products.mjs","47","Refactor this function to reduce its Cognitive Complexity from 24 to the 15 allowed.","2026-09-15T17:24:30+0000","ADAPTABLE","FOCUSED"
"AaDkvt9UBiDDEjYcNv_g","MINOR","OPEN","typescript:S6759","apps/app-partner/src/features/order-management/order-management.tsx","55","Mark the props of the component as read-only.","2026-09-15T11:28:18+0000","CONSISTENT","CONVENTIONAL"
"AaDkvt9BBiDDEjYcNv_M","MAJOR","OPEN","typescript:S2681","apps/app-partner/src/features/store-offer/store-offer.tsx","74","This statement will not be executed conditionally; only the first statement will be. The rest will execute unconditionally.","2026-09-15T11:28:18+0000","CONSISTENT","FORMATTED"
"AaDkvt2RBiDDEjYcNv77","MAJOR","OPEN","typescript:S6819","apps/control-panel/src/features/central-catalog/central-catalog.tsx","496","Use <output> instead of the ""status"" role to ensure accessibility across all devices.","2026-09-15T11:28:18+0000","CONSISTENT","CONVENTIONAL"
"AaDkvt4IBiDDEjYcNv9X","MAJOR","OPEN","typescript:S6564","apps/control-panel/src/server/dsh/dsh-bff.ts","28","Remove this redundant type alias and replace its occurrences with ""JoiningCaseMutationContext"".","2026-09-15T11:28:18+0000","INTENTIONAL","CLEAR"
"AaDkvtnzBiDDEjYcNv0D","MAJOR","OPEN","go:S107","services/dsh/backend/internal/cart/service.go","82","This function has 9 parameters, which is greater than the 7 authorized.","2026-09-15T11:28:18+0000","ADAPTABLE","FOCUSED"
"AaDkvtnzBiDDEjYcNv0E","MAJOR","OPEN","go:S107","services/dsh/backend/internal/cart/service.go","95","This function has 8 parameters, which is greater than the 7 authorized.","2026-09-15T11:28:18+0000","ADAPTABLE","FOCUSED"
"AaDkvtk2BiDDEjYcNvy8","MAJOR","OPEN","go:S978","services/dsh/backend/internal/catalog/catalog_product.go","609","Rename this identifier, ""max"" shadows a predeclared identifier.","2026-09-15T11:28:18+0000","INTENTIONAL","CLEAR"
"AaDkvtocBiDDEjYcNv0v","MAJOR","OPEN","go:S107","services/dsh/backend/internal/order/service.go","186","This function has 8 parameters, which is greater than the 7 authorized.","2026-09-15T11:28:18+0000","ADAPTABLE","FOCUSED"
"AaDkvthtBiDDEjYcNvwi","CRITICAL","OPEN","go:S3776","services/dsh/backend/internal/storage/postgres/cart.go","226","Refactor this method to reduce its Cognitive Complexity from 18 to the 15 allowed.","2026-09-15T11:28:18+0000","ADAPTABLE","FOCUSED"
"AaDkvthtBiDDEjYcNvwj","MAJOR","OPEN","go:S107","services/dsh/backend/internal/storage/postgres/cart.go","226","This function has 12 parameters, which is greater than the 7 authorized.","2026-09-15T11:28:18+0000","ADAPTABLE","FOCUSED"
"AaDkvthtBiDDEjYcNvwh","CRITICAL","OPEN","go:S1192","services/dsh/backend/internal/storage/postgres/cart.go","235","Define a constant instead of duplicating this literal ""SELECT pg_advisory_xact_lock(hashtextextended($1,0))"" 3 times.","2026-09-15T11:28:18+0000","ADAPTABLE","DISTINCT"
"AaDkvthtBiDDEjYcNvwg","CRITICAL","OPEN","go:S1192","services/dsh/backend/internal/storage/postgres/cart.go","239","Define a constant instead of duplicating this literal ""SELECT request_hash,cart_id,operation FROM dsh.commerce_cart_mutation_idempotency WHERE idempotency_key=$1 FOR UPDATE"" 3 times.","2026-09-15T11:28:18+0000","ADAPTABLE","DISTINCT"
"AaDkvthtBiDDEjYcNvwk","MAJOR","OPEN","go:S107","services/dsh/backend/internal/storage/postgres/cart.go","337","This function has 11 parameters, which is greater than the 7 authorized.","2026-09-15T11:28:18+0000","ADAPTABLE","FOCUSED"
"AaDkvthtBiDDEjYcNvwl","MAJOR","OPEN","go:S107","services/dsh/backend/internal/storage/postgres/cart.go","422","This function has 9 parameters, which is greater than the 7 authorized.","2026-09-15T11:28:18+0000","ADAPTABLE","FOCUSED"
"AaDkvtkaBiDDEjYcNvyl","MAJOR","OPEN","go:S107","services/dsh/backend/internal/storage/postgres/catalog.go","1158","This function has 9 parameters, which is greater than the 7 authorized.","2026-09-15T11:28:18+0000","ADAPTABLE","FOCUSED"
"AaDkvtkaBiDDEjYcNvyW","MAJOR","OPEN","go:S2077","services/dsh/backend/internal/storage/postgres/catalog.go","1671","Make sure using a dynamically formatted SQL query is safe here.","2026-09-15T11:28:18+0000","INTENTIONAL","COMPLETE"
"AaDkvtkaBiDDEjYcNvyY","MAJOR","OPEN","go:S2077","services/dsh/backend/internal/storage/postgres/catalog.go","1782","Make sure using a dynamically formatted SQL query is safe here.","2026-09-15T11:28:18+0000","INTENTIONAL","COMPLETE"
"AaDkvtkaBiDDEjYcNvya","MAJOR","OPEN","go:S2077","services/dsh/backend/internal/storage/postgres/catalog.go","1830","Make sure using a dynamically formatted SQL query is safe here.","2026-09-15T11:28:18+0000","INTENTIONAL","COMPLETE"
"AaDkvtkaBiDDEjYcNvyx","MAJOR","OPEN","go:S978","services/dsh/backend/internal/storage/postgres/catalog.go","2152","Rename this identifier, ""copy"" shadows a predeclared identifier.","2026-09-15T11:28:18+0000","INTENTIONAL","CLEAR"
"AaDkvtrkBiDDEjYcNv2I","MAJOR","OPEN","javascript:S1788","services/dsh/tools/import-catalog-products.mjs","98","Default parameters should be last.","2026-09-15T11:28:18+0000","ADAPTABLE","FOCUSED"
"AaDkvtrkBiDDEjYcNv2J","MAJOR","OPEN","javascript:S8786","services/dsh/tools/import-catalog-products.mjs","115","Simplify this regular expression to reduce its runtime, as it has super-linear performance due to backtracking.","2026-09-15T11:28:18+0000","INTENTIONAL","EFFICIENT"
"AaDkvtrdBiDDEjYcNv15","MAJOR","OPEN","typescript:S3696","services/dsh/clients/mobile.ts","121","Expected an error object to be thrown.","2026-09-15T08:03:22+0000","CONSISTENT","CONVENTIONAL"
"AaDkvtrdBiDDEjYcNv19","MAJOR","OPEN","typescript:S3696","services/dsh/clients/mobile.ts","158","Expected an error object to be thrown.","2026-09-15T08:03:22+0000","CONSISTENT","CONVENTIONAL"
"AaDobxwjXR70GwIMNYKu","MINOR","OPEN","typescript:S6759","apps/app-client/src/features/service-city/service-city-scope.tsx","32","Mark the props of the component as read-only.","2026-09-15T03:48:07+0000","CONSISTENT","CONVENTIONAL"
"AaDkvt6uBiDDEjYcNv-T","MINOR","OPEN","typescript:S7763","apps/app-client/src/features/store-discovery/store-discovery-client.ts","130","Use `export���from` to re-export `listOwnDeliveryAddresses`.","2026-09-15T03:48:07+0000","CONSISTENT","CONVENTIONAL"
"AaDkvtnWBiDDEjYcNvz1","MAJOR","OPEN","go:S107","services/dsh/backend/internal/locationcore/service.go","50","This function has 8 parameters, which is greater than the 7 authorized.","2026-09-15T03:48:07+0000","ADAPTABLE","FOCUSED"
"AaDkvtnWBiDDEjYcNvz2","MAJOR","OPEN","go:S107","services/dsh/backend/internal/locationcore/service.go","67","This function has 10 parameters, which is greater than the 7 authorized.","2026-09-15T03:48:07+0000","ADAPTABLE","FOCUSED"
"AaDkvtlBBiDDEjYcNvy_","MAJOR","OPEN","go:S107","services/dsh/backend/internal/servicecity/service.go","51","This function has 8 parameters, which is greater than the 7 authorized.","2026-09-15T03:48:07+0000","ADAPTABLE","FOCUSED"
"AaDkvtjEBiDDEjYcNvxO","MAJOR","OPEN","go:S2077","services/dsh/backend/internal/storage/postgres/location_core.go","111","Make sure using a dynamically formatted SQL query is safe here.","2026-09-15T03:48:07+0000","INTENTIONAL","COMPLETE"
"AaDkvtjEBiDDEjYcNvxQ","MAJOR","OPEN","go:S107","services/dsh/backend/internal/storage/postgres/location_core.go","179","This function has 10 parameters, which is greater than the 7 authorized.","2026-09-15T03:48:07+0000","ADAPTABLE","FOCUSED"
"AaDkvtjEBiDDEjYcNvxR","MAJOR","OPEN","go:S107","services/dsh/backend/internal/storage/postgres/location_core.go","254","This function has 12 parameters, which is greater than the 7 authorized.","2026-09-15T03:48:07+0000","ADAPTABLE","FOCUSED"
"AaDkvtghBiDDEjYcNvv2","CRITICAL","OPEN","go:S3776","services/dsh/backend/internal/storage/postgres/location_core_test.go","17","Refactor this method to reduce its Cognitive Complexity from 113 to the 15 allowed.","2026-09-15T03:48:07+0000","ADAPTABLE","FOCUSED"
"AaDkvtiqBiDDEjYcNvxD","MAJOR","OPEN","go:S2077","services/dsh/backend/internal/storage/postgres/service_city.go","88","Make sure using a dynamically formatted SQL query is safe here.","2026-09-15T03:48:07+0000","INTENTIONAL","COMPLETE"
"AaDkvtiqBiDDEjYcNvxG","CRITICAL","OPEN","go:S1192","services/dsh/backend/internal/storage/postgres/service_city.go","135","Define a constant instead of duplicating this literal ""SELECT pg_advisory_xact_lock(hashtextextended($1,0))"" 4 times.","2026-09-15T03:48:07+0000","ADAPTABLE","DISTINCT"
"AaDkvtiqBiDDEjYcNvxI","MAJOR","OPEN","go:S107","services/dsh/backend/internal/storage/postgres/service_city.go","167","This function has 10 parameters, which is greater than the 7 authorized.","2026-09-15T03:48:07+0000","ADAPTABLE","FOCUSED"
"AaDkvtiqBiDDEjYcNvxE","MAJOR","OPEN","go:S2077","services/dsh/backend/internal/storage/postgres/service_city.go","292","Make sure using a dynamically formatted SQL query is safe here.","2026-09-15T03:48:07+0000","INTENTIONAL","COMPLETE"
"AaDkvtiqBiDDEjYcNvxF","MAJOR","OPEN","go:S2077","services/dsh/backend/internal/storage/postgres/service_city.go","300","Make sure using a dynamically formatted SQL query is safe here.","2026-09-15T03:48:07+0000","INTENTIONAL","COMPLETE"
"AaDkvtiqBiDDEjYcNvxJ","MAJOR","OPEN","go:S107","services/dsh/backend/internal/storage/postgres/service_city.go","315","This function has 10 parameters, which is greater than the 7 authorized.","2026-09-15T03:48:07+0000","ADAPTABLE","FOCUSED"
"AaDkvtmpBiDDEjYcNvze","CRITICAL","OPEN","go:S1192","services/dsh/backend/internal/transport/http/servicecity.go","55","Define a constant instead of duplicating this literal ""service authentication is required"" 4 times.","2026-09-15T03:48:07+0000","ADAPTABLE","DISTINCT"
"AaDkvuCdBiDDEjYcNwCv","CRITICAL","OPEN","javascript:S2871","tools/dev/verify-agent-knowledge-contract.mjs","139","Provide a compare function that depends on ""String.localeCompare"", to reliably sort elements alphabetically.","2026-09-14T23:23:51+0000","INTENTIONAL","CLEAR"
"AaDkvtf4BiDDEjYcNvvR","CRITICAL","OPEN","javascript:S2871","services/identity/tools/generate-password-blocklist.mjs","12","Provide a compare function that depends on ""String.localeCompare"", to reliably sort elements alphabetically.","2026-09-14T17:15:13+0000","INTENTIONAL","CLEAR"
"AaDkvtjgBiDDEjYcNvxb","MAJOR","OPEN","go:S2077","services/dsh/backend/internal/storage/postgres/store_publication.go","165","Make sure using a dynamically formatted SQL query is safe here.","2026-09-14T14:59:27+0000","INTENTIONAL","COMPLETE"
"AaDkvuARBiDDEjYcNwBB","MAJOR","OPEN","javascript:S4165","tools/dev/verify-dsh-location-runtime.mjs","286","Review this redundant assignment: ""cursor"" already holds the assigned value along all execution paths.","2026-09-14T14:59:27+0000","INTENTIONAL","CLEAR"
"AaDkvuARBiDDEjYcNwBC","MAJOR","OPEN","javascript:S4624","tools/dev/verify-dsh-location-runtime.mjs","288","Refactor this code to not use nested template literals.","2026-09-14T14:59:27+0000","INTENTIONAL","CLEAR"
"AaDkvtjEBiDDEjYcNvxP","CRITICAL","OPEN","go:S1192","services/dsh/backend/internal/storage/postgres/location_core.go","199","Define a constant instead of duplicating this literal ""SELECT pg_advisory_xact_lock(hashtextextended($1, 0))"" 3 times.","2026-09-14T01:16:59+0000","ADAPTABLE","DISTINCT"
"AaDkvtjEBiDDEjYcNvxS","MAJOR","OPEN","go:S107","services/dsh/backend/internal/storage/postgres/location_core.go","357","This function has 10 parameters, which is greater than the 7 authorized.","2026-09-14T01:16:59+0000","ADAPTABLE","FOCUSED"
"AaDkvuARBiDDEjYcNwA9","MAJOR","OPEN","javascript:S8786","tools/dev/verify-dsh-location-runtime.mjs","27","Simplify this regular expression to reduce its runtime, as it has super-linear performance due to backtracking.","2026-09-14T01:16:59+0000","INTENTIONAL","EFFICIENT"
"AaDkvuARBiDDEjYcNwA-","MAJOR","OPEN","javascript:S8786","tools/dev/verify-dsh-location-runtime.mjs","28","Simplify this regular expression to reduce its runtime, as it has super-linear performance due to backtracking.","2026-09-14T01:16:59+0000","INTENTIONAL","EFFICIENT"
"AaDkvuARBiDDEjYcNwA_","MINOR","OPEN","javascript:S4036","tools/dev/verify-dsh-location-runtime.mjs","54","Make sure the ""PATH"" variable only contains fixed, unwriteable directories.","2026-09-14T01:16:59+0000","INTENTIONAL","COMPLETE"
"AaDkvuARBiDDEjYcNwBA","MINOR","OPEN","javascript:S7744","tools/dev/verify-dsh-location-runtime.mjs","60","The empty object is useless.","2026-09-14T01:16:59+0000","INTENTIONAL","CLEAR"
"AaDkvtyLBiDDEjYcNv4k","MINOR","OPEN","typescript:S7773","apps/control-panel/app/api/partners/joining-cases/route.ts","53","Prefer `Number.NaN` over `NaN`.","2026-09-13T21:47:16+0000","CONSISTENT","CONVENTIONAL"
"AaDkvtyLBiDDEjYcNv4j","MINOR","OPEN","typescript:S6353","apps/control-panel/app/api/partners/joining-cases/route.ts","14","Use concise character class syntax '\d' instead of '[0-9]'.","2026-09-13T19:59:43+0000","INTENTIONAL","CLEAR"
"AaDkvt4IBiDDEjYcNv9W","MINOR","OPEN","typescript:S6353","apps/control-panel/src/server/dsh/dsh-bff.ts","10","Use concise character class syntax '\d' instead of '[0-9]'.","2026-09-13T19:59:43+0000","INTENTIONAL","CLEAR"
"AaDkvtrdBiDDEjYcNv2B","MAJOR","OPEN","typescript:S4624","services/dsh/clients/mobile.ts","290","Refactor this code to not use nested template literals.","2026-09-13T19:59:43+0000","INTENTIONAL","CLEAR"
"AaDkvt4IBiDDEjYcNv9g","MINOR","OPEN","typescript:S6571","apps/control-panel/src/server/dsh/dsh-bff.ts","102","'unknown' overrides all other types in this union type.","2026-09-13T10:39:01+0000","INTENTIONAL","CLEAR"
"AaDkvthHBiDDEjYcNvwE","CRITICAL","OPEN","go:S1192","services/dsh/backend/internal/storage/postgres/joining_case.go","177","Define a constant instead of duplicating this literal ""SELECT pg_advisory_xact_lock(hashtextextended($1,0))"" 3 times.","2026-09-13T10:39:01+0000","ADAPTABLE","DISTINCT"
"AaDkvthHBiDDEjYcNvwK","MAJOR","OPEN","go:S107","services/dsh/backend/internal/storage/postgres/joining_case.go","221","This function has 9 parameters, which is greater than the 7 authorized.","2026-09-13T10:39:01+0000","ADAPTABLE","FOCUSED"
"AaDkvthHBiDDEjYcNvwA","MAJOR","OPEN","go:S2077","services/dsh/backend/internal/storage/postgres/joining_case.go","777","Make sure using a dynamically formatted SQL query is safe here.","2026-09-13T10:39:01+0000","INTENTIONAL","COMPLETE"
"AaDkvthHBiDDEjYcNvwB","MAJOR","OPEN","go:S2077","services/dsh/backend/internal/storage/postgres/joining_case.go","792","Make sure using a dynamically formatted SQL query is safe here.","2026-09-13T10:39:01+0000","INTENTIONAL","COMPLETE"
"AaDkvthHBiDDEjYcNvwD","MAJOR","OPEN","go:S2077","services/dsh/backend/internal/storage/postgres/joining_case.go","935","Make sure using a dynamically formatted SQL query is safe here.","2026-09-13T10:39:01+0000","INTENTIONAL","COMPLETE"
"AaDkvthHBiDDEjYcNvwT","MAJOR","OPEN","go:S107","services/dsh/backend/internal/storage/postgres/joining_case.go","1152","This function has 9 parameters, which is greater than the 7 authorized.","2026-09-13T10:39:01+0000","ADAPTABLE","FOCUSED"
"AaDkvthHBiDDEjYcNvwV","MAJOR","OPEN","go:S107","services/dsh/backend/internal/storage/postgres/joining_case.go","1214","This function has 14 parameters, which is greater than the 7 authorized.","2026-09-13T10:39:01+0000","ADAPTABLE","FOCUSED"
"AaDkvtrdBiDDEjYcNv18","MAJOR","OPEN","typescript:S3696","services/dsh/clients/mobile.ts","151","Expected an error object to be thrown.","2026-09-13T10:39:01+0000","CONSISTENT","CONVENTIONAL"
"AaDkvtd8BiDDEjYcNvt1","MAJOR","OPEN","go:S2068","services/identity/backend/internal/authentication/service.go","17","""Password"" detected here, make sure this is not a hard-coded credential.","2026-09-13T10:39:01+0000","RESPONSIBLE","TRUSTWORTHY"
"AaDkvtd8BiDDEjYcNvt2","MAJOR","OPEN","go:S107","services/identity/backend/internal/authentication/service.go","252","This function has 8 parameters, which is greater than the 7 authorized.","2026-09-13T10:39:01+0000","ADAPTABLE","FOCUSED"
"AaDkvtf4BiDDEjYcNvvS","MAJOR","OPEN","javascript:S4624","services/identity/tools/generate-password-blocklist.mjs","16","Refactor this code to not use nested template literals.","2026-09-13T10:39:01+0000","INTENTIONAL","CLEAR"
"AaDkvtf4BiDDEjYcNvvT","MINOR","OPEN","javascript:S4036","services/identity/tools/generate-password-blocklist.mjs","22","Make sure the ""PATH"" variable only contains fixed, unwriteable directories.","2026-09-13T10:39:01+0000","INTENTIONAL","COMPLETE"
"AaDkvuA9BiDDEjYcNwBR","MINOR","OPEN","javascript:S7780","tools/dev/verify-doc-config-parity.mjs","46","`String.raw` should be used to avoid escaping `\`.","2026-09-13T05:56:37+0000","INTENTIONAL","CLEAR"
"AaDkvuC2BiDDEjYcNwC7","MINOR","OPEN","javascript:S4036","tools/dev/verify-identity-migrations.mjs","61","Make sure the ""PATH"" variable only contains fixed, unwriteable directories.","2026-09-13T05:38:27+0000","INTENTIONAL","COMPLETE"
"AaDkvuC2BiDDEjYcNwC8","MINOR","OPEN","javascript:S4036","tools/dev/verify-identity-migrations.mjs","90","Make sure the ""PATH"" variable only contains fixed, unwriteable directories.","2026-09-13T05:38:27+0000","INTENTIONAL","COMPLETE"
"AaDkvuCjBiDDEjYcNwCw","CRITICAL","OPEN","javascript:S2871","tools/dev/query-knowledge.mjs","19","Provide a compare function to avoid sorting elements alphabetically.","2026-09-13T05:38:12+0000","INTENTIONAL","CLEAR"
"AaDobyneXR70GwIMNYMy","MINOR","OPEN","javascript:S6594","tools/dev/query-knowledge.mjs","43","Use the ""RegExp.exec()"" method instead.","2026-09-13T05:38:12+0000","INTENTIONAL","EFFICIENT"
"AaDkvuCjBiDDEjYcNwCx","MAJOR","OPEN","javascript:S8786","tools/dev/query-knowledge.mjs","48","Simplify this regular expression to reduce its runtime, as it has super-linear performance due to backtracking.","2026-09-13T05:38:12+0000","INTENTIONAL","EFFICIENT"
"AaDobyneXR70GwIMNYMz","MINOR","OPEN","javascript:S6594","tools/dev/query-knowledge.mjs","48","Use the ""RegExp.exec()"" method instead.","2026-09-13T05:38:12+0000","INTENTIONAL","EFFICIENT"
"AaDobyneXR70GwIMNYM0","MINOR","OPEN","javascript:S6594","tools/dev/query-knowledge.mjs","49","Use the ""RegExp.exec()"" method instead.","2026-09-13T05:38:12+0000","INTENTIONAL","EFFICIENT"
"AaDobyneXR70GwIMNYM1","MINOR","OPEN","javascript:S6594","tools/dev/query-knowledge.mjs","60","Use the ""RegExp.exec()"" method instead.","2026-09-13T05:38:12+0000","INTENTIONAL","EFFICIENT"
"AaDobyneXR70GwIMNYM2","MINOR","OPEN","javascript:S6594","tools/dev/query-knowledge.mjs","65","Use the ""RegExp.exec()"" method instead.","2026-09-13T05:38:12+0000","INTENTIONAL","EFFICIENT"
"AaDkvuCjBiDDEjYcNwCy","MAJOR","OPEN","javascript:S8786","tools/dev/query-knowledge.mjs","78","Simplify this regular expression to reduce its runtime, as it has super-linear performance due to backtracking.","2026-09-13T05:38:12+0000","INTENTIONAL","EFFICIENT"
"AaDobyneXR70GwIMNYM3","MINOR","OPEN","javascript:S6594","tools/dev/query-knowledge.mjs","78","Use the ""RegExp.exec()"" method instead.","2026-09-13T05:38:12+0000","INTENTIONAL","EFFICIENT"
"AaDobyneXR70GwIMNYM4","MINOR","OPEN","javascript:S6594","tools/dev/query-knowledge.mjs","79","Use the ""RegExp.exec()"" method instead.","2026-09-13T05:38:12+0000","INTENTIONAL","EFFICIENT"
"AaDkvtzoBiDDEjYcNv5S","MINOR","OPEN","typescript:S7781","apps/control-panel/src/features/access/identity-surface.tsx","17","Prefer `String#replaceAll()` over `String#replace()`.","2026-09-13T04:32:09+0000","INTENTIONAL","CLEAR"
"AaDkvtzoBiDDEjYcNv5T","MINOR","OPEN","typescript:S7781","apps/control-panel/src/features/access/identity-surface.tsx","17","Prefer `String#replaceAll()` over `String#replace()`.","2026-09-13T04:32:09+0000","INTENTIONAL","CLEAR"
"AaDkvtzoBiDDEjYcNv5U","MINOR","OPEN","typescript:S7758","apps/control-panel/src/features/access/identity-surface.tsx","19","Prefer `String#codePointAt()` over `String#charCodeAt()`.","2026-09-13T04:32:09+0000","CONSISTENT","CONVENTIONAL"
"AaDkvtzoBiDDEjYcNv5W","MAJOR","OPEN","typescript:S2681","apps/control-panel/src/features/access/identity-surface.tsx","208","This statement will not be executed conditionally; only the first statement will be. The rest will execute unconditionally.","2026-09-13T04:32:09+0000","CONSISTENT","FORMATTED"
"AaDkvtzoBiDDEjYcNv5X","MAJOR","OPEN","typescript:S3358","apps/control-panel/src/features/access/identity-surface.tsx","225","Extract this nested ternary operation into an independent statement.","2026-09-13T04:32:09+0000","INTENTIONAL","CLEAR"
"AaDkvtzoBiDDEjYcNv5Y","MAJOR","OPEN","typescript:S3358","apps/control-panel/src/features/access/identity-surface.tsx","226","Extract this nested ternary operation into an independent statement.","2026-09-13T04:32:09+0000","INTENTIONAL","CLEAR"
"AaDkvtzoBiDDEjYcNv5Z","MAJOR","OPEN","typescript:S3358","apps/control-panel/src/features/access/identity-surface.tsx","227","Extract this nested ternary operation into an independent statement.","2026-09-13T04:32:09+0000","INTENTIONAL","CLEAR"
"AaDkvtzoBiDDEjYcNv5a","MAJOR","OPEN","typescript:S6819","apps/control-panel/src/features/access/identity-surface.tsx","228","Use <output> instead of the ""status"" role to ensure accessibility across all devices.","2026-09-13T04:32:09+0000","CONSISTENT","CONVENTIONAL"
"AaDkvtzoBiDDEjYcNv5c","MAJOR","OPEN","typescript:S6819","apps/control-panel/src/features/access/identity-surface.tsx","249","Use <output> instead of the ""status"" role to ensure accessibility across all devices.","2026-09-13T04:32:09+0000","CONSISTENT","CONVENTIONAL"
"AaDkvtzoBiDDEjYcNv5d","MAJOR","OPEN","typescript:S3358","apps/control-panel/src/features/access/identity-surface.tsx","252","Extract this nested ternary operation into an independent statement.","2026-09-13T04:32:09+0000","INTENTIONAL","CLEAR"
"AaDkvtzoBiDDEjYcNv5e","MAJOR","OPEN","typescript:S6819","apps/control-panel/src/features/access/identity-surface.tsx","263","Use <output> instead of the ""status"" role to ensure accessibility across all devices.","2026-09-13T04:32:09+0000","CONSISTENT","CONVENTIONAL"
"AaDkvtzoBiDDEjYcNv5f","MAJOR","OPEN","typescript:S3358","apps/control-panel/src/features/access/identity-surface.tsx","266","Extract this nested ternary operation into an independent statement.","2026-09-13T04:32:09+0000","INTENTIONAL","CLEAR"
"AaDkvtduBiDDEjYcNvtx","CRITICAL","OPEN","go:S3776","services/identity/backend/internal/runtime/server.go","157","Refactor this method to reduce its Cognitive Complexity from 77 to the 15 allowed.","2026-09-13T04:32:09+0000","ADAPTABLE","FOCUSED"
"AaDkvtduBiDDEjYcNvtw","BLOCKER","OPEN","go:S6418","services/identity/backend/internal/runtime/server.go","322","""auth"" detected here, make sure this is not a hard-coded secret.","2026-09-13T04:32:09+0000","RESPONSIBLE","TRUSTWORTHY"
"AaDkvtbNBiDDEjYcNvta","CRITICAL","OPEN","go:S1192","services/identity/backend/internal/storage/postgres/schema.go","29","Define a constant instead of duplicating this literal ""FOREIGN KEY (actor_id) REFERENCES identity_actors(id) ON DELETE CASCADE"" 6 times.","2026-09-13T04:32:09+0000","ADAPTABLE","DISTINCT"
"AaDkvtf_BiDDEjYcNvvV","CRITICAL","OPEN","javascript:S4790","services/identity/tools/generate-types.mjs","34","Make sure this weak hash algorithm is not used in a sensitive context here.","2026-09-13T04:32:09+0000","RESPONSIBLE","TRUSTWORTHY"
"AaDkvtf_BiDDEjYcNvvW","MAJOR","OPEN","javascript:S6326","services/identity/tools/generate-types.mjs","110","If multiple spaces are required here, use number quantifier ({2}).","2026-09-13T04:32:09+0000","INTENTIONAL","CLEAR"
"AaDkvtf_BiDDEjYcNvvX","MAJOR","OPEN","javascript:S6326","services/identity/tools/generate-types.mjs","110","If multiple spaces are required here, use number quantifier ({4}).","2026-09-13T04:32:09+0000","INTENTIONAL","CLEAR"
"AaDkvtf_BiDDEjYcNvvd","CRITICAL","OPEN","javascript:S3776","services/identity/tools/generate-types.mjs","180","Refactor this function to reduce its Cognitive Complexity from 25 to the 15 allowed.","2026-09-13T04:32:09+0000","ADAPTABLE","FOCUSED"
"AaDkvtf_BiDDEjYcNvvi","CRITICAL","OPEN","javascript:S3776","services/identity/tools/generate-types.mjs","296","Refactor this function to reduce its Cognitive Complexity from 23 to the 15 allowed.","2026-09-13T04:32:09+0000","ADAPTABLE","FOCUSED"
"AaDkvtf_BiDDEjYcNvvn","CRITICAL","OPEN","javascript:S3776","services/identity/tools/generate-types.mjs","396","Refactor this function to reduce its Cognitive Complexity from 19 to the 15 allowed.","2026-09-13T04:32:09+0000","ADAPTABLE","FOCUSED"
"AaDkvuArBiDDEjYcNwBM","MINOR","OPEN","jssecurity:S5145","tools/dev/verify-identity-runtime.mjs","29","Log Injection via unsanitized user input","2026-09-13T04:32:09+0000","INTENTIONAL","COMPLETE"
"AaDkvuArBiDDEjYcNwBK","MINOR","OPEN","javascript:S4036","tools/dev/verify-identity-runtime.mjs","31","Make sure the ""PATH"" variable only contains fixed, unwriteable directories.","2026-09-13T04:32:09+0000","INTENTIONAL","COMPLETE"
"AaDkvuArBiDDEjYcNwBL","MINOR","OPEN","javascript:S7744","tools/dev/verify-identity-runtime.mjs","58","The empty object is useless.","2026-09-13T04:32:09+0000","INTENTIONAL","CLEAR"
"AaDkvuA1BiDDEjYcNwBN","CRITICAL","OPEN","javascript:S2871","tools/dev/knowledge-source.mjs","22","Provide a compare function that depends on ""String.localeCompare"", to reliably sort elements alphabetically.","2026-09-13T03:49:48+0000","INTENTIONAL","CLEAR"
"AaDkvuA1BiDDEjYcNwBO","CRITICAL","OPEN","javascript:S2871","tools/dev/knowledge-source.mjs","23","Provide a compare function to avoid sorting elements alphabetically.","2026-09-13T03:49:48+0000","INTENTIONAL","CLEAR"
"AaDkvtrrBiDDEjYcNv2K","CRITICAL","OPEN","javascript:S4790","services/dsh/tools/generate-types.mjs","38","Make sure this weak hash algorithm is not used in a sensitive context here.","2026-09-13T02:15:19+0000","RESPONSIBLE","TRUSTWORTHY"
"AaDkvtrrBiDDEjYcNv2L","CRITICAL","OPEN","javascript:S3776","services/dsh/tools/generate-types.mjs","55","Refactor this function to reduce its Cognitive Complexity from 17 to the 15 allowed.","2026-09-13T02:15:19+0000","ADAPTABLE","FOCUSED"
"AaDkvtrrBiDDEjYcNv2M","MINOR","OPEN","javascript:S6353","services/dsh/tools/generate-types.mjs","63","Use concise character class syntax '\w' instead of '[A-Za-z0-9_]'.","2026-09-13T02:15:19+0000","INTENTIONAL","CLEAR"
"AaDkvtrrBiDDEjYcNv2N","MAJOR","OPEN","javascript:S6326","services/dsh/tools/generate-types.mjs","69","If multiple spaces are required here, use number quantifier ({2}).","2026-09-13T02:15:19+0000","INTENTIONAL","CLEAR"
"AaDkvtrrBiDDEjYcNv2O","MAJOR","OPEN","javascript:S6326","services/dsh/tools/generate-types.mjs","69","If multiple spaces are required here, use number quantifier ({4}).","2026-09-13T02:15:19+0000","INTENTIONAL","CLEAR"
"AaDkvtrrBiDDEjYcNv2P","CRITICAL","OPEN","javascript:S3776","services/dsh/tools/generate-types.mjs","89","Refactor this function to reduce its Cognitive Complexity from 16 to the 15 allowed.","2026-09-13T02:15:19+0000","ADAPTABLE","FOCUSED"
"AaDkvtjgBiDDEjYcNvxl","MAJOR","OPEN","go:S107","services/dsh/backend/internal/storage/postgres/store_publication.go","398","This function has 10 parameters, which is greater than the 7 authorized.","2026-09-13T01:36:19+0000","ADAPTABLE","FOCUSED"
"AaDkvtjgBiDDEjYcNvxm","MAJOR","OPEN","go:S107","services/dsh/backend/internal/storage/postgres/store_publication.go","402","This function has 10 parameters, which is greater than the 7 authorized.","2026-09-13T01:36:19+0000","ADAPTABLE","FOCUSED"
"AaDkvt4IBiDDEjYcNv9t","MAJOR","OPEN","typescript:S3696","apps/control-panel/src/server/dsh/dsh-bff.ts","969","Expected an error object to be thrown.","2026-09-13T00:20:02+0000","CONSISTENT","CONVENTIONAL"
"AaDkvt4IBiDDEjYcNv9u","MAJOR","OPEN","typescript:S3696","apps/control-panel/src/server/dsh/dsh-bff.ts","973","Expected an error object to be thrown.","2026-09-13T00:20:02+0000","CONSISTENT","CONVENTIONAL"
"AaDkvt4IBiDDEjYcNv9r","MAJOR","OPEN","typescript:S3696","apps/control-panel/src/server/dsh/dsh-bff.ts","1013","Expected an error object to be thrown.","2026-09-13T00:20:02+0000","CONSISTENT","CONVENTIONAL"
"AaDkvt4IBiDDEjYcNv9s","MAJOR","OPEN","typescript:S3696","apps/control-panel/src/server/dsh/dsh-bff.ts","1017","Expected an error object to be thrown.","2026-09-13T00:20:02+0000","CONSISTENT","CONVENTIONAL"
"AaDkvtjgBiDDEjYcNvxa","MAJOR","OPEN","go:S2077","services/dsh/backend/internal/storage/postgres/store_publication.go","142","Make sure using a dynamically formatted SQL query is safe here.","2026-09-13T00:20:02+0000","INTENTIONAL","COMPLETE"
"AaDkvtjgBiDDEjYcNvxk","MAJOR","OPEN","go:S107","services/dsh/backend/internal/storage/postgres/store_publication.go","394","This function has 9 parameters, which is greater than the 7 authorized.","2026-09-13T00:20:02+0000","ADAPTABLE","FOCUSED"
"AaDkvtjgBiDDEjYcNvxe","MAJOR","OPEN","go:S2077","services/dsh/backend/internal/storage/postgres/store_publication.go","438","Make sure using a dynamically formatted SQL query is safe here.","2026-09-13T00:20:02+0000","INTENTIONAL","COMPLETE"
"AaDkvtjgBiDDEjYcNvxf","MAJOR","OPEN","go:S2077","services/dsh/backend/internal/storage/postgres/store_publication.go","461","Make sure using a dynamically formatted SQL query is safe here.","2026-09-13T00:20:02+0000","INTENTIONAL","COMPLETE"
"AaDkvtlfBiDDEjYcNvzH","CRITICAL","OPEN","go:S1192","services/dsh/backend/internal/transport/http/storepublication.go","248","Define a constant instead of duplicating this literal ""application/json; charset=utf-8"" 3 times.","2026-09-13T00:20:02+0000","ADAPTABLE","DISTINCT"
"AaDkvtlfBiDDEjYcNvzK","CRITICAL","OPEN","go:S1192","services/dsh/backend/internal/transport/http/storepublication.go","248","Define a constant instead of duplicating this literal ""Content-Type"" 3 times.","2026-09-13T00:20:02+0000","ADAPTABLE","DISTINCT"
"AaDkvtrdBiDDEjYcNv14","MAJOR","OPEN","typescript:S3696","services/dsh/clients/mobile.ts","110","Expected an error object to be thrown.","2026-09-13T00:20:02+0000","CONSISTENT","CONVENTIONAL"
"AaDkvtn_BiDDEjYcNv0L","CRITICAL","OPEN","go:S3776","services/dsh/backend/internal/integrations/identity/client.go","16","Refactor this method to reduce its Cognitive Complexity from 16 to the 15 allowed.","2026-09-12T19:58:39+0000","ADAPTABLE","FOCUSED"
"AaDkvuBHBiDDEjYcNwBT","MINOR","OPEN","javascript:S4036","tools/dev/verify-dsh-baseline.mjs","54","Make sure the ""PATH"" variable only contains fixed, unwriteable directories.","2026-09-12T16:53:26+0000","INTENTIONAL","COMPLETE"
"AaDkvuBHBiDDEjYcNwBU","MINOR","OPEN","javascript:S4036","tools/dev/verify-dsh-baseline.mjs","79","Make sure the ""PATH"" variable only contains fixed, unwriteable directories.","2026-09-12T16:53:26+0000","INTENTIONAL","COMPLETE"
"AaDkvtdPBiDDEjYcNvti","CRITICAL","OPEN","go:S1192","services/identity/backend/internal/transport/http/server.go","606","Define a constant instead of duplicating this literal ""acting actor ID is required for control-panel operations"" 3 times.","2026-09-12T15:22:27+0000","ADAPTABLE","DISTINCT"
"AaDkvtdPBiDDEjYcNvtm","CRITICAL","OPEN","go:S3776","services/identity/backend/internal/transport/http/server.go","708","Refactor this method to reduce its Cognitive Complexity from 20 to the 15 allowed.","2026-09-12T15:22:27+0000","ADAPTABLE","FOCUSED"
"AaDkvtyuBiDDEjYcNv40","MAJOR","OPEN","typescript:S3358","apps/control-panel/app/api/access/account-control/route.ts","29","Extract this nested ternary operation into an independent statement.","2026-09-12T04:51:47+0000","INTENTIONAL","CLEAR"
"AaDkvtyuBiDDEjYcNv41","MINOR","OPEN","typescript:S7773","apps/control-panel/app/api/access/account-control/route.ts","29","Prefer `Number.NaN` over `NaN`.","2026-09-12T04:51:47+0000","CONSISTENT","CONVENTIONAL"
"AaDkvtbNBiDDEjYcNvtY","CRITICAL","OPEN","go:S1192","services/identity/backend/internal/storage/postgres/schema.go","27","Define a constant instead of duplicating this literal ""CHECK (((role)::text = ANY ((ARRAY['client'::character varying, 'partner'::character varying, 'captain'::character varying, 'field'::character varying, 'operator'::character varying])::text[])))"" 3 times.","2026-09-12T04:41:45+0000","ADAPTABLE","DISTINCT"
"AaDkvuBfBiDDEjYcNwB2","CRITICAL","OPEN","javascript:S3776","tools/dev/verify-structural-hygiene.mjs","73","Refactor this function to reduce its Cognitive Complexity from 19 to the 15 allowed.","2026-09-11T23:47:02+0000","ADAPTABLE","FOCUSED"
"AaDkvuBfBiDDEjYcNwB3","MAJOR","OPEN","javascript:S8786","tools/dev/verify-structural-hygiene.mjs","126","Simplify this regular expression to reduce its runtime, as it has super-linear performance due to backtracking.","2026-09-11T23:47:02+0000","INTENTIONAL","EFFICIENT"
"AaDkvuBfBiDDEjYcNwB4","MAJOR","OPEN","javascript:S6397","tools/dev/verify-structural-hygiene.mjs","126","Replace this character class by the character itself.","2026-09-11T23:47:02+0000","INTENTIONAL","CLEAR"
"AaDkvuBfBiDDEjYcNwB5","MAJOR","OPEN","javascript:S6397","tools/dev/verify-structural-hygiene.mjs","126","Replace this character class by the character itself.","2026-09-11T23:47:02+0000","INTENTIONAL","CLEAR"
"AaDkvuBfBiDDEjYcNwB6","MINOR","OPEN","javascript:S4036","tools/dev/verify-structural-hygiene.mjs","352","Make sure the ""PATH"" variable only contains fixed, unwriteable directories.","2026-09-11T19:18:24+0000","INTENTIONAL","COMPLETE"
"AaDkvuBfBiDDEjYcNwB7","CRITICAL","OPEN","javascript:S2871","tools/dev/verify-structural-hygiene.mjs","361","Provide a compare function that depends on ""String.localeCompare"", to reliably sort elements alphabetically.","2026-09-11T19:18:24+0000","INTENTIONAL","CLEAR"
"AaDkvt4IBiDDEjYcNv9h","MAJOR","OPEN","typescript:S3696","apps/control-panel/src/server/dsh/dsh-bff.ts","112","Expected an error object to be thrown.","2026-09-10T20:40:46+0000","CONSISTENT","CONVENTIONAL"
"AaDkvt4IBiDDEjYcNv9i","MAJOR","OPEN","typescript:S3696","apps/control-panel/src/server/dsh/dsh-bff.ts","116","Expected an error object to be thrown.","2026-09-10T20:40:46+0000","CONSISTENT","CONVENTIONAL"
"AaDkvtjSBiDDEjYcNvxY","MINOR","OPEN","godre:S8184","services/dsh/backend/internal/storage/postgres/migrate.go","15","Add a comment explaining why this blank import is needed.","2026-09-10T20:40:46+0000","INTENTIONAL","CLEAR"
"AaDkvuAKBiDDEjYcNwA2","MINOR","OPEN","javascript:S7780","tools/dev/verify-doc-command-parity.mjs","50","`String.raw` should be used to avoid escaping `\`.","2026-09-10T13:47:40+0000","INTENTIONAL","CLEAR"
"AaDkvtziBiDDEjYcNv5M","MAJOR","OPEN","typescript:S3696","apps/control-panel/src/features/access/account-access-panel.tsx","48","Expected an error object to be thrown.","2026-09-10T03:57:42+0000","CONSISTENT","CONVENTIONAL"
"AaDobyeUXR70GwIMNYMo","MINOR","OPEN","javascript:S6594","tools/dev/verify-structural-hygiene.mjs","53","Use the ""RegExp.exec()"" method instead.","2026-09-09T06:50:37+0000","INTENTIONAL","EFFICIENT"
"AaDkvuBfBiDDEjYcNwB1","MINOR","OPEN","javascript:S4036","tools/dev/verify-structural-hygiene.mjs","37","Make sure the ""PATH"" variable only contains fixed, unwriteable directories.","2026-09-09T06:46:52+0000","INTENTIONAL","COMPLETE"
"AaDobyeUXR70GwIMNYMn","MINOR","OPEN","javascript:S6594","tools/dev/verify-structural-hygiene.mjs","52","Use the ""RegExp.exec()"" method instead.","2026-09-09T06:46:52+0000","INTENTIONAL","EFFICIENT"
"AaDkvt38BiDDEjYcNv9R","CRITICAL","OPEN","typescript:S3776","apps/control-panel/src/server/security/csrf.ts","1","Refactor this function to reduce its Cognitive Complexity from 25 to the 15 allowed.","2026-09-08T02:28:01+0000","ADAPTABLE","FOCUSED"
"AaDkvt38BiDDEjYcNv9T","MINOR","OPEN","typescript:S6582","apps/control-panel/src/server/security/csrf.ts","58","Prefer using an optional chain expression instead, as it's more concise and easier to read.","2026-09-08T02:28:01+0000","INTENTIONAL","CLEAR"
"AaDkvt7pBiDDEjYcNv-z","MAJOR","OPEN","typescript:S3358","apps/app-client/src/features/access/identity-gate.tsx","203","Extract this nested ternary operation into an independent statement.","2026-09-07T23:19:08+0000","INTENTIONAL","CLEAR"
"AaDkvuDXBiDDEjYcNwDZ","MINOR","OPEN","javascript:S7778","tools/mobile/define-samrim-expo-app.cjs","106","Do not call `Array#push()` multiple times.","2026-09-07T23:19:08+0000","INTENTIONAL","CLEAR"
"AaDkvuAKBiDDEjYcNwA5","CRITICAL","OPEN","javascript:S3776","tools/dev/verify-doc-command-parity.mjs","120","Refactor this function to reduce its Cognitive Complexity from 23 to the 15 allowed.","2026-09-07T21:39:13+0000","ADAPTABLE","FOCUSED"
"AaDkvuCEBiDDEjYcNwCO","CRITICAL","OPEN","javascript:S2871","tools/dev/verify-knowledge-references.mjs","163","Provide a compare function that depends on ""String.localeCompare"", to reliably sort elements alphabetically.","2026-09-07T20:54:20+0000","INTENTIONAL","CLEAR"
"AaDkvuAKBiDDEjYcNwA6","MAJOR","OPEN","javascript:S6535","tools/dev/verify-doc-command-parity.mjs","135","Unnecessary escape character: \/.","2026-09-07T20:53:45+0000","INTENTIONAL","CLEAR"
"AaDkvuAKBiDDEjYcNwA7","MAJOR","OPEN","javascript:S8786","tools/dev/verify-doc-command-parity.mjs","137","Simplify this regular expression to reduce its runtime, as it has super-linear performance due to backtracking.","2026-09-07T20:53:45+0000","INTENTIONAL","EFFICIENT"
"AaDkvuAKBiDDEjYcNwA8","CRITICAL","OPEN","javascript:S2871","tools/dev/verify-doc-command-parity.mjs","169","Provide a compare function to avoid sorting elements alphabetically.","2026-09-07T20:53:45+0000","INTENTIONAL","CLEAR"
"AaDkvuA1BiDDEjYcNwBP","MINOR","OPEN","javascript:S4036","tools/dev/knowledge-source.mjs","64","Make sure the ""PATH"" variable only contains fixed, unwriteable directories.","2026-09-07T20:52:48+0000","INTENTIONAL","COMPLETE"
"AaDkvtduBiDDEjYcNvty","CRITICAL","OPEN","go:S3776","services/identity/backend/internal/runtime/server.go","390","Refactor this method to reduce its Cognitive Complexity from 16 to the 15 allowed.","2026-09-07T20:00:37+0000","ADAPTABLE","FOCUSED"
"AaDkvt8ABiDDEjYcNv--","MINOR","OPEN","typescript:S1128","apps/app-client/src/bootstrap/identity.ts","6","Remove this unused import of 'IdentityClient'.","2026-09-07T12:16:19+0000","INTENTIONAL","CLEAR"
"AaDkvt4IBiDDEjYcNv9a","MAJOR","OPEN","typescript:S3696","apps/control-panel/src/server/dsh/dsh-bff.ts","49","Expected an error object to be thrown.","2026-09-07T12:16:19+0000","CONSISTENT","CONVENTIONAL"
"AaDkvt4IBiDDEjYcNv9b","MAJOR","OPEN","typescript:S3696","apps/control-panel/src/server/dsh/dsh-bff.ts","52","Expected an error object to be thrown.","2026-09-07T12:16:19+0000","CONSISTENT","CONVENTIONAL"
"AaDkvt4IBiDDEjYcNv9c","MAJOR","OPEN","typescript:S3696","apps/control-panel/src/server/dsh/dsh-bff.ts","57","Expected an error object to be thrown.","2026-09-07T12:16:19+0000","CONSISTENT","CONVENTIONAL"
"AaDkvt4IBiDDEjYcNv9d","MAJOR","OPEN","typescript:S3696","apps/control-panel/src/server/dsh/dsh-bff.ts","63","Expected an error object to be thrown.","2026-09-07T12:16:19+0000","CONSISTENT","CONVENTIONAL"
"AaDkvt4IBiDDEjYcNv9e","MAJOR","OPEN","typescript:S3696","apps/control-panel/src/server/dsh/dsh-bff.ts","70","Expected an error object to be thrown.","2026-09-07T12:16:19+0000","CONSISTENT","CONVENTIONAL"
"AaDkvt4IBiDDEjYcNv9f","MAJOR","OPEN","typescript:S3358","apps/control-panel/src/server/dsh/dsh-bff.ts","99","Extract this nested ternary operation into an independent statement.","2026-09-07T12:16:19+0000","INTENTIONAL","CLEAR"
"AaDkvt38BiDDEjYcNv9S","MINOR","OPEN","typescript:S6582","apps/control-panel/src/server/security/csrf.ts","41","Prefer using an optional chain expression instead, as it's more concise and easier to read.","2026-09-07T12:16:19+0000","INTENTIONAL","CLEAR"
"AaDkvt_TBiDDEjYcNwAd","MINOR","OPEN","typescript:S6594","packages/design-system/src/tokens/colors.ts","11","Use the ""RegExp.exec()"" method instead.","2026-09-07T12:16:19+0000","INTENTIONAL","EFFICIENT"
"AaDkvtn5BiDDEjYcNv0K","CRITICAL","OPEN","go:S3776","services/dsh/backend/internal/integrations/identity/client_test.go","11","Refactor this method to reduce its Cognitive Complexity from 23 to the 15 allowed.","2026-09-07T12:16:19+0000","ADAPTABLE","FOCUSED"
"AaDkvtrUBiDDEjYcNv13","MAJOR","OPEN","typescript:S6564","services/dsh/clients/generated/dsh-types.ts","12","Remove this redundant type alias and replace its occurrences with ""StatusResponse"".","2026-09-07T12:16:19+0000","INTENTIONAL","CLEAR"
"AaDobwHBXR70GwIMNYIR","MINOR","OPEN","javascript:S6594","services/dsh/tools/generate-types.mjs","100","Use the ""RegExp.exec()"" method instead.","2026-09-07T12:16:19+0000","INTENTIONAL","EFFICIENT"
"AaDkvtrrBiDDEjYcNv2Q","MINOR","OPEN","javascript:S7753","services/dsh/tools/generate-types.mjs","116","Use `.indexOf()` instead of `.findIndex()` when looking for the index of an item.","2026-09-07T12:16:19+0000","INTENTIONAL","EFFICIENT"
"AaDkvtrrBiDDEjYcNv2R","MINOR","OPEN","javascript:S6353","services/dsh/tools/generate-types.mjs","122","Use concise character class syntax '\w' instead of '[A-Za-z0-9_]'.","2026-09-07T12:16:19+0000","INTENTIONAL","CLEAR"
"AaDkvtrrBiDDEjYcNv2S","MINOR","OPEN","javascript:S6353","services/dsh/tools/generate-types.mjs","138","Use concise character class syntax '\d' instead of '[0-9]'.","2026-09-07T12:16:19+0000","INTENTIONAL","CLEAR"
"AaDkvtrrBiDDEjYcNv2T","MINOR","OPEN","javascript:S6353","services/dsh/tools/generate-types.mjs","138","Use concise character class syntax '\d' instead of '[0-9]'.","2026-09-07T12:16:19+0000","INTENTIONAL","CLEAR"
"AaDkvtrrBiDDEjYcNv2U","MINOR","OPEN","javascript:S6353","services/dsh/tools/generate-types.mjs","156","Use concise character class syntax '\w' instead of '[A-Za-z0-9_]'.","2026-09-07T12:16:19+0000","INTENTIONAL","CLEAR"
"AaDkvtrrBiDDEjYcNv2V","CRITICAL","OPEN","javascript:S3776","services/dsh/tools/generate-types.mjs","161","Refactor this function to reduce its Cognitive Complexity from 94 to the 15 allowed.","2026-09-07T12:16:19+0000","ADAPTABLE","FOCUSED"
"AaDkvtrrBiDDEjYcNv2W","MINOR","OPEN","javascript:S7753","services/dsh/tools/generate-types.mjs","190","Use `.indexOf()` instead of `.findIndex()` when looking for the index of an item.","2026-09-07T12:16:19+0000","INTENTIONAL","EFFICIENT"
"AaDkvtrrBiDDEjYcNv2X","MINOR","OPEN","javascript:S6353","services/dsh/tools/generate-types.mjs","220","Use concise character class syntax '\w' instead of '[A-Za-z0-9_]'.","2026-09-07T12:16:19+0000","INTENTIONAL","CLEAR"
"AaDkvtrrBiDDEjYcNv2Y","MINOR","OPEN","javascript:S7753","services/dsh/tools/generate-types.mjs","267","Use `.indexOf()` instead of `.findIndex()` when looking for the index of an item.","2026-09-07T12:16:19+0000","INTENTIONAL","EFFICIENT"
"AaDkvtrrBiDDEjYcNv2Z","MINOR","OPEN","javascript:S6353","services/dsh/tools/generate-types.mjs","274","Use concise character class syntax '\w' instead of '[A-Za-z0-9_]'.","2026-09-07T12:16:19+0000","INTENTIONAL","CLEAR"
"AaDkvtrrBiDDEjYcNv2b","MINOR","OPEN","javascript:S7753","services/dsh/tools/generate-types.mjs","342","Use `.indexOf()` instead of `.findIndex()` when looking for the index of an item.","2026-09-07T12:16:19+0000","INTENTIONAL","EFFICIENT"
"AaDkvtrrBiDDEjYcNv2c","MINOR","OPEN","javascript:S7753","services/dsh/tools/generate-types.mjs","365","Use `.indexOf()` instead of `.findIndex()` when looking for the index of an item.","2026-09-07T12:16:19+0000","INTENTIONAL","EFFICIENT"
"AaDkvtrrBiDDEjYcNv2d","MINOR","OPEN","javascript:S6353","services/dsh/tools/generate-types.mjs","371","Use concise character class syntax '\w' instead of '[A-Za-z0-9_]'.","2026-09-07T12:16:19+0000","INTENTIONAL","CLEAR"
"AaDkvtrrBiDDEjYcNv2e","MINOR","OPEN","javascript:S4036","services/dsh/tools/generate-types.mjs","416","Make sure the ""PATH"" variable only contains fixed, unwriteable directories.","2026-09-07T12:16:19+0000","INTENTIONAL","COMPLETE"
"AaDkvtrrBiDDEjYcNv2f","MINOR","OPEN","javascript:S7753","services/dsh/tools/generate-types.mjs","424","Use `.indexOf()` instead of `.findIndex()` when looking for the index of an item.","2026-09-07T12:16:19+0000","INTENTIONAL","EFFICIENT"
"AaDkvtrrBiDDEjYcNv2g","MINOR","OPEN","javascript:S6353","services/dsh/tools/generate-types.mjs","429","Use concise character class syntax '\w' instead of '[A-Za-z0-9_]'.","2026-09-07T12:16:19+0000","INTENTIONAL","CLEAR"
"AaDkvtrrBiDDEjYcNv2h","MINOR","OPEN","javascript:S7778","services/dsh/tools/generate-types.mjs","469","Do not call `Array#push()` multiple times.","2026-09-07T12:16:19+0000","INTENTIONAL","CLEAR"
"AaDkvtrrBiDDEjYcNv2i","MINOR","OPEN","javascript:S7778","services/dsh/tools/generate-types.mjs","472","Do not call `Array#push()` multiple times.","2026-09-07T12:16:19+0000","INTENTIONAL","CLEAR"
"AaDkvteNBiDDEjYcNvt9","CRITICAL","OPEN","go:S1192","services/identity/backend/internal/actor/service.go","311","Define a constant instead of duplicating this literal ""UPDATE identity_operator_enrollment_tokens SET status='revoked',updated_at=clock_timestamp() WHERE actor_id=$1 AND role=$2 AND status='pending'"" 3 times.","2026-09-07T12:16:19+0000","ADAPTABLE","DISTINCT"
"AaDkvteNBiDDEjYcNvt7","CRITICAL","OPEN","go:S1192","services/identity/backend/internal/actor/service.go","344","Define a constant instead of duplicating this literal ""UPDATE identity_sessions SET revoked_at=COALESCE(revoked_at,clock_timestamp()),version=version+1 WHERE actor_id=$1 AND role=$2 AND revoked_at IS NULL"" 4 times.","2026-09-07T12:16:19+0000","ADAPTABLE","DISTINCT"
"AaDkvteNBiDDEjYcNvt8","CRITICAL","OPEN","go:S1192","services/identity/backend/internal/actor/service.go","347","Define a constant instead of duplicating this literal ""UPDATE identity_challenges SET status='revoked',updated_at=clock_timestamp() WHERE actor_id=$1 AND role=$2 AND status='pending'"" 4 times.","2026-09-07T12:16:19+0000","ADAPTABLE","DISTINCT"
"AaDkvteNBiDDEjYcNvt5","MAJOR","OPEN","go:S2077","services/identity/backend/internal/actor/service.go","544","Make sure using a dynamically formatted SQL query is safe here.","2026-09-07T12:16:19+0000","INTENTIONAL","COMPLETE"
"AaDkvteNBiDDEjYcNvuB","MAJOR","OPEN","go:S107","services/identity/backend/internal/actor/service.go","703","This function has 9 parameters, which is greater than the 7 authorized.","2026-09-07T12:16:19+0000","ADAPTABLE","FOCUSED"
"AaDkvteNBiDDEjYcNvuD","MAJOR","OPEN","go:S107","services/identity/backend/internal/actor/service.go","820","This function has 8 parameters, which is greater than the 7 authorized.","2026-09-07T12:16:19+0000","ADAPTABLE","FOCUSED"
"AaDkvteNBiDDEjYcNvuE","MAJOR","OPEN","go:S107","services/identity/backend/internal/actor/service.go","907","This function has 8 parameters, which is greater than the 7 authorized.","2026-09-07T12:16:19+0000","ADAPTABLE","FOCUSED"
"AaDkvteVBiDDEjYcNvuF","CRITICAL","OPEN","go:S1192","services/identity/backend/internal/challenge/service.go","300","Define a constant instead of duplicating this literal ""SELECT pg_advisory_xact_lock(hashtextextended($1,0))"" 4 times.","2026-09-07T12:16:19+0000","ADAPTABLE","DISTINCT"
"AaDkvteVBiDDEjYcNvuG","MAJOR","OPEN","go:S107","services/identity/backend/internal/challenge/service.go","432","This function has 8 parameters, which is greater than the 7 authorized.","2026-09-07T12:16:19+0000","ADAPTABLE","FOCUSED"
"AaDkvteVBiDDEjYcNvuH","MAJOR","OPEN","go:S107","services/identity/backend/internal/challenge/service.go","622","This function has 8 parameters, which is greater than the 7 authorized.","2026-09-07T12:16:19+0000","ADAPTABLE","FOCUSED"
"AaDkvtduBiDDEjYcNvtz","MINOR","OPEN","godre:S8184","services/identity/backend/internal/runtime/server.go","30","Add a comment explaining why this blank import is needed.","2026-09-07T12:16:19+0000","INTENTIONAL","CLEAR"
"AaDkvtdfBiDDEjYcNvtu","MAJOR","OPEN","go:S107","services/identity/backend/internal/session/service.go","516","This function has 8 parameters, which is greater than the 7 authorized.","2026-09-07T12:16:19+0000","ADAPTABLE","FOCUSED"
"AaDkvtbNBiDDEjYcNvtc","CRITICAL","OPEN","go:S3776","services/identity/backend/internal/storage/postgres/schema.go","137","Refactor this method to reduce its Cognitive Complexity from 17 to the 15 allowed.","2026-09-07T12:16:19+0000","ADAPTABLE","FOCUSED"
"AaDkvtfYBiDDEjYcNvuu","MAJOR","OPEN","typescript:S3696","services/identity/clients/client.ts","149","Expected an error object to be thrown.","2026-09-07T12:16:19+0000","CONSISTENT","CONVENTIONAL"
"AaDkvtfYBiDDEjYcNvuv","MAJOR","OPEN","typescript:S3696","services/identity/clients/client.ts","153","Expected an error object to be thrown.","2026-09-07T12:16:19+0000","CONSISTENT","CONVENTIONAL"
"AaDkvtfYBiDDEjYcNvuw","MINOR","OPEN","typescript:S6353","services/identity/clients/client.ts","189","Use concise character class syntax '\w' instead of '[a-zA-Z0-9_]'.","2026-09-07T12:16:19+0000","INTENTIONAL","CLEAR"
"AaDkvtfYBiDDEjYcNvuz","MAJOR","OPEN","typescript:S3696","services/identity/clients/client.ts","261","Expected an error object to be thrown.","2026-09-07T12:16:19+0000","CONSISTENT","CONVENTIONAL"
"AaDkvtfYBiDDEjYcNvu0","MAJOR","OPEN","typescript:S3696","services/identity/clients/client.ts","265","Expected an error object to be thrown.","2026-09-07T12:16:19+0000","CONSISTENT","CONVENTIONAL"
"AaDkvtfZBiDDEjYcNvu3","MAJOR","OPEN","typescript:S3696","services/identity/clients/client.ts","354","Expected an error object to be thrown.","2026-09-07T12:16:19+0000","CONSISTENT","CONVENTIONAL"
"AaDkvtfZBiDDEjYcNvu4","MAJOR","OPEN","typescript:S3696","services/identity/clients/client.ts","358","Expected an error object to be thrown.","2026-09-07T12:16:19+0000","CONSISTENT","CONVENTIONAL"
"AaDkvtfZBiDDEjYcNvu7","MAJOR","OPEN","typescript:S3696","services/identity/clients/client.ts","411","Expected an error object to be thrown.","2026-09-07T12:16:19+0000","CONSISTENT","CONVENTIONAL"
"AaDkvtfZBiDDEjYcNvu8","MAJOR","OPEN","typescript:S3696","services/identity/clients/client.ts","415","Expected an error object to be thrown.","2026-09-07T12:16:19+0000","CONSISTENT","CONVENTIONAL"
"AaDkvtfZBiDDEjYcNvu9","MAJOR","OPEN","typescript:S3696","services/identity/clients/client.ts","440","Expected an error object to be thrown.","2026-09-07T12:16:19+0000","CONSISTENT","CONVENTIONAL"
"AaDkvtfZBiDDEjYcNvu-","MAJOR","OPEN","typescript:S3696","services/identity/clients/client.ts","444","Expected an error object to be thrown.","2026-09-07T12:16:19+0000","CONSISTENT","CONVENTIONAL"
"AaDkvtffBiDDEjYcNvvB","MAJOR","OPEN","go:S107","services/identity/clients/go/client.go","180","This function has 8 parameters, which is greater than the 7 authorized.","2026-09-07T12:16:19+0000","ADAPTABLE","FOCUSED"
"AaDkvtffBiDDEjYcNvvD","MAJOR","OPEN","go:S107","services/identity/clients/go/client.go","217","This function has 9 parameters, which is greater than the 7 authorized.","2026-09-07T12:16:19+0000","ADAPTABLE","FOCUSED"
"AaDkvtfxBiDDEjYcNvvL","MINOR","OPEN","typescript:S6759","services/identity/clients/presentation/ManagedIdentityFlow.tsx","57","Mark the props of the component as read-only.","2026-09-07T12:16:19+0000","CONSISTENT","CONVENTIONAL"
"AaDkvtfnBiDDEjYcNvvH","MAJOR","OPEN","typescript:S107","services/identity/clients/session.ts","176","Constructor has too many parameters (8). Maximum allowed is 7.","2026-09-07T12:16:19+0000","ADAPTABLE","FOCUSED"
"AaDkvtf_BiDDEjYcNvvU","CRITICAL","OPEN","javascript:S4790","services/identity/tools/generate-types.mjs","26","Make sure this weak hash algorithm is not used in a sensitive context here.","2026-09-07T12:16:19+0000","RESPONSIBLE","TRUSTWORTHY"
"AaDkvtf_BiDDEjYcNvvY","MINOR","OPEN","javascript:S7753","services/identity/tools/generate-types.mjs","134","Use `.indexOf()` instead of `.findIndex()` when looking for the index of an item.","2026-09-07T12:16:19+0000","INTENTIONAL","EFFICIENT"
"AaDkvtf_BiDDEjYcNvvZ","MINOR","OPEN","javascript:S6353","services/identity/tools/generate-types.mjs","140","Use concise character class syntax '\w' instead of '[A-Za-z0-9_]'.","2026-09-07T12:16:19+0000","INTENTIONAL","CLEAR"
"AaDkvtf_BiDDEjYcNvva","MINOR","OPEN","javascript:S6353","services/identity/tools/generate-types.mjs","156","Use concise character class syntax '\d' instead of '[0-9]'.","2026-09-07T12:16:19+0000","INTENTIONAL","CLEAR"
"AaDkvtf_BiDDEjYcNvvb","MINOR","OPEN","javascript:S6353","services/identity/tools/generate-types.mjs","156","Use concise character class syntax '\d' instead of '[0-9]'.","2026-09-07T12:16:19+0000","INTENTIONAL","CLEAR"
"AaDkvtf_BiDDEjYcNvvc","MINOR","OPEN","javascript:S6353","services/identity/tools/generate-types.mjs","174","Use concise character class syntax '\w' instead of '[A-Za-z0-9_]'.","2026-09-07T12:16:19+0000","INTENTIONAL","CLEAR"
"AaDkvtf_BiDDEjYcNvve","MINOR","OPEN","javascript:S7753","services/identity/tools/generate-types.mjs","200","Use `.indexOf()` instead of `.findIndex()` when looking for the index of an item.","2026-09-07T12:16:19+0000","INTENTIONAL","EFFICIENT"
"AaDkvtf_BiDDEjYcNvvf","MINOR","OPEN","javascript:S7753","services/identity/tools/generate-types.mjs","212","Use `.indexOf()` instead of `.findIndex()` when looking for the index of an item.","2026-09-07T12:16:19+0000","INTENTIONAL","EFFICIENT"
"AaDkvtf_BiDDEjYcNvvg","MINOR","OPEN","javascript:S7753","services/identity/tools/generate-types.mjs","236","Use `.indexOf()` instead of `.findIndex()` when looking for the index of an item.","2026-09-07T12:16:19+0000","INTENTIONAL","EFFICIENT"
"AaDkvtf_BiDDEjYcNvvh","MINOR","OPEN","javascript:S6353","services/identity/tools/generate-types.mjs","243","Use concise character class syntax '\w' instead of '[A-Za-z0-9_]'.","2026-09-07T12:16:19+0000","INTENTIONAL","CLEAR"
"AaDkvtf_BiDDEjYcNvvj","MINOR","OPEN","javascript:S7753","services/identity/tools/generate-types.mjs","316","Use `.indexOf()` instead of `.findIndex()` when looking for the index of an item.","2026-09-07T12:16:19+0000","INTENTIONAL","EFFICIENT"
"AaDkvtf_BiDDEjYcNvvk","MINOR","OPEN","javascript:S7753","services/identity/tools/generate-types.mjs","339","Use `.indexOf()` instead of `.findIndex()` when looking for the index of an item.","2026-09-07T12:16:19+0000","INTENTIONAL","EFFICIENT"
"AaDkvtf_BiDDEjYcNvvl","MINOR","OPEN","javascript:S6353","services/identity/tools/generate-types.mjs","345","Use concise character class syntax '\w' instead of '[A-Za-z0-9_]'.","2026-09-07T12:16:19+0000","INTENTIONAL","CLEAR"
"AaDkvtf_BiDDEjYcNvvm","MINOR","OPEN","javascript:S4036","services/identity/tools/generate-types.mjs","389","Make sure the ""PATH"" variable only contains fixed, unwriteable directories.","2026-09-07T12:16:19+0000","INTENTIONAL","COMPLETE"
"AaDobutaXR70GwIMNYG_","MINOR","OPEN","javascript:S6594","services/identity/tools/generate-types.mjs","407","Use the ""RegExp.exec()"" method instead.","2026-09-07T12:16:19+0000","INTENTIONAL","EFFICIENT"
"AaDkvtf_BiDDEjYcNvvo","CRITICAL","OPEN","javascript:S2871","services/identity/tools/generate-types.mjs","470","Provide a compare function to avoid sorting elements alphabetically.","2026-09-07T12:16:19+0000","INTENTIONAL","CLEAR"
"AaDkvuBCBiDDEjYcNwBS","MINOR","OPEN","javascript:S1128","tools/dev/ts-resolver.mjs","1","Remove this unused import of 'fs'.","2026-09-07T12:16:19+0000","INTENTIONAL","CLEAR"
"AaDkvuAKBiDDEjYcNwA3","MINOR","OPEN","javascript:S7780","tools/dev/verify-doc-command-parity.mjs","61","`String.raw` should be used to avoid escaping `\`.","2026-09-07T12:16:19+0000","INTENTIONAL","CLEAR"
"AaDkvuAKBiDDEjYcNwA4","MINOR","OPEN","javascript:S7780","tools/dev/verify-doc-command-parity.mjs","61","`String.raw` should be used to avoid escaping `\`.","2026-09-07T12:16:19+0000","INTENTIONAL","CLEAR"
"AaDobyaWXR70GwIMNYL_","MINOR","OPEN","javascript:S6594","tools/dev/verify-doc-config-parity.mjs","18","Use the ""RegExp.exec()"" method instead.","2026-09-07T12:16:19+0000","INTENTIONAL","EFFICIENT"
"AaDkvuA9BiDDEjYcNwBQ","MINOR","OPEN","javascript:S7781","tools/dev/verify-doc-config-parity.mjs","39","Prefer `String#replaceAll()` over `String#replace()`.","2026-09-07T12:16:19+0000","INTENTIONAL","CLEAR"
"AaDobyaWXR70GwIMNYMA","MINOR","OPEN","javascript:S6594","tools/dev/verify-doc-config-parity.mjs","41","Use the ""RegExp.exec()"" method instead.","2026-09-07T12:16:19+0000","INTENTIONAL","EFFICIENT"
"AaDkvuAdBiDDEjYcNwBF","MINOR","OPEN","javascript:S4036","tools/dev/verify-donor-residue.mjs","6","Make sure the ""PATH"" variable only contains fixed, unwriteable directories.","2026-09-07T12:16:19+0000","INTENTIONAL","COMPLETE"
"AaDkvuCEBiDDEjYcNwCM","MAJOR","OPEN","javascript:S8786","tools/dev/verify-knowledge-references.mjs","35","Simplify this regular expression to reduce its runtime, as it has super-linear performance due to backtracking.","2026-09-07T12:16:19+0000","INTENTIONAL","EFFICIENT"
"AaDkvuCEBiDDEjYcNwCN","MINOR","OPEN","javascript:S6582","tools/dev/verify-knowledge-references.mjs","52","Prefer using an optional chain expression instead, as it's more concise and easier to read.","2026-09-07T12:16:19+0000","INTENTIONAL","CLEAR"
"AaDkvuB4BiDDEjYcNwCF","MINOR","OPEN","javascript:S4036","tools/dev/verify-removed-human-domain-residue.mjs","7","Make sure the ""PATH"" variable only contains fixed, unwriteable directories.","2026-09-07T12:16:19+0000","INTENTIONAL","COMPLETE"
"AaDkvuB4BiDDEjYcNwCG","MINOR","OPEN","javascript:S7780","tools/dev/verify-removed-human-domain-residue.mjs","23","`String.raw` should be used to avoid escaping `\`.","2026-09-07T12:16:19+0000","INTENTIONAL","CLEAR"
"AaDkvuB4BiDDEjYcNwCH","MINOR","OPEN","javascript:S7780","tools/dev/verify-removed-human-domain-residue.mjs","29","`String.raw` should be used to avoid escaping `\`.","2026-09-07T12:16:19+0000","INTENTIONAL","CLEAR"
"AaDkvuB4BiDDEjYcNwCI","MINOR","OPEN","javascript:S7780","tools/dev/verify-removed-human-domain-residue.mjs","33","`String.raw` should be used to avoid escaping `\`.","2026-09-07T12:16:19+0000","INTENTIONAL","CLEAR"
"AaDkvuB4BiDDEjYcNwCJ","MINOR","OPEN","javascript:S7780","tools/dev/verify-removed-human-domain-residue.mjs","33","`String.raw` should be used to avoid escaping `\`.","2026-09-07T12:16:19+0000","INTENTIONAL","CLEAR"
"AaDkvuB4BiDDEjYcNwCK","CRITICAL","OPEN","javascript:S2871","tools/dev/verify-removed-human-domain-residue.mjs","91","Provide a compare function that depends on ""String.localeCompare"", to reliably sort elements alphabetically.","2026-09-07T12:16:19+0000","INTENTIONAL","CLEAR"
"AaDkvuBfBiDDEjYcNwB0","MINOR","OPEN","javascript:S4036","tools/dev/verify-structural-hygiene.mjs","6","Make sure the ""PATH"" variable only contains fixed, unwriteable directories.","2026-09-07T12:16:19+0000","INTENTIONAL","COMPLETE"
"AaDobyeUXR70GwIMNYMm","MINOR","OPEN","javascript:S6594","tools/dev/verify-structural-hygiene.mjs","13","Use the ""RegExp.exec()"" method instead.","2026-09-07T12:16:19+0000","INTENTIONAL","EFFICIENT"
"AaDkvuAXBiDDEjYcNwBD","CRITICAL","OPEN","javascript:S2871","tools/dev/verify-theme-authority.mjs","93","Provide a compare function that depends on ""String.localeCompare"", to reliably sort elements alphabetically.","2026-09-07T12:16:19+0000","INTENTIONAL","CLEAR"
"AaDkvuAXBiDDEjYcNwBE","CRITICAL","OPEN","javascript:S2871","tools/dev/verify-theme-authority.mjs","94","Provide a compare function that depends on ""String.localeCompare"", to reliably sort elements alphabetically.","2026-09-07T12:16:19+0000","INTENTIONAL","CLEAR"
"AaDkvuDXBiDDEjYcNwDS","MINOR","OPEN","javascript:S7772","tools/mobile/define-samrim-expo-app.cjs","3","Prefer `node:fs` over `fs`.","2026-09-07T12:16:19+0000","CONSISTENT","CONVENTIONAL"
"AaDkvuDXBiDDEjYcNwDT","MINOR","OPEN","javascript:S7772","tools/mobile/define-samrim-expo-app.cjs","4","Prefer `node:path` over `path`.","2026-09-07T12:16:19+0000","CONSISTENT","CONVENTIONAL"
"AaDobytIXR70GwIMNYM9","MINOR","OPEN","javascript:S6594","tools/mobile/define-samrim-expo-app.cjs","65","Use the ""RegExp.exec()"" method instead.","2026-09-07T12:16:19+0000","INTENTIONAL","EFFICIENT"
"AaDkvuDXBiDDEjYcNwDW","MAJOR","OPEN","javascript:S8786","tools/mobile/define-samrim-expo-app.cjs","66","Simplify this regular expression to reduce its runtime, as it has super-linear performance due to backtracking.","2026-09-07T12:16:19+0000","INTENTIONAL","EFFICIENT"
"AaDobytIXR70GwIMNYM-","MINOR","OPEN","javascript:S6594","tools/mobile/define-samrim-expo-app.cjs","66","Use the ""RegExp.exec()"" method instead.","2026-09-07T12:16:19+0000","INTENTIONAL","EFFICIENT"
"AaDkvuDXBiDDEjYcNwDX","MAJOR","OPEN","javascript:S7721","tools/mobile/define-samrim-expo-app.cjs","68","Move function 'readSurface' to the outer scope.","2026-09-07T12:16:19+0000","INTENTIONAL","EFFICIENT"
"AaDkvuDXBiDDEjYcNwDY","MAJOR","OPEN","javascript:S8786","tools/mobile/define-samrim-expo-app.cjs","69","Simplify this regular expression to reduce its runtime, as it has super-linear performance due to backtracking.","2026-09-07T12:16:19+0000","INTENTIONAL","EFFICIENT"
"AaDobyqNXR70GwIMNYM7","CRITICAL","OPEN","javascript:S2871","tools/mobile/verify-mobile-config.mjs","52","Provide a compare function that depends on ""String.localeCompare"", to reliably sort elements alphabetically.","2026-09-07T12:16:19+0000","INTENTIONAL","CLEAR"
